episode,score,steps,total_steps,exploration,mean_loss,elapsed_seconds,terminated,truncated
1,130.0,385,385,1.0,nan,0.20378883300872985,True,False
2,490.0,722,1107,0.1,0.023959555426026107,1.8844697500026086,True,False
3,270.0,454,1561,0.1,0.024826985257708368,4.539396916996338,True,False
4,1050.0,720,2281,0.1,0.02819583155813032,8.106701583004906,True,False
5,490.0,621,2902,0.1,0.029303625350885633,11.203532708008424,True,False
6,1480.0,650,3552,0.1,0.027996854108213332,14.504004582995549,True,False
7,330.0,364,3916,0.1,0.0313591841073543,16.272206124995137,True,False
8,320.0,361,4277,0.1,0.03049002566711149,18.338206291999086,True,False
9,750.0,675,4952,0.1,0.03284105110414789,21.607365625008242,True,False
10,1230.0,668,5620,0.1,0.03409320335210619,24.881990833004238,True,False
11,750.0,763,6383,0.1,0.035496080137397114,28.690174167000805,True,False
12,630.0,635,7018,0.1,0.03485165801010557,31.892472374995123,True,False
13,380.0,444,7462,0.1,0.035039360371737126,34.86559933300305,True,False
14,280.0,324,7786,0.1,0.03515010543547019,36.61715137500141,True,False
15,380.0,472,8258,0.1,0.035740904299881686,39.171752207999816,True,False
16,680.0,637,8895,0.1,0.038106181160195395,42.28913633299817,True,False
17,1260.0,1174,10069,0.1,0.037657775943877085,48.13387387500552,True,False
18,630.0,592,10661,0.1,0.03889154744447788,51.19700916700822,True,False
19,810.0,729,11390,0.1,0.040571050239972525,55.842752166994615,True,False
20,460.0,573,11963,0.1,0.04055902485611972,58.903381124997395,True,False
21,390.0,453,12416,0.1,0.04034584469831826,61.14355925000564,True,False
22,470.0,501,12917,0.1,0.0379079826772213,63.65105400000175,True,False
23,480.0,475,13392,0.1,0.04169857382242169,65.84750266700576,True,False
24,470.0,466,13858,0.1,0.041667468259753336,68.09492600000522,True,False
25,770.0,602,14460,0.1,0.042908439307862166,71.08736841700738,True,False
26,720.0,643,15103,0.1,0.04228105708316434,75.99581179200322,True,False
27,760.0,566,15669,0.1,0.04361055304073322,79.1372766669956,True,False
28,440.0,674,16343,0.1,0.04460207875845732,82.3932119999954,True,False
29,910.0,670,17013,0.1,0.045076548163446466,85.66963516699616,True,False
30,750.0,747,17760,0.1,0.0457705460976869,89.38666879199445,True,False
31,1340.0,818,18578,0.1,0.04197256620882042,93.4669767919986,True,False
32,590.0,475,19053,0.1,0.04495581308724124,95.70422349999717,True,False
33,540.0,550,19603,0.1,0.0474346963736317,98.52363808300288,True,False
34,180.0,327,19930,0.1,0.05164157071082694,100.11695550000877,True,False
35,740.0,580,20510,0.1,0.05013899585424826,102.97468749999825,True,False
36,610.0,529,21039,0.1,0.04599989698423693,105.5222786670056,True,False
37,280.0,436,21475,0.1,0.04766716404365153,107.8163523330004,True,False
38,550.0,442,21917,0.1,0.050503033162975636,109.9804465000052,True,False
39,820.0,884,22801,0.1,0.05027950922558211,114.56413733299996,True,False
40,800.0,615,23416,0.1,0.04931441223393981,117.48153066700615,True,False
41,430.0,432,23848,0.1,0.056179422712712375,119.51301799999783,True,False
42,390.0,424,24272,0.1,0.0479723881525954,121.51318741700379,True,False
43,820.0,678,24950,0.1,0.05528657820858282,124.91109858300479,True,False
44,450.0,564,25514,0.1,0.05258840232664812,127.8210875000077,True,False
45,450.0,383,25897,0.1,0.05430039148874736,129.6073679580004,True,False
46,900.0,784,26681,0.1,0.05902264918181665,133.94156387500698,True,False
47,1070.0,617,27298,0.1,0.05735101102694095,137.024368917002,True,False
48,620.0,503,27801,0.1,0.05593208048403973,139.55223095799738,True,False
49,1450.0,730,28531,0.1,0.052467795963921066,143.21444033300213,True,False
50,580.0,535,29066,0.1,0.06144188313897866,145.85519474999455,True,False
51,600.0,579,29645,0.1,0.05500275110504751,150.488599874996,True,False
52,270.0,396,30041,0.1,0.04839494920363932,152.92518612500862,True,False
53,1380.0,886,30927,0.1,0.059082435100545845,157.2258599170018,True,False
54,490.0,533,31460,0.1,0.058389711694152496,159.78181291700457,True,False
55,550.0,608,32068,0.1,0.05498590624866713,162.8213660420006,True,False
56,860.0,622,32690,0.1,0.06641102413376493,165.83313374999852,True,False
57,370.0,431,33121,0.1,0.062035811263033085,168.23304254200775,True,False
58,730.0,673,33794,0.1,0.05762255681301689,171.44870599999558,True,False
59,420.0,372,34166,0.1,0.06328030285095015,173.3138226250012,True,False
60,870.0,603,34769,0.1,0.059418242159515425,176.2990339579992,True,False
61,160.0,273,35042,0.1,0.06424879767548512,177.80837470799452,True,False
62,730.0,578,35620,0.1,0.06505665269134374,180.60402645800787,True,False
63,800.0,834,36454,0.1,0.06942859268299519,184.87269712499983,True,False
64,580.0,565,37019,0.1,0.06654593384831298,187.53472295800748,True,False
65,440.0,493,37512,0.1,0.0663694903074253,189.82057300000452,True,False
66,340.0,432,37944,0.1,0.07017784310435807,192.04144291700504,True,False
67,350.0,406,38350,0.1,0.06718138922559153,194.02327879199584,True,False
68,430.0,460,38810,0.1,0.06689327023113552,196.22315629200602,True,False
69,1390.0,691,39501,0.1,0.06883958558621951,199.90615741700458,True,False
70,1040.0,605,40106,0.1,0.07043048910895325,202.84331658300653,True,False
71,480.0,377,40483,0.1,0.05625045538305285,204.68996337499993,True,False
72,1240.0,833,41316,0.1,0.06022334023953625,208.84105412500503,True,False
73,360.0,406,41722,0.1,0.06563118160102922,210.91192325000884,True,False
74,1490.0,739,42461,0.1,0.06692349150575497,214.5416336250055,True,False
75,780.0,712,43173,0.1,0.07547320593724006,217.98411229200428,True,False
76,2090.0,759,43932,0.1,0.06553648460264269,222.46373483299976,True,False
77,4060.0,1043,44975,0.1,0.0637700452361829,227.36473270799615,True,False
78,500.0,521,45496,0.1,0.07049050819100315,230.20801149999897,True,False
79,870.0,751,46247,0.1,0.06201534571355199,233.68986770800257,True,False
80,600.0,488,46735,0.1,0.07116424380877956,235.90056616700895,True,False
81,390.0,360,47095,0.1,0.06762242501394616,237.61572237500513,True,False
82,840.0,681,47776,0.1,0.07110623404797581,240.8459837919945,True,False
83,910.0,690,48466,0.1,0.07414179666206068,244.22206337499665,True,False
84,610.0,437,48903,0.1,0.08766305514978706,246.21588929199788,True,False
85,600.0,488,49391,0.1,0.06964903257665087,248.60695883299923,True,False
86,800.0,897,50288,0.1,0.07520060088899401,252.9654610830039,True,False
87,350.0,370,50658,0.1,0.07811068224153765,254.63220504199853,True,False
88,1060.0,863,51521,0.1,0.0674781008080269,258.81439708299877,True,False
89,690.0,611,52132,0.1,0.07440810693500965,261.54640195799584,True,False
90,390.0,373,52505,0.1,0.08301365908275368,263.39179041700845,True,False
91,720.0,596,53101,0.1,0.07577267273535464,266.06401087500853,True,False
92,600.0,597,53698,0.1,0.07958772174713996,268.829225124995,True,False
93,450.0,404,54102,0.1,0.08432505795234206,270.7440533330082,True,False
94,560.0,471,54573,0.1,0.07054522461494651,273.53132658300456,True,False
95,400.0,476,55049,0.1,0.08199488192389742,275.868790833003,True,False
96,490.0,483,55532,0.1,0.08066519615355848,278.3073521250044,True,False
97,1540.0,789,56321,0.1,0.0900882632013051,281.70325600000797,True,False
98,840.0,850,57171,0.1,0.08508531129391829,285.6227341250051,True,False
99,2430.0,1009,58180,0.1,0.08636828354769663,290.22320037499594,True,False
100,450.0,473,58653,0.1,0.07224074976866023,292.3480491250084,True,False
101,850.0,657,59310,0.1,0.08296091398564963,296.70873475000553,True,False
102,960.0,833,60143,0.1,0.08287414932587686,300.6498021669977,True,False
103,560.0,576,60719,0.1,0.07562612057922201,303.45565579200047,True,False
104,710.0,502,61221,0.1,0.07645799889273587,305.6380852500006,True,False
105,760.0,584,61805,0.1,0.07782089421270441,308.4421884170006,True,False
106,330.0,337,62142,0.1,0.06658380759126019,310.0557070000068,True,False
107,270.0,329,62471,0.1,0.07253586394121735,312.47025500000746,True,False
108,490.0,458,62929,0.1,0.08798216098676558,314.74780587499845,True,False
109,570.0,673,63602,0.1,0.09093051838378112,320.4350415000081,True,False
110,450.0,376,63978,0.1,0.09577167833699508,323.52950483300083,True,False
111,1160.0,1041,65019,0.1,0.08156040872160632,331.82538091699826,True,False
112,1150.0,920,65939,0.1,0.08534791097044944,339.47556212500785,True,False
113,670.0,673,66612,0.1,0.09263867219722659,345.13462654199975,True,False
114,520.0,521,67133,0.1,0.07804627750928585,349.5778405000019,True,False
115,600.0,618,67751,0.1,0.08843775449756097,354.6431763750006,True,False
116,460.0,429,68180,0.1,0.09556464430082727,358.2613598330063,True,False
117,1310.0,653,68833,0.1,0.08229855933666595,364.0649921250006,True,False
118,430.0,393,69226,0.1,0.08403327312244445,367.09673445799854,True,False
119,740.0,537,69763,0.1,0.09031925207254157,371.62705895799445,True,False
120,230.0,330,70093,0.1,0.07916935885616813,374.387288583006,True,False
121,400.0,438,70531,0.1,0.09053950119387666,378.1610719169985,True,False
122,1380.0,935,71466,0.1,0.0914739349252011,386.0287910420011,True,False
123,1770.0,1226,72692,0.1,0.09010094526475629,396.11839787500503,True,False
124,510.0,494,73186,0.1,0.08513106629858172,400.18315245800477,True,False
125,790.0,647,73833,0.1,0.0856986639354332,405.5954083329998,True,False
126,1740.0,1097,74930,0.1,0.09222620380294584,413.93623637499695,True,False
127,1100.0,743,75673,0.1,0.0828416262032284,417.686355458005,True,False
128,410.0,407,76080,0.1,0.0893968259550485,419.7194062500057,True,False
129,1370.0,900,76980,0.1,0.08653036770721277,424.8213815000054,True,False
130,460.0,521,77501,0.1,0.09140908004572758,427.42639529200096,True,False
131,1010.0,754,78255,0.1,0.0921849059436391,431.4640968330059,True,False
132,670.0,594,78849,0.1,0.0995526812633112,434.4953637080034,True,False
133,390.0,488,79337,0.1,0.08526179617362432,436.88322312499804,True,False
134,500.0,623,79960,0.1,0.09214717658379903,440.20156800000404,True,False
135,380.0,403,80363,0.1,0.09264132257550955,442.18792183299956,True,False
136,620.0,524,80887,0.1,0.0925601332213815,444.9499583750003,True,False
137,1100.0,836,81723,0.1,0.09293466008771835,449.1596320420067,True,False
138,710.0,512,82235,0.1,0.08754837104061153,451.7257889169996,True,False
139,670.0,546,82781,0.1,0.08897541486488207,454.7776346669998,True,False
140,790.0,720,83501,0.1,0.09745410515719818,458.4617615419993,True,False
141,490.0,511,84012,0.1,0.0886220451357076,460.8850072500063,True,False
142,410.0,488,84500,0.1,0.073488442937187,463.3824380830047,True,False
143,680.0,934,85434,0.1,0.088817418245159,468.1401296670083,True,False
144,1000.0,855,86289,0.1,0.09912850067593923,472.4597184580052,True,False
145,560.0,590,86879,0.1,0.09370513181803988,475.3880397500034,True,False
146,550.0,481,87360,0.1,0.0796413463809766,477.848747875003,True,False
147,700.0,571,87931,0.1,0.0912801292396977,480.58226195799944,True,False
148,920.0,761,88692,0.1,0.09114429250320527,484.6904126669979,True,False
149,320.0,437,89129,0.1,0.08954436509707651,486.84376833299757,True,False
150,510.0,465,89594,0.1,0.093320251105289,489.2480537079973,True,False
151,2320.0,930,90524,0.1,0.08526663285532222,495.96873074999894,True,False
152,310.0,409,90933,0.1,0.09142875043200512,498.28635637499974,True,False
153,330.0,419,91352,0.1,0.0889231583192235,500.49510333299986,True,False
154,390.0,482,91834,0.1,0.10386425702211757,503.07935645799444,True,False
155,580.0,516,92350,0.1,0.08898586233312539,505.61763483300456,True,False
156,1100.0,812,93162,0.1,0.09204980740186029,509.5979757919995,True,False
157,750.0,635,93797,0.1,0.09450881237035277,512.7618619169953,True,False
158,1080.0,694,94491,0.1,0.08519770169490679,516.3282240420085,True,False
159,300.0,357,94848,0.1,0.09549199036426015,518.4939615830081,True,False
160,2080.0,739,95587,0.1,0.09554247746406042,521.519213874999,True,False
161,720.0,581,96168,0.1,0.10389079394660992,523.7485642079992,True,False
162,1080.0,869,97037,0.1,0.10587081664203224,526.9547778330016,True,False
163,790.0,557,97594,0.1,0.1141042568915182,528.983534250001,True,False
164,1010.0,649,98243,0.1,0.09613124465707827,531.3763066670072,True,False
165,780.0,644,98887,0.1,0.0926880860782188,533.7951113330055,True,False
166,850.0,754,99641,0.1,0.09144332146557865,536.5360528750025,True,False
167,300.0,366,100007,0.1,0.10074382846417664,537.8580077920051,True,False
168,990.0,597,100604,0.1,0.09929124387602012,539.9968788749975,True,False
169,500.0,571,101175,0.1,0.08970281393857489,542.0980300829979,True,False
170,1320.0,699,101874,0.1,0.08558343208794082,544.6682296250074,True,False
171,1170.0,721,102595,0.1,0.09629096433313357,547.4623359999969,True,False
172,650.0,517,103112,0.1,0.09492679241185005,549.397107124998,True,False
173,1540.0,877,103989,0.1,0.08664011359469939,552.672400083,True,False
174,450.0,557,104546,0.1,0.10413651883253734,554.708183374998,True,False
175,920.0,963,105509,0.1,0.10147678134846984,558.1717194999947,True,False
176,520.0,474,105983,0.1,0.10365321880238036,561.1062927500025,True,False
177,1690.0,1045,107028,0.1,0.10021864974387844,564.8695489999955,True,False
178,940.0,734,107762,0.1,0.09790218479503862,567.5235333330056,True,False
179,770.0,609,108371,0.1,0.08838599560610753,569.7476677499944,True,False
180,930.0,880,109251,0.1,0.0902599389072169,572.9640475829947,True,False
181,210.0,298,109549,0.1,0.08452775485813618,574.0626215000084,True,False
182,330.0,498,110047,0.1,0.10280407615937293,575.866812207998,True,False
183,680.0,597,110644,0.1,0.09772882727906108,578.2182059170009,True,False
184,370.0,510,111154,0.1,0.11196469073367166,580.067401458,True,False
185,380.0,428,111582,0.1,0.09518712370821805,581.6349064170063,True,False
186,830.0,792,112374,0.1,0.09801434084415586,584.4668034579954,True,False
187,640.0,591,112965,0.1,0.10899308585637324,586.6628143749986,True,False
188,1040.0,862,113827,0.1,0.09514401713602764,589.8045446250035,True,False
189,470.0,413,114240,0.1,0.09348424692423297,591.3383294999949,True,False
190,1680.0,777,115017,0.1,0.09366059004684392,594.1685586249951,True,False
191,1930.0,1038,116055,0.1,0.09763553987426186,597.9010866669996,True,False
192,1740.0,1063,117118,0.1,0.1045441476425114,601.8029951670032,True,False
193,450.0,454,117572,0.1,0.09763302340319283,603.4610454579961,True,False
194,850.0,672,118244,0.1,0.09506789395319563,605.9053328330046,True,False
195,1300.0,773,119017,0.1,0.09139157626102316,608.9115011670074,True,False
196,820.0,605,119622,0.1,0.10415242697476157,611.384325542007,True,False
197,310.0,322,119944,0.1,0.08906011287996798,612.567729375005,True,False
198,950.0,590,120534,0.1,0.10181356311401948,614.730229791996,True,False
199,460.0,449,120983,0.1,0.09461119715290676,616.3675076670042,True,False
200,760.0,622,121605,0.1,0.10327868988641943,618.6290212080057,True,False
201,690.0,587,122192,0.1,0.10534986710416622,621.6426700419979,True,False
202,790.0,864,123056,0.1,0.10294749668833834,624.7601498750009,True,False
203,760.0,682,123738,0.1,0.09836120847064783,627.2639175420045,True,False
204,800.0,817,124555,0.1,0.10218652285288508,630.2395826669963,True,False
205,560.0,548,125103,0.1,0.10381250182696938,632.2550575829955,True,False
206,280.0,398,125501,0.1,0.10735922791063786,633.8572995419963,True,False
207,1280.0,1056,126557,0.1,0.11044043020317049,637.6607599169947,True,False
208,310.0,521,127078,0.1,0.09490638664708688,639.6338079999987,True,False
209,380.0,387,127465,0.1,0.08714202672396738,641.0492828749993,True,False
210,410.0,433,127898,0.1,0.08680127224781448,642.6133494170062,True,False
211,920.0,666,128564,0.1,0.1076615140466633,645.0271509580052,True,False
212,360.0,389,128953,0.1,0.09737062573279302,646.4465605419973,True,False
213,510.0,472,129425,0.1,0.10402580715273901,648.1348239579966,True,False
214,740.0,546,129971,0.1,0.09613525653121006,650.2452266670007,True,False
215,1090.0,755,130726,0.1,0.11372496830742984,653.0393174579949,True,False
216,610.0,590,131316,0.1,0.11094247087886608,655.202628375002,True,False
217,870.0,619,131935,0.1,0.10013177224084155,657.4187645829952,True,False
218,360.0,344,132279,0.1,0.09267500102476672,658.6724196249997,True,False
219,500.0,424,132703,0.1,0.0969977547713327,660.242282207997,True,False
220,740.0,605,133308,0.1,0.09027066520464264,662.493909708006,True,False
221,920.0,850,134158,0.1,0.09275115391169235,665.6452490829979,True,False
222,810.0,707,134865,0.1,0.09563900235682557,668.2868130419956,True,False
223,530.0,500,135365,0.1,0.09827701570093632,670.3915519169968,True,False
224,630.0,516,135881,0.1,0.09145411489488081,672.3614723329956,True,False
225,440.0,498,136379,0.1,0.09274230783264484,674.3668790420052,True,False
226,940.0,805,137184,0.1,0.11897673657495934,678.3354730830033,True,False
227,1050.0,832,138016,0.1,0.10437986851096727,681.3889783750055,True,False
228,840.0,631,138647,0.1,0.09509311729128574,683.7419552920037,True,False
229,410.0,548,139195,0.1,0.10564487447866994,685.7494530830008,True,False
230,420.0,390,139585,0.1,0.09928193232234643,687.1849517079972,True,False
231,620.0,529,140114,0.1,0.11745893739333207,689.1527142499981,True,False
232,450.0,407,140521,0.1,0.09456764924906048,690.6337086249987,True,False
233,1210.0,927,141448,0.1,0.1001267027679895,694.0232387080032,True,False
234,1000.0,890,142338,0.1,0.1083167648983297,697.2437682080053,True,False
235,450.0,457,142795,0.1,0.08286343142390251,698.9136050829984,True,False
236,620.0,565,143360,0.1,0.11331873772744562,701.123602874999,True,False
237,1270.0,891,144251,0.1,0.09879127043710502,704.3274084169971,True,False
238,720.0,575,144826,0.1,0.11390168835512465,706.4071507500048,True,False
239,450.0,457,145283,0.1,0.09932434743499025,708.0665450420056,True,False
240,460.0,527,145810,0.1,0.12480936403329851,709.9924517920008,True,False
241,700.0,574,146384,0.1,0.10636757565144864,712.0820619580045,True,False
242,920.0,670,147054,0.1,0.11091887506985379,714.5007866250089,True,False
243,810.0,760,147814,0.1,0.09062078596631948,717.2521069170034,True,False
244,600.0,464,148278,0.1,0.10502558847054325,718.9833662080055,True,False
245,560.0,619,148897,0.1,0.11490965847286486,721.3210179580055,True,False
246,830.0,707,149604,0.1,0.09848397791301464,724.0149796250043,True,False
247,960.0,635,150239,0.1,0.119593314991533,726.3261769170058,True,False
248,720.0,704,150943,0.1,0.09727306745480746,728.970895749997,True,False
249,730.0,580,151523,0.1,0.10635308221239469,731.4133726250002,True,False
250,820.0,629,152152,0.1,0.10849699834243784,733.8874548750027,True,False
251,570.0,626,152778,0.1,0.10395139708923988,736.9634185830073,True,False
252,880.0,632,153410,0.1,0.11654247768529796,739.3045743330003,True,False
253,750.0,633,154043,0.1,0.08884994236493035,741.6533327500074,True,False
254,670.0,738,154781,0.1,0.0942441227115892,744.341733082998,True,False
255,1000.0,638,155419,0.1,0.09980315087749711,746.691253958008,True,False
256,640.0,717,156136,0.1,0.11610140519009696,749.3037062079966,True,False
257,450.0,413,156549,0.1,0.10199388583163613,750.8001965830044,True,False
258,480.0,511,157060,0.1,0.0987486787562375,752.6845184999984,True,False
259,550.0,452,157512,0.1,0.10613659337426709,754.3303266669973,True,False
260,1280.0,659,158171,0.1,0.10361021520887934,756.6970237920032,True,False
261,850.0,732,158903,0.1,0.12030365138920278,759.3343348329945,True,False
262,1180.0,1055,159958,0.1,0.10774699914636034,763.3428644170053,True,False
263,1460.0,862,160820,0.1,0.08464172390220617,766.4594777080056,True,False
264,560.0,572,161392,0.1,0.08573402834313733,768.5343071670068,True,False
265,720.0,831,162223,0.1,0.0963883272997567,771.5242343330028,True,False
266,460.0,448,162671,0.1,0.09988263907975384,773.1585267080081,True,False
267,1040.0,772,163443,0.1,0.11071284505215334,775.9368512920046,True,False
268,990.0,660,164103,0.1,0.10464732030575925,778.319909333004,True,False
269,940.0,739,164842,0.1,0.10506445355713367,781.0827244170068,True,False
270,780.0,714,165556,0.1,0.1271003821354838,783.745217542004,True,False
271,930.0,667,166223,0.1,0.11530114631785686,786.194295207999,True,False
272,1600.0,678,166901,0.1,0.09811954565127107,788.6506067919981,True,False
273,1010.0,605,167506,0.1,0.09608037656308799,791.0665215000045,True,False
274,870.0,692,168198,0.1,0.09731637486229743,793.8250862080022,True,False
275,480.0,447,168645,0.1,0.10573949910966414,795.4856505000062,True,False
276,380.0,452,169097,0.1,0.10606923837841084,798.6170709580038,True,False
277,360.0,478,169575,0.1,0.11022069500837506,800.5102921250073,True,False
278,1410.0,900,170475,0.1,0.10825356338587072,803.9875296249957,True,False
279,920.0,565,171040,0.1,0.12726421991336934,806.0825151669997,True,False
280,450.0,431,171471,0.1,0.0886004052220661,807.6528263750079,True,False
281,520.0,504,171975,0.1,0.10598754242713017,809.462042625004,True,False
282,1940.0,909,172884,0.1,0.11156707855039522,812.7861766669957,True,False
283,340.0,440,173324,0.1,0.10410494359040802,814.400179083008,True,False
284,640.0,529,173853,0.1,0.1091745592456198,821.7162752080039,True,False
285,430.0,505,174358,0.1,0.10294827755304083,824.8906729169976,True,False
286,940.0,728,175086,0.1,0.12539991326016056,828.7991166249994,True,False
287,960.0,606,175692,0.1,0.11551241473735947,831.8751794580021,True,False
288,690.0,610,176302,0.1,0.12777192943337323,835.0215672920021,True,False
289,470.0,450,176752,0.1,0.11016673353228686,837.1814538750041,True,False
290,620.0,515,177267,0.1,0.10890192474471405,839.6981007499999,True,False
291,1040.0,675,177942,0.1,0.11291648975446732,843.0735534169944,True,False
292,440.0,431,178373,0.1,0.11783975017843423,845.2340872920031,True,False
293,1270.0,783,179156,0.1,0.11781309660980288,849.2688400830084,True,False
294,740.0,909,180065,0.1,0.11231339457834608,854.2479294579971,True,False
295,640.0,870,180935,0.1,0.11079751712179953,858.5439087919949,True,False
296,640.0,564,181499,0.1,0.12976321489517148,861.3697568329953,True,False
297,270.0,313,181812,0.1,0.10252616158391856,862.9985555419989,True,False
298,1880.0,836,182648,0.1,0.1192470234439989,867.2840482920001,True,False
299,900.0,907,183555,0.1,0.11182706901984932,872.4454312919988,True,False
300,830.0,651,184206,0.1,0.11086642857572418,875.7443465420074,True,False
301,300.0,451,184657,0.1,0.12207037899478347,880.9989400420018,True,False
302,1600.0,1054,185711,0.1,0.11405183457036436,886.5081289579975,True,False
303,1210.0,634,186345,0.1,0.11608510528860977,889.761582082996,True,False
304,940.0,650,186995,0.1,0.12721270267610196,892.961867792008,True,False
305,720.0,590,187585,0.1,0.12382610617960627,895.9011552919983,True,False
306,940.0,791,188376,0.1,0.10894401085497153,899.7436193330068,True,False
307,270.0,344,188720,0.1,0.10909429482769134,901.4249733750039,True,False
308,490.0,486,189206,0.1,0.13646063088508678,903.8344387920079,True,False
309,930.0,687,189893,0.1,0.11115604300095244,907.8082092920085,True,False
310,1240.0,714,190607,0.1,0.12295073547055212,911.5516166669986,True,False
311,770.0,671,191278,0.1,0.12565618064919754,915.1050877499947,True,False
312,1190.0,731,192009,0.1,0.12153718238849132,918.7484633749991,True,False
313,830.0,707,192716,0.1,0.11522591596542947,922.3272222499945,True,False
314,370.0,392,193108,0.1,0.12464707692590904,924.5840198750084,True,False
315,530.0,518,193626,0.1,0.11959517033871754,927.1297448749974,True,False
316,520.0,472,194098,0.1,0.11022911493871677,929.4702670830011,True,False
317,470.0,612,194710,0.1,0.11371290165127493,932.3603519580065,True,False
318,500.0,468,195178,0.1,0.10895795254116385,935.2036687500076,True,False
319,480.0,521,195699,0.1,0.10001893870245952,937.8267534170009,True,False
320,1170.0,848,196547,0.1,0.11955411879802649,942.1266803330072,True,False
321,370.0,417,196964,0.1,0.11107987160129207,944.409673208007,True,False
322,650.0,773,197737,0.1,0.11247651517352601,948.2937837500067,True,False
323,970.0,879,198616,0.1,0.11735783361152492,952.6872520830075,True,False
324,560.0,481,199097,0.1,0.11502574938349426,955.1227042920073,True,False
325,380.0,376,199473,0.1,0.10509337685962623,956.9546215830051,True,False
326,770.0,541,200014,0.1,0.12317919705614999,961.709585500008,True,False
327,990.0,629,200643,0.1,0.12330812823240923,965.0409248750075,True,False
328,730.0,659,201302,0.1,0.12052690961369962,968.2757032079971,True,False
329,660.0,639,201941,0.1,0.1186734001734294,971.4474593330087,True,False
330,500.0,422,202363,0.1,0.12290360670359361,973.5650659999956,True,False
331,440.0,516,202879,0.1,0.10861070495994055,976.1949189169973,True,False
332,900.0,661,203540,0.1,0.10452896505818669,979.5430623749999,True,False
333,390.0,360,203900,0.1,0.10694927823626332,981.2966322919965,True,False
334,700.0,626,204526,0.1,0.1307374941997039,984.2276919169963,True,False
335,290.0,327,204853,0.1,0.12455573927883695,985.5874677079992,True,False
336,550.0,486,205339,0.1,0.127728901772706,987.7527171670081,True,False
337,660.0,630,205969,0.1,0.11818252008738397,990.661128125008,True,False
338,1080.0,799,206768,0.1,0.11531158744357527,994.5140878329985,True,False
339,590.0,574,207342,0.1,0.11674656978176608,997.2753499999963,True,False
340,1500.0,851,208193,0.1,0.12019079117358011,1001.1344138330023,True,False
341,350.0,399,208592,0.1,0.1312497424148023,1003.1358298749983,True,False
342,1200.0,888,209480,0.1,0.12381456588470452,1007.0474771669979,True,False
343,390.0,371,209851,0.1,0.11170736939200888,1008.782882917003,True,False
344,480.0,491,210342,0.1,0.1218020010709278,1011.0990385420009,True,False
345,600.0,554,210896,0.1,0.11686228146012738,1013.6552511250047,True,False
346,350.0,406,211302,0.1,0.12557726773885217,1015.6723842500069,True,False
347,1220.0,704,212006,0.1,0.12937487714754586,1019.1575754579972,True,False
348,990.0,1096,213102,0.1,0.13682397207530744,1024.680409833003,True,False
349,560.0,713,213815,0.1,0.13094518847470538,1028.1353190829977,True,False
350,1370.0,633,214448,0.1,0.12692684409027016,1031.3510527920007,True,False
351,480.0,489,214937,0.1,0.11841398108842187,1034.9465248330089,True,False
352,600.0,545,215482,0.1,0.12353828395990764,1037.3910112500016,True,False
353,830.0,797,216279,0.1,0.13480003545032673,1041.0461947919976,True,False
354,740.0,598,216877,0.1,0.12445048296203216,1043.8751415000006,True,False
355,450.0,488,217365,0.1,0.14761096840632743,1046.2206457499997,True,False
356,1410.0,944,218309,0.1,0.12806382661653778,1050.624318458009,True,False
357,1220.0,889,219198,0.1,0.12363180451027982,1054.9672297500074,True,False
358,450.0,418,219616,0.1,0.12160980838040511,1056.9246151249972,True,False
359,770.0,643,220259,0.1,0.14351872993865983,1060.1071648329962,True,False
360,890.0,716,220975,0.1,0.1298154054324054,1063.7702119580063,True,False
361,490.0,408,221383,0.1,0.10478808102654476,1066.7952964580036,True,False
362,520.0,434,221817,0.1,0.1232276770602399,1069.0567662499961,True,False
363,1140.0,690,222507,0.1,0.12266688239435818,1072.4760311249993,True,False
364,900.0,777,223284,0.1,0.11170054932530873,1075.946258541997,True,False
365,240.0,311,223595,0.1,0.11432485454171509,1077.3242401669995,True,False
366,430.0,418,224013,0.1,0.11938541495196876,1079.367205875009,True,False
367,1190.0,655,224668,0.1,0.11142369645943002,1082.458103833007,True,False
368,1420.0,671,225339,0.1,0.13257153907757319,1085.7625617080048,True,False
369,780.0,620,225959,0.1,0.13373141758624585,1088.8249766250083,True,False
370,1240.0,582,226541,0.1,0.12915310489447557,1091.6429425829992,True,False
371,890.0,578,227119,0.1,0.11326774393415286,1094.3910785830085,True,False
372,530.0,632,227751,0.1,0.12152640032287262,1097.033006083002,True,False
373,1120.0,1064,228815,0.1,0.1221730171289659,1102.3319963749964,True,False
374,1100.0,807,229622,0.1,0.11940338463513273,1106.124594791996,True,False
375,700.0,574,230196,0.1,0.12864628501443398,1108.6610747079976,True,False
376,450.0,455,230651,0.1,0.12266456416552574,1112.3640537080064,True,False
377,760.0,695,231346,0.1,0.1095855849977026,1115.6061851249979,True,False
378,500.0,486,231832,0.1,0.11225995448891257,1117.7727622920065,True,False
379,1030.0,664,232496,0.1,0.11017949443804212,1120.7448241670063,True,False
380,560.0,539,233035,0.1,0.11135389812902283,1123.375912375006,True,False
381,340.0,346,233381,0.1,0.11834953447011695,1125.0171050000063,True,False
382,490.0,516,233897,0.1,0.11621548685916634,1127.153445582997,True,False
383,510.0,516,234413,0.1,0.13037348763887271,1129.5054042919946,True,False
384,680.0,475,234888,0.1,0.13311914986922962,1131.595755041999,True,False
385,1910.0,1059,235947,0.1,0.11973176382933602,1136.2962271669967,True,False
386,780.0,764,236711,0.1,0.10465795630637888,1139.9509597080032,True,False
387,1260.0,696,237407,0.1,0.11189138684849972,1143.4904854170018,True,False
388,1100.0,699,238106,0.1,0.1153296194864171,1146.6646000420005,True,False
389,1940.0,687,238793,0.1,0.1399325388483703,1149.9424496669963,True,False
390,460.0,499,239292,0.1,0.117289048448205,1152.544841416995,True,False
391,950.0,679,239971,0.1,0.11135263777938643,1155.6203784999961,True,False
392,700.0,681,240652,0.1,0.10822081809852556,1158.9112825000047,True,False
393,950.0,844,241496,0.1,0.10163628846248038,1162.573192708005,True,False
394,680.0,546,242042,0.1,0.09941485042081159,1165.162342249998,True,False
395,800.0,558,242600,0.1,0.09556111851707101,1167.8064974580047,True,False
396,570.0,462,243062,0.1,0.10921347299995629,1169.9632571670081,True,False
397,1000.0,727,243789,0.1,0.09766150058175509,1173.2515240829962,True,False
398,700.0,616,244405,0.1,0.10679593227513424,1175.8897285830026,True,False
399,580.0,547,244952,0.1,0.1035692862975989,1178.4347309580044,True,False
400,410.0,510,245462,0.1,0.1003397699504152,1180.5693045829976,True,False
401,1210.0,1036,246498,0.1,0.10677674636029023,1186.5904230000015,True,False
402,650.0,556,247054,0.1,0.09569045914698848,1189.0931769169983,True,False
403,340.0,319,247373,0.1,0.11237750796135515,1190.3851922920003,True,False
404,1110.0,882,248255,0.1,0.11741100987419487,1194.554789707996,True,False
405,580.0,530,248785,0.1,0.11478302070408836,1196.9253815830016,True,False
406,1970.0,448,249233,0.1,0.09962102270219475,1198.9325667500088,True,False
407,2150.0,1219,250452,0.1,0.12711393817282113,1204.7543712920015,True,False
408,1240.0,814,251266,0.1,0.12961040336290017,1207.933387958008,True,False
409,910.0,798,252064,0.1,0.1059865716099739,1211.6472487499996,True,False
410,1070.0,805,252869,0.1,0.1176115636394095,1215.1786110829999,True,False
411,970.0,684,253553,0.1,0.11205391253600692,1218.0641615829954,True,False
412,1050.0,663,254216,0.1,0.10122473309018526,1221.0605319580063,True,False
413,610.0,626,254842,0.1,0.10891274605185175,1223.6720272499952,True,False
414,300.0,404,255246,0.1,0.07637202029697376,1225.6706049579952,True,False
415,670.0,529,255775,0.1,0.09958357032332005,1227.9171454580064,True,False
416,520.0,483,256258,0.1,0.1098353870459332,1230.0221027500083,True,False
417,460.0,474,256732,0.1,0.11430291530965757,1231.9022395420034,True,False
418,450.0,486,257218,0.1,0.10707530722576232,1234.4028298330086,True,False
419,410.0,525,257743,0.1,0.09721372398825093,1236.4605284169957,True,False
420,1140.0,856,258599,0.1,0.09324324512244941,1240.2889844580059,True,False
421,730.0,573,259172,0.1,0.10889344249800262,1242.6072951249953,True,False
422,730.0,614,259786,0.1,0.0801917736485503,1245.376325582998,True,False
423,600.0,446,260232,0.1,0.11533636070920952,1247.0743640830042,True,False
424,580.0,459,260691,0.1,0.11424695120372794,1249.0973337920004,True,False
425,1250.0,691,261382,0.1,0.11010418480768197,1251.7828539580078,True,False
426,360.0,437,261819,0.1,0.09340449220953731,1254.901545707995,True,False
427,670.0,588,262407,0.1,0.1035382809231476,1257.6680099170044,True,False
428,1050.0,728,263135,0.1,0.10160048055247618,1261.066167375,True,False
429,410.0,401,263536,0.1,0.1048720442496314,1262.971456875006,True,False
430,610.0,592,264128,0.1,0.11317418709497999,1265.7279392920027,True,False
431,1040.0,675,264803,0.1,0.08700949962561329,1268.4727029579954,True,False
432,540.0,646,265449,0.1,0.12279456429597405,1271.3682782499964,True,False
433,390.0,426,265875,0.1,0.11487905361320612,1273.1542456250027,True,False
434,650.0,530,266405,0.1,0.10918800238715975,1275.535114875005,True,False
435,780.0,576,266981,0.1,0.09925489119874935,1278.201165499995,True,False
436,1070.0,650,267631,0.1,0.1187508034715314,1280.9996455000073,True,False
437,690.0,619,268250,0.1,0.1113092374657431,1283.7136508749973,True,False
438,470.0,420,268670,0.1,0.09393807777336666,1285.7251800420054,True,False
439,480.0,469,269139,0.1,0.1271549109926718,1288.0891558750009,True,False
440,1220.0,863,270002,0.1,0.11024637347414952,1292.1047029170004,True,False
441,1200.0,876,270878,0.1,0.11110051762584817,1296.326130417001,True,False
442,880.0,535,271413,0.1,0.11493965248062984,1298.5784431250067,True,False
443,580.0,539,271952,0.1,0.103461270324058,1301.0435614169983,True,False
444,2250.0,668,272620,0.1,0.11222445438922701,1303.809833708001,True,False
445,650.0,681,273301,0.1,0.1104160856893834,1306.5111058330076,True,False
446,360.0,536,273837,0.1,0.12945781025423933,1308.919030917008,True,False
447,930.0,597,274434,0.1,0.12279744745050901,1311.348819042003,True,False
448,770.0,606,275040,0.1,0.11854894541351027,1313.9787171250064,True,False
449,820.0,604,275644,0.1,0.124425078723703,1316.868424375003,True,False
450,660.0,584,276228,0.1,0.12635927984159287,1319.5601609169971,True,False
451,400.0,384,276612,0.1,0.12928687282449877,1322.212822292,True,False
452,1370.0,969,277581,0.1,0.11564521101295702,1326.373257291998,True,False
453,460.0,492,278073,0.1,0.11150914092919206,1328.7461047920078,True,False
454,380.0,475,278548,0.1,0.12412378866569836,1331.3419532920088,True,False
455,310.0,438,278986,0.1,0.10875121010211083,1333.6664051249973,True,False
456,990.0,908,279894,0.1,0.10983614991152339,1337.6115359579999,True,False
457,820.0,578,280472,0.1,0.13411966632923175,1340.3422579580074,True,False
458,1070.0,727,281199,0.1,0.11234451349804085,1343.1670844170003,True,False
459,480.0,434,281633,0.1,0.1305145940683577,1345.4142934999982,True,False
460,420.0,419,282052,0.1,0.12884702175146057,1347.3254073330027,True,False
461,470.0,422,282474,0.1,0.11688950578016895,1349.416300500001,True,False
462,670.0,566,283040,0.1,0.10775685513680669,1352.1310740420013,True,False
463,440.0,440,283480,0.1,0.1284146968952634,1354.2207720419974,True,False
464,880.0,746,284226,0.1,0.13202092453076314,1357.3888489999954,True,False
465,470.0,497,284723,0.1,0.12224608125735915,1359.6224862499948,True,False
466,760.0,585,285308,0.1,0.1265832659262581,1362.3600165420066,True,False
467,1170.0,575,285883,0.1,0.12722479878970377,1364.9218310419965,True,False
468,1040.0,643,286526,0.1,0.11934483925933423,1367.3568576670077,True,False
469,670.0,616,287142,0.1,0.12594652416595778,1370.0392494170083,True,False
470,470.0,534,287676,0.1,0.12712377316749363,1372.079654208006,True,False
471,1050.0,890,288566,0.1,0.10641941726039927,1376.186752583002,True,False
472,520.0,472,289038,0.1,0.1050978096959702,1377.997477249999,True,False
473,350.0,497,289535,0.1,0.14271373274706065,1380.3991530829953,True,False
474,670.0,558,290093,0.1,0.11025297285190651,1382.9620112919947,True,False
475,530.0,421,290514,0.1,0.13098734705930665,1384.8140343330015,True,False
476,240.0,394,290908,0.1,0.11271594841070849,1388.0387432080024,True,False
477,410.0,366,291274,0.1,0.11695423622994305,1389.8244583330088,True,False
478,600.0,494,291768,0.1,0.11968707290267752,1392.5002673749987,True,False
479,260.0,361,292129,0.1,0.1254736674328645,1394.1913532500039,True,False
480,600.0,509,292638,0.1,0.1311593887462156,1396.396656500001,True,False
481,2040.0,968,293606,0.1,0.12255353053015741,1400.700392208004,True,False
482,520.0,450,294056,0.1,0.12667582452758752,1402.4319770830043,True,False
483,930.0,699,294755,0.1,0.08481679804323392,1405.433235125005,True,False
484,470.0,576,295331,0.1,0.11255147626313071,1407.7349701670028,True,False
485,920.0,1011,296342,0.1,0.12182356372269482,1412.0831961670046,True,False
486,2100.0,793,297135,0.1,0.12218917652287266,1415.5822680419951,True,False
487,820.0,737,297872,0.1,0.14803720789181218,1418.7867142500036,True,False
488,480.0,481,298353,0.1,0.12682162456524868,1421.0611046249978,True,False
489,550.0,485,298838,0.1,0.1283166929771585,1423.0462477920082,True,False
490,1060.0,614,299452,0.1,0.11821850528335803,1425.777781583005,True,False
491,830.0,631,300083,0.1,0.10831364265577809,1428.8260358330008,True,False
492,2130.0,749,300832,0.1,0.150703831288488,1431.7210249579948,True,False
493,600.0,563,301395,0.1,0.14758182954309243,1434.2144812080078,True,False
494,880.0,644,302039,0.1,0.14756437417651927,1436.7021160419972,True,False
495,600.0,549,302588,0.1,0.12202643530200356,1439.0305193329987,True,False
496,510.0,474,303062,0.1,0.13265409056981237,1441.3319615420041,True,False
497,950.0,673,303735,0.1,0.12802469771399738,1444.5212067079992,True,False
498,1280.0,676,304411,0.1,0.10966816789211606,1447.0853127080045,True,False
499,420.0,402,304813,0.1,0.1298913797455849,1448.8230764170003,True,False
500,1130.0,722,305535,0.1,0.13606136708209912,1452.0583982499957,True,False
501,2300.0,620,306155,0.1,0.12692082299580498,1455.623739792005,True,False
502,530.0,465,306620,0.1,0.13998536795823494,1457.654926000003,True,False
503,350.0,415,307035,0.1,0.12169838080056083,1459.5243373749981,True,False
504,920.0,777,307812,0.1,0.11735179067040101,1462.877316500002,True,False
505,1730.0,797,308609,0.1,0.11377161980873376,1466.414654207998,True,False
506,1140.0,955,309564,0.1,0.12221352922024836,1470.3849293749954,True,False
507,900.0,741,310305,0.1,0.1375727081721699,1473.8718566669995,True,False
508,830.0,762,311067,0.1,0.10868694604815621,1477.1276179999986,True,False
509,370.0,349,311416,0.1,0.11515756328166886,1478.6768782919971,True,False
510,670.0,467,311883,0.1,0.1251685922836949,1480.6661054580036,True,False
511,680.0,700,312583,0.1,0.13519778228231838,1483.8215503749961,True,False
512,320.0,434,313017,0.1,0.11736443068046089,1485.577898375006,True,False
513,650.0,481,313498,0.1,0.1295293073169887,1487.407743667005,True,False
514,310.0,382,313880,0.1,0.11096410763760407,1488.9512733330048,True,False
515,600.0,534,314414,0.1,0.12273182516875572,1491.0146644170018,True,False
516,500.0,404,314818,0.1,0.11956974965437214,1492.5998617919977,True,False
517,480.0,479,315297,0.1,0.11338388926039139,1494.8582131669973,True,False
518,590.0,483,315780,0.1,0.13765373545860457,1496.6944860000076,True,False
519,430.0,438,316218,0.1,0.12627421047777757,1498.4857094170002,True,False
520,350.0,384,316602,0.1,0.10656880523310974,1500.0761162499984,True,False
521,720.0,452,317054,0.1,0.1488703956283563,1501.8776934579946,True,False
522,590.0,531,317585,0.1,0.14060585843609238,1504.4958217499952,True,False
523,410.0,392,317977,0.1,0.13011544707174205,1506.1551390420063,True,False
524,620.0,621,318598,0.1,0.11700210698669956,1508.7564439999987,True,False
525,1500.0,846,319444,0.1,0.11591584428723128,1513.0920128750004,True,False
526,330.0,352,319796,0.1,0.1653676222671162,1515.6888668750034,True,False
527,1330.0,892,320688,0.1,0.14733446467116543,1519.4203764580016,True,False
528,720.0,740,321428,0.1,0.13935923144422674,1522.3345228749968,True,False
529,810.0,756,322184,0.1,0.13144035088440414,1525.7889948329976,True,False
530,600.0,504,322688,0.1,0.13617549855853356,1527.7266545419989,True,False
531,550.0,456,323144,0.1,0.13046511618845297,1529.693678208001,True,False
532,1980.0,925,324069,0.1,0.12999341186152133,1533.5889640829992,True,False
533,440.0,443,324512,0.1,0.14695202648169822,1535.5978270420019,True,False
534,1160.0,841,325353,0.1,0.11739905912961279,1539.4358457920025,True,False
535,470.0,452,325805,0.1,0.1422683034685597,1541.155033957999,True,False
536,480.0,431,326236,0.1,0.13468729202739066,1542.7928436250077,True,False
537,1030.0,690,326926,0.1,0.13270892414026136,1545.7911650419992,True,False
538,460.0,419,327345,0.1,0.11242479029155913,1547.6257423329953,True,False
539,360.0,402,327747,0.1,0.12289805622771383,1549.4392742079945,True,False
540,700.0,578,328325,0.1,0.14333512273071142,1551.8206101670075,True,False
541,410.0,389,328714,0.1,0.11998233740630838,1553.5877147080027,True,False
542,430.0,499,329213,0.1,0.14270563070476056,1555.7609970000049,True,False
543,370.0,385,329598,0.1,0.15219767799135298,1557.2782182500086,True,False
544,420.0,395,329993,0.1,0.14843897724693472,1559.0349357079976,True,False
545,570.0,521,330514,0.1,0.18261749601134888,1561.0558333750087,True,False
546,390.0,389,330903,0.1,0.12684005913660698,1562.5960130830063,True,False
547,880.0,553,331456,0.1,0.16559233486973982,1565.1378387919976,True,False
548,460.0,426,331882,0.1,0.14705528318881989,1567.0589743750024,True,False
549,340.0,315,332197,0.1,0.16618784455747543,1568.3861615829956,True,False
550,920.0,648,332845,0.1,0.1533550220300202,1571.2474210829969,True,False
551,770.0,749,333594,0.1,0.144631125989126,1575.470016457999,True,False
552,650.0,638,334232,0.1,0.169002019171603,1577.929010042004,True,False
553,850.0,840,335072,0.1,0.17829269698510566,1581.3357756250043,True,False
554,550.0,566,335638,0.1,0.12926584479550943,1583.6214596250065,True,False
555,340.0,318,335956,0.1,0.1617454445688054,1585.1084760000085,True,False
556,800.0,615,336571,0.1,0.16035842581414708,1588.0261582499952,True,False
557,960.0,714,337285,0.1,0.12044381612505993,1591.401881208003,True,False
558,1050.0,543,337828,0.1,0.12244848172892542,1593.732489832997,True,False
559,570.0,517,338345,0.1,0.15274142759830453,1596.6239504999976,True,False
560,500.0,496,338841,0.1,0.14332904348209982,1598.8873468329984,True,False
561,880.0,596,339437,0.1,0.1397874632587769,1601.4265657500073,True,False
562,1500.0,806,340243,0.1,0.12685864889503118,1605.325133958002,True,False
563,1010.0,579,340822,0.1,0.12945720702409744,1608.0739434169955,True,False
564,880.0,921,341743,0.1,0.14343184329083433,1611.8491323329945,True,False
565,480.0,435,342178,0.1,0.1512109088378215,1616.0871840000036,True,False
566,380.0,422,342600,0.1,0.13819603692248184,1617.903353667003,True,False
567,560.0,484,343084,0.1,0.1431919938984735,1619.713630875005,True,False
568,940.0,735,343819,0.1,0.15138981571736557,1625.157464917007,True,False
569,480.0,458,344277,0.1,0.13292340888925222,1631.2216209580074,True,False
570,640.0,531,344808,0.1,0.13749150220388756,1635.6101468330016,True,False
571,450.0,400,345208,0.1,0.16173191813752055,1638.6780425830075,True,False
572,870.0,832,346040,0.1,0.14754277089825615,1645.32670125,True,False
573,650.0,534,346574,0.1,0.12613006560762124,1649.2757664999954,True,False
574,830.0,636,347210,0.1,0.16327601935972208,1654.1082729170012,True,False
575,1300.0,936,348146,0.1,0.1356147937476635,1661.1667941250053,True,False
576,1820.0,922,349068,0.1,0.13088740103624083,1669.0020520420076,True,False
577,1190.0,596,349664,0.1,0.12461827742873423,1672.0291397499968,True,False
578,450.0,452,350116,0.1,0.13414571684809912,1674.158096625004,True,False
579,490.0,515,350631,0.1,0.12501535833871458,1676.6070843750058,True,False
580,1080.0,920,351551,0.1,0.12941822744905948,1680.9747571670014,True,False
581,490.0,491,352042,0.1,0.1197540988100738,1683.3904276670073,True,False
582,3790.0,811,352853,0.1,0.1504680036103784,1687.2502212499967,True,False
583,1350.0,1031,353884,0.1,0.15104596077847157,1692.174981958,True,False
584,750.0,521,354405,0.1,0.13146982045414357,1694.6976072079997,True,False
585,310.0,314,354719,0.1,0.1464523262798022,1696.398768166997,True,False
586,320.0,348,355067,0.1,0.13925752692438406,1698.034492042003,True,False
587,390.0,451,355518,0.1,0.11756934854408017,1700.3682097919955,True,False
588,430.0,422,355940,0.1,0.1252300572704594,1702.2935506670037,True,False
589,800.0,594,356534,0.1,0.14305636014890027,1705.151456958003,True,False
590,840.0,573,357107,0.1,0.15553857255857306,1707.826615958009,True,False
591,710.0,567,357674,0.1,0.15508475921995624,1710.463305666999,True,False
592,590.0,558,358232,0.1,0.14482504565800938,1712.9537974580016,True,False
593,460.0,487,358719,0.1,0.14801579207366655,1715.3271290830016,True,False
594,500.0,526,359245,0.1,0.15527559797081983,1717.841582042005,True,False
595,1060.0,964,360209,0.1,0.13316968487598838,1722.3830712920026,True,False
596,1100.0,747,360956,0.1,0.14589288683339235,1725.8939681670017,True,False
597,460.0,523,361479,0.1,0.15189818332974728,1728.4935894999944,True,False
598,1560.0,1162,362641,0.1,0.1472408521497987,1733.8189571249968,True,False
599,2590.0,956,363597,0.1,0.1315944138290867,1738.4158840000018,True,False
600,730.0,620,364217,0.1,0.1458158051294665,1741.3859730830009,True,False
601,680.0,619,364836,0.1,0.12736994899328677,1745.766676291998,True,False
602,610.0,501,365337,0.1,0.12370984669029712,1748.143557250005,True,False
603,330.0,357,365694,0.1,0.11705943762084071,1749.9530797500047,True,False
604,730.0,553,366247,0.1,0.11164283240888861,1752.7090914169967,True,False
605,500.0,437,366684,0.1,0.1180278625508601,1754.8655867080088,True,False
606,1010.0,530,367214,0.1,0.12922824154410398,1757.905734,True,False
607,550.0,494,367708,0.1,0.12565007233511535,1760.3850485000003,True,False
608,720.0,654,368362,0.1,0.1343035848434169,1763.4730839580006,True,False
609,690.0,667,369029,0.1,0.12369945891826095,1766.6672643750062,True,False
610,500.0,468,369497,0.1,0.13448644544069582,1768.8143381249974,True,False
611,1220.0,1068,370565,0.1,0.12245309456122502,1773.9113467499992,True,False
612,430.0,432,370997,0.1,0.12025811035117065,1775.7910007500031,True,False
613,390.0,370,371367,0.1,0.09263254934921861,1777.201734208007,True,False
614,770.0,651,372018,0.1,0.14028943686580364,1780.1426114170026,True,False
615,990.0,664,372682,0.1,0.1283433729311429,1782.7576617919985,True,False
616,460.0,432,373114,0.1,0.11413402450098484,1784.4258550420054,True,False
617,500.0,415,373529,0.1,0.12959421497698015,1786.3331184999988,True,False
618,660.0,524,374053,0.1,0.13045522849295885,1788.4718452079978,True,False
619,700.0,563,374616,0.1,0.13356714924229374,1791.042616375009,True,False
620,530.0,487,375103,0.1,0.12017466170975,1793.191434458,True,False
621,620.0,549,375652,0.1,0.15073930204886457,1795.5185022079968,True,False
622,1370.0,959,376611,0.1,0.12442339269374204,1799.4055194999964,True,False
623,440.0,538,377149,0.1,0.13349584248606805,1801.8344154579972,True,False
624,860.0,828,377977,0.1,0.12964039448882647,1805.5693107920088,True,False
625,770.0,565,378542,0.1,0.1104133204418294,1808.1765454580018,True,False
626,510.0,453,378995,0.1,0.16797855933221567,1811.1456331250083,True,False
627,640.0,563,379558,0.1,0.10829339795977089,1813.3601144999993,True,False
628,620.0,472,380030,0.1,0.11425856436145003,1815.5051930000045,True,False
629,740.0,681,380711,0.1,0.1388138514559935,1818.5322739170078,True,False
630,950.0,826,381537,0.1,0.12415327961390145,1822.2391382500064,True,False
631,680.0,616,382153,0.1,0.12332149099123169,1824.9190011669998,True,False
632,430.0,477,382630,0.1,0.11802291870117188,1827.150987000001,True,False
633,800.0,751,383381,0.1,0.12910663845770537,1830.4491021249996,True,False
634,440.0,456,383837,0.1,0.11558915248238727,1832.418487457995,True,False
635,640.0,566,384403,0.1,0.1396808260721518,1835.0680499580048,True,False
636,1320.0,590,384993,0.1,0.1316927896837729,1837.5961170000082,True,False
637,510.0,525,385518,0.1,0.13316862768571797,1840.0696312920045,True,False
638,580.0,506,386024,0.1,0.1313082579317994,1842.154509083004,True,False
639,840.0,767,386791,0.1,0.131075293274294,1845.3960086250008,True,False
640,410.0,386,387177,0.1,0.11038791718556709,1847.1978678330051,True,False
641,680.0,680,387857,0.1,0.11149736549705266,1849.9812860829988,True,False
642,2430.0,899,388756,0.1,0.1339370598230097,1853.8595470830041,True,False
643,680.0,664,389420,0.1,0.12238530452217324,1856.6710749170015,True,False
644,590.0,538,389958,0.1,0.11657807649349544,1859.0284067920002,True,False
645,730.0,773,390731,0.1,0.1398930795625856,1862.7712044579966,True,False
646,400.0,491,391222,0.1,0.14230372425077892,1865.251753250006,True,False
647,560.0,542,391764,0.1,0.12423213259043063,1867.5704288330016,True,False
648,490.0,428,392192,0.1,0.14492401550306339,1869.2397772499971,True,False
649,1000.0,689,392881,0.1,0.13620553764536283,1872.2056045420031,True,False
650,420.0,385,393266,0.1,0.14805020104783276,1873.7165282500064,True,False
651,1280.0,604,393870,0.1,0.11572110326035528,1877.2674787919968,True,False
652,360.0,422,394292,0.1,0.13969444617066742,1879.306435749997,True,False
653,940.0,958,395250,0.1,0.11207110130824305,1883.7365093330009,True,False
654,580.0,566,395816,0.1,0.122977141225317,1886.3313455830066,True,False
655,450.0,446,396262,0.1,0.1383116027457757,1888.1211052080034,True,False
656,410.0,494,396756,0.1,0.11551066702832619,1890.2508275,True,False
657,520.0,435,397191,0.1,0.1541153230462913,1892.0967480420077,True,False
658,600.0,466,397657,0.1,0.144118936589131,1894.2764625830023,True,False
659,2000.0,1159,398816,0.1,0.11917658728258364,1899.1367734170053,True,False
660,920.0,596,399412,0.1,0.10814475314379138,1901.7884774580016,True,False
661,1580.0,981,400393,0.1,0.11514870856641507,1906.6248700830038,True,False
662,540.0,516,400909,0.1,0.0993835371016532,1908.628396458007,True,False
663,680.0,624,401533,0.1,0.10701729045607723,1911.5943455420056,True,False
664,1000.0,731,402264,0.1,0.10315721467788753,1914.818924082996,True,False
665,1280.0,957,403221,0.1,0.12423207140897857,1918.8101542920049,True,False
666,800.0,617,403838,0.1,0.11478525823490186,1921.5681021250057,True,False
667,850.0,570,404408,0.1,0.10038766920097641,1924.1819114999962,True,False
668,800.0,643,405051,0.1,0.10938723246799782,1927.1462433330016,True,False
669,970.0,692,405743,0.1,0.10245947874651823,1929.9978500830039,True,False
670,860.0,630,406373,0.1,0.11776326906784804,1932.8059000420035,True,False
671,1280.0,821,407194,0.1,0.11535682759997322,1936.5599826249963,True,False
672,750.0,540,407734,0.1,0.12145677415861024,1938.863230457995,True,False
673,1370.0,735,408469,0.1,0.11816336337031554,1942.344507582995,True,False
674,470.0,644,409113,0.1,0.1232466713658401,1945.3534462499956,True,False
675,420.0,435,409548,0.1,0.11822428976382138,1947.2724225419952,True,False
676,840.0,808,410356,0.1,0.13001460152318572,1952.2080524580088,True,False
677,460.0,473,410829,0.1,0.126731923986542,1954.402537832997,True,False
678,680.0,564,411393,0.1,0.1053137046727517,1956.9795974580047,True,False
679,1460.0,756,412149,0.1,0.11591805499934014,1960.441968291998,True,False
680,1290.0,939,413088,0.1,0.12905685604411238,1964.3503394169966,True,False
681,1490.0,742,413830,0.1,0.10273315415189073,1967.8052655000065,True,False
682,1080.0,752,414582,0.1,0.12248884151352847,1970.9298830830085,True,False
683,530.0,468,415050,0.1,0.10028917444312674,1972.7501357080037,True,False
684,840.0,572,415622,0.1,0.10920335124474723,1975.2474939999956,True,False
685,500.0,473,416095,0.1,0.11116448657239898,1977.0752462079981,True,False
686,720.0,708,416803,0.1,0.11450342277306957,1980.2104728749982,True,False
687,760.0,622,417425,0.1,0.09357903932388394,1983.3657729170081,True,False
688,1350.0,690,418115,0.1,0.09795286486921616,1986.4908360420086,True,False
689,520.0,505,418620,0.1,0.12449809376473032,1988.4648259999958,True,False
690,490.0,451,419071,0.1,0.14742451550305954,1992.1460963330028,True,False
691,850.0,568,419639,0.1,0.11330628081579024,1994.4104103749996,True,False
692,490.0,416,420055,0.1,0.14114377237498188,1995.9856547920062,True,False
693,1080.0,820,420875,0.1,0.10575342158355364,1999.140056083008,True,False
694,720.0,705,421580,0.1,0.12230055562436244,2001.8517558330059,True,False
695,660.0,543,422123,0.1,0.13700960989075678,2003.906263458004,True,False
696,1430.0,762,422885,0.1,0.1355150847437338,2006.8340377080021,True,False
697,410.0,426,423311,0.1,0.11284754240779944,2008.3798903749994,True,False
698,590.0,488,423799,0.1,0.10314077094624766,2010.132435749998,True,False
699,650.0,481,424280,0.1,0.12189144287104449,2011.8571512920025,True,False
700,440.0,373,424653,0.1,0.157040514993251,2013.234902791999,True,False
701,600.0,506,425159,0.1,0.12343364004932698,2015.9620821249991,True,False
702,920.0,820,425979,0.1,0.13185037819714082,2018.862756542003,True,False
703,300.0,384,426363,0.1,0.12884568981826305,2020.2579668749968,True,False
704,1030.0,598,426961,0.1,0.1288452500104904,2022.4356075420073,True,False
705,700.0,686,427647,0.1,0.13141327110603887,2024.9198807079956,True,False
706,1110.0,766,428413,0.1,0.145571231211458,2027.6383804579964,True,False
707,470.0,454,428867,0.1,0.1293551775799916,2029.2641581250064,True,False
708,440.0,417,429284,0.1,0.12247472641368708,2030.7664481670072,True,False
709,1010.0,777,430061,0.1,0.11878909009326365,2033.526160333,True,False
710,510.0,402,430463,0.1,0.1169646017625928,2035.1215801250073,True,False
711,1150.0,787,431250,0.1,0.10969925429766553,2037.9276918749965,True,False
712,1300.0,739,431989,0.1,0.11802160480135196,2040.5990596670017,True,False
713,1320.0,784,432773,0.1,0.11825892351073575,2043.4084797920077,True,False
714,340.0,338,433111,0.1,0.12495246090527092,2044.6219150420075,True,False
715,560.0,509,433620,0.1,0.13888048540684395,2046.4518995420076,True,False
716,960.0,752,434372,0.1,0.14045932579864848,2049.1229987920087,True,False
717,690.0,536,434908,0.1,0.16219594747995708,2051.093472583001,True,False
718,830.0,622,435530,0.1,0.15130338465734836,2053.336090625002,True,False
719,1630.0,792,436322,0.1,0.12167975362013987,2056.1651857079996,True,False
720,530.0,443,436765,0.1,0.15002538423213335,2057.772289875007,True,False
721,840.0,539,437304,0.1,0.13597191777770165,2059.7240231670003,True,False
722,580.0,446,437750,0.1,0.13879820115461544,2061.328574291998,True,False
723,690.0,441,438191,0.1,0.1252767014740543,2062.915505375,True,False
724,1380.0,891,439082,0.1,0.125706027951008,2066.3122842080047,True,False
725,1500.0,863,439945,0.1,0.12258398820025225,2069.4593912080018,True,False
726,460.0,423,440368,0.1,0.13657000815530992,2072.0878152079968,True,False
727,540.0,435,440803,0.1,0.1170294385023967,2073.8455056670064,True,False
728,380.0,402,441205,0.1,0.10698074869590231,2075.300460957995,True,False
729,380.0,340,441545,0.1,0.125579727002803,2076.5350357080024,True,False
730,750.0,606,442151,0.1,0.12821990799232824,2078.6814576670004,True,False
731,550.0,492,442643,0.1,0.13384906552368547,2080.431994792001,True,False
732,960.0,634,443277,0.1,0.14703668413812634,2082.707243625002,True,False
733,270.0,323,443600,0.1,0.1524585137879591,2083.8961114580015,True,False
734,690.0,492,444092,0.1,0.14531363248522203,2085.7184304580005,True,False
735,1070.0,677,444769,0.1,0.1532587179991268,2088.1354658329947,True,False
736,1050.0,759,445528,0.1,0.1509213407670981,2090.8608490000042,True,False
737,550.0,510,446038,0.1,0.09511807200858208,2092.7298500830075,True,False
738,920.0,578,446616,0.1,0.14136320000578617,2094.950992667,True,False
739,540.0,456,447072,0.1,0.14349667924015144,2096.7371459580027,True,False
740,430.0,439,447511,0.1,0.12967020343271418,2098.3000822080066,True,False
741,670.0,649,448160,0.1,0.12533628132674227,2100.6184889580036,True,False
742,1170.0,657,448817,0.1,0.16570363599216428,2102.9992398750037,True,False
743,280.0,325,449142,0.1,0.15964422269183912,2104.3965287080064,True,False
744,530.0,495,449637,0.1,0.13684068106475375,2106.1823472499964,True,False
745,1200.0,989,450626,0.1,0.13541693623867715,2109.7076963330037,True,False
746,880.0,587,451213,0.1,0.1302275063508019,2112.0447116249998,True,False
747,1160.0,1185,452398,0.1,0.14058507868164294,2116.2664818750054,True,False
748,470.0,489,452887,0.1,0.15189007284944175,2118.0296862499963,True,False
749,360.0,348,453235,0.1,0.12324343842250862,2119.317346541997,True,False
750,410.0,408,453643,0.1,0.1297170534437778,2120.783098832995,True,False
751,940.0,627,454270,0.1,0.15628707933293026,2124.406103166999,True,False
752,1100.0,742,455012,0.1,0.14056424183710928,2127.310872125003,True,False
753,930.0,620,455632,0.1,0.15079305568529713,2129.5877693329967,True,False
754,1510.0,896,456528,0.1,0.149763758527115,2132.786348833004,True,False
755,890.0,577,457105,0.1,0.1227487670387038,2134.8841780420044,True,False
756,920.0,619,457724,0.1,0.1361844200280405,2137.103444624998,True,False
757,1000.0,694,458418,0.1,0.13756100775275618,2139.566491125006,True,False
758,1450.0,721,459139,0.1,0.12419596262690094,2142.2362399580015,True,False
759,1150.0,1056,460195,0.1,0.13985209263663625,2146.000973999995,True,False
760,880.0,669,460864,0.1,0.14343241587769062,2148.438591541999,True,False
761,1080.0,625,461489,0.1,0.13585940915613604,2150.6820230830053,True,False
762,710.0,511,462000,0.1,0.12365124636562541,2152.518079750007,True,False
763,610.0,473,462473,0.1,0.13329442156384053,2154.2116681250045,True,False
764,700.0,644,463117,0.1,0.14712973868023166,2156.494200458008,True,False
765,510.0,424,463541,0.1,0.1382212268083163,2158.1799357499985,True,False
766,250.0,339,463880,0.1,0.13121707684853498,2159.4169549579965,True,False
767,1520.0,1101,464981,0.1,0.13022414795377038,2163.385163166997,True,False
768,530.0,575,465556,0.1,0.14026828723338744,2165.4850608330016,True,False
769,230.0,313,465869,0.1,0.14780849693581843,2166.631428125009,True,False
770,860.0,663,466532,0.1,0.14022444237966136,2169.053886583002,True,False
771,2460.0,888,467420,0.1,0.12106100267621579,2172.556550082998,True,False
772,580.0,469,467889,0.1,0.11363052334795651,2174.2951095419994,True,False
773,1200.0,698,468587,0.1,0.12162924661761386,2176.781214457995,True,False
774,390.0,419,469006,0.1,0.11258644835934753,2178.3094813750067,True,False
775,990.0,659,469665,0.1,0.11957676735791294,2180.689122875003,True,False
776,2280.0,648,470313,0.1,0.1271232431984426,2184.170193333004,True,False
777,460.0,448,470761,0.1,0.16678536832997842,2185.7755325830076,True,False
778,630.0,576,471337,0.1,0.12201525560683674,2188.0843737079995,True,False
779,950.0,713,472050,0.1,0.11741171071954658,2190.690673833,True,False
780,840.0,802,472852,0.1,0.13534342293715595,2193.6049190829945,True,False
781,990.0,650,473502,0.1,0.11567970384832149,2195.938458167002,True,False
782,990.0,689,474191,0.1,0.14084670785814524,2198.429254542003,True,False
783,780.0,645,474836,0.1,0.15006649328602684,2200.737319125008,True,False
784,1040.0,742,475578,0.1,0.15580888046203434,2203.4152438330057,True,False
785,610.0,460,476038,0.1,0.14684853522997834,2205.066990583,True,False
786,650.0,482,476520,0.1,0.13020179377607077,2206.8230299169954,True,False
787,1140.0,645,477165,0.1,0.13140684984022785,2209.116372250006,True,False
788,1520.0,777,477942,0.1,0.13079461739542558,2211.879567374999,True,False
789,1270.0,653,478595,0.1,0.12276100123906794,2214.1953815830057,True,False
790,1080.0,870,479465,0.1,0.16257023150015862,2217.310548207999,True,False
791,1210.0,800,480265,0.1,0.14269409026019275,2220.3398388750065,True,False
792,1130.0,638,480903,0.1,0.13070665603304435,2222.6351284999982,True,False
793,2440.0,1006,481909,0.1,0.14564776721425235,2226.2905818750005,True,False
794,1840.0,822,482731,0.1,0.14864787452104616,2229.245366208008,True,False
795,2430.0,746,483477,0.1,0.12511295836199732,2232.013268708004,True,False
796,1150.0,772,484249,0.1,0.14653777823315384,2234.772430291996,True,False
797,2840.0,917,485166,0.1,0.15481958304039775,2238.0292222080025,True,False
798,920.0,553,485719,0.1,0.13340184006138125,2240.0694547919993,True,False
799,890.0,590,486309,0.1,0.12342765932348934,2242.1965721669985,True,False
800,1600.0,796,487105,0.1,0.1350860161959526,2245.033821707999,True,False
801,1170.0,813,487918,0.1,0.12808652376306467,2249.2794457919954,True,False
802,840.0,614,488532,0.1,0.12339526321738958,2251.496091666995,True,False
803,1460.0,1219,489751,0.1,0.13873387333986006,2255.8582399580046,True,False
804,940.0,780,490531,0.1,0.12945082639463437,2258.751518542005,True,False
805,1070.0,826,491357,0.1,0.14306309661751496,2261.679946874996,True,False
806,1220.0,811,492168,0.1,0.13101834107851013,2264.626282792,True,False
807,1000.0,916,493084,0.1,0.13405405990291372,2267.9136363330035,True,False
808,730.0,557,493641,0.1,0.12300878666716514,2269.900614833008,True,False
809,1230.0,798,494439,0.1,0.13325014477361685,2272.801469124999,True,False
810,930.0,672,495111,0.1,0.10763827086027179,2275.202977167006,True,False
811,930.0,758,495869,0.1,0.11980422071524356,2277.9024632500077,True,False
812,370.0,409,496278,0.1,0.12923116435972498,2279.5688200000004,True,False
813,470.0,469,496747,0.1,0.11664013507274482,2281.2704454170016,True,False
814,1680.0,1095,497842,0.1,0.11830910201435976,2285.233156999995,True,False
815,1130.0,649,498491,0.1,0.13137148713899982,2287.8912928329955,True,False
816,1310.0,1154,499645,0.1,0.12346776550358554,2292.2544725000043,True,False
817,970.0,678,500323,0.1,0.11192104033023648,2294.7986974170053,True,False
818,1290.0,800,501123,0.1,0.1313413343206048,2297.6845173750044,True,False
819,730.0,618,501741,0.1,0.12341264386571223,2299.9516762919957,True,False
820,470.0,467,502208,0.1,0.11375786749343587,2301.6504345830035,True,False
821,490.0,435,502643,0.1,0.1342345553415793,2303.249022832999,True,False
822,2330.0,798,503441,0.1,0.1269990875571966,2306.1590257920034,True,False
823,1100.0,856,504297,0.1,0.13161762222369142,2309.3922166249977,True,False
824,1700.0,925,505222,0.1,0.14183794090209842,2312.723899542005,True,False
825,730.0,638,505860,0.1,0.12331782055553049,2315.0661414170027,True,False
826,1200.0,953,506813,0.1,0.12872024329707904,2319.5695377920056,True,False
827,770.0,639,507452,0.1,0.12520273665431886,2321.876225458007,True,False
828,1570.0,1039,508491,0.1,0.11431445582665532,2325.556576083007,True,False
829,660.0,507,508998,0.1,0.12460241767423828,2327.3965910420084,True,False
830,820.0,673,509671,0.1,0.1312301360358972,2329.796353708007,True,False
831,530.0,494,510165,0.1,0.15012967557976803,2331.5530540000036,True,False
832,1490.0,978,511143,0.1,0.11662705866314593,2335.0382979999995,True,False
833,1100.0,783,511926,0.1,0.1307479365804822,2337.8300644170085,True,False
834,920.0,609,512535,0.1,0.11536939456862838,2340.0246800000023,True,False
835,240.0,293,512828,0.1,0.11085472963246945,2341.214486708006,True,False
836,600.0,531,513359,0.1,0.1356465546132037,2343.174703333003,True,False
837,430.0,433,513792,0.1,0.13339656946855946,2344.75835525,True,False
838,830.0,688,514480,0.1,0.13873927709971404,2347.294879542009,True,False
839,430.0,513,514993,0.1,0.14370647964824457,2349.157826708004,True,False
840,680.0,594,515587,0.1,0.1604773841697622,2351.375998625008,True,False
841,1120.0,1081,516668,0.1,0.13182323841151275,2355.260194375005,True,False
842,860.0,726,517394,0.1,0.13640778399592277,2357.8278530829994,True,False
843,530.0,433,517827,0.1,0.1376459258436053,2359.4090149580006,True,False
844,670.0,527,518354,0.1,0.12141891498344415,2361.312790541997,True,False
845,920.0,645,518999,0.1,0.11747777161205777,2363.6210766669974,True,False
846,870.0,681,519680,0.1,0.14349891722463726,2366.0954802080087,True,False
847,460.0,516,520196,0.1,0.13540788329848946,2367.9472765829996,True,False
848,980.0,637,520833,0.1,0.1665723700099771,2370.2119389169966,True,False
849,940.0,685,521518,0.1,0.11922047306832514,2372.8423964579997,True,False
850,720.0,641,522159,0.1,0.1399100356036797,2375.163940792001,True,False
851,360.0,436,522595,0.1,0.13639815883078707,2377.659824250004,True,False
852,800.0,722,523317,0.1,0.13500116963083572,2380.3762865000026,True,False
853,500.0,427,523744,0.1,0.1594973683496502,2381.8998807919997,True,False
854,1310.0,924,524668,0.1,0.13900826011030448,2385.241297875007,True,False
855,470.0,397,525065,0.1,0.16271963753182478,2386.6877547080076,True,False
856,1230.0,798,525863,0.1,0.15884621955229708,2389.517509042009,True,False
857,500.0,467,526330,0.1,0.16379600992569557,2391.2113047500025,True,False
858,310.0,369,526699,0.1,0.14573844793536092,2392.554016541995,True,False
859,2200.0,1044,527743,0.1,0.17126839349610137,2396.2514039579983,True,False
860,1240.0,754,528497,0.1,0.17383007687472163,2398.9469416670036,True,False
861,990.0,752,529249,0.1,0.15778900820643027,2401.718814874999,True,False
862,850.0,567,529816,0.1,0.1676352620124817,2403.9020265,True,False
863,490.0,502,530318,0.1,0.17400433853268624,2405.7039535420045,True,False
864,1510.0,832,531150,0.1,0.15463818363451326,2408.6803107919986,True,False
865,990.0,754,531904,0.1,0.19333869021720987,2411.502782249998,True,False
866,480.0,447,532351,0.1,0.14848882241829023,2413.1038542500028,True,False
867,1130.0,752,533103,0.1,0.14656841590445727,2415.834147542002,True,False
868,1940.0,934,534037,0.1,0.1585392853897861,2419.302000458003,True,False
869,900.0,706,534743,0.1,0.14627648307941854,2421.900067249997,True,False
870,620.0,536,535279,0.1,0.15758854109071083,2423.8415144169994,True,False
871,810.0,717,535996,0.1,0.14047736326853436,2426.4095835830085,True,False
872,390.0,418,536414,0.1,0.13634547155995208,2427.919619458,True,False
873,500.0,487,536901,0.1,0.14322974251919104,2429.7099298749963,True,False
874,930.0,635,537536,0.1,0.13702297070116368,2432.0116646249953,True,False
875,850.0,692,538228,0.1,0.1411800918874541,2434.758727332999,True,False
876,740.0,563,538791,0.1,0.16083170090402876,2437.9559701670078,True,False
877,760.0,731,539522,0.1,0.1693024283346257,2440.550603208001,True,False
878,1190.0,942,540464,0.1,0.13481717589074524,2444.0546055000013,True,False
879,490.0,390,540854,0.1,0.13287089559604826,2445.444760667,True,False
880,1720.0,793,541647,0.1,0.13786843477400265,2448.3034933750023,True,False
881,1150.0,700,542347,0.1,0.14772647112607956,2450.817492957998,True,False
882,640.0,667,543014,0.1,0.15784334579850742,2453.170378583003,True,False
883,670.0,653,543667,0.1,0.111835547614317,2455.5295275829994,True,False
884,1250.0,828,544495,0.1,0.13904163864067787,2458.468590042001,True,False
885,1740.0,892,545387,0.1,0.1417782477566747,2461.6518416250037,True,False
886,770.0,735,546122,0.1,0.12718683659382488,2464.469434957995,True,False
887,1690.0,750,546872,0.1,0.1473596866609172,2467.1893738329964,True,False
888,600.0,551,547423,0.1,0.13373545452571697,2469.1744382920006,True,False
889,640.0,620,548043,0.1,0.11534316619077037,2471.472842874995,True,False
890,860.0,772,548815,0.1,0.12907206796958964,2474.2698237919976,True,False
891,1610.0,1121,549936,0.1,0.1441021153431558,2478.271164417005,True,False
892,1000.0,973,550909,0.1,0.13999134181029022,2481.7792043329973,True,False
893,830.0,712,551621,0.1,0.11598409863000506,2484.3211690419994,True,False
894,1330.0,814,552435,0.1,0.1103939865279961,2487.2518815420044,True,False
895,1310.0,832,553267,0.1,0.11273855853897448,2490.3171408329945,True,False
896,700.0,626,553893,0.1,0.1167209059901678,2492.579104874996,True,False
897,620.0,568,554461,0.1,0.12317105125583394,2494.935643500008,True,False
898,1030.0,604,555065,0.1,0.12318329075166326,2497.1098164580035,True,False
899,630.0,541,555606,0.1,0.13508750742508305,2499.061242458003,True,False
900,950.0,836,556442,0.1,0.12901223361777348,2502.1409570420074,True,False
901,1190.0,721,557163,0.1,0.12306113924003309,2505.8866471250076,True,False
902,1310.0,859,558022,0.1,0.10463871778270532,2508.9680390419962,True,False
903,1130.0,618,558640,0.1,0.11526377535154743,2511.164381333001,True,False
904,1090.0,767,559407,0.1,0.10716825666110866,2513.922871457995,True,False
905,880.0,630,560037,0.1,0.10524698830197883,2516.175254792004,True,False
906,680.0,579,560616,0.1,0.10552946389492215,2518.236922541997,True,False
907,540.0,520,561136,0.1,0.11086692772805691,2520.096847624998,True,False
908,990.0,634,561770,0.1,0.11023488625459656,2522.3556076670066,True,False
909,1320.0,590,562360,0.1,0.1268415638447009,2524.6996504169947,True,False
910,1260.0,950,563310,0.1,0.12633262948773583,2528.147783958004,True,False
911,660.0,566,563876,0.1,0.12285526200446864,2530.249034875,True,False
912,680.0,582,564458,0.1,0.14324659098838938,2532.399278541998,True,False
913,610.0,480,564938,0.1,0.11950117788898448,2534.1627691250033,True,False
914,430.0,414,565352,0.1,0.11040145121156596,2535.654528208004,True,False
915,940.0,638,565990,0.1,0.12118342843305015,2537.9566764170013,True,False
916,960.0,831,566821,0.1,0.1225190407041317,2540.9850609580026,True,False
917,1040.0,698,567519,0.1,0.14359018949513463,2543.4727227920084,True,False
918,760.0,596,568115,0.1,0.10316325406600164,2545.6307876250066,True,False
919,1180.0,767,568882,0.1,0.12289458188267115,2548.4433720420056,True,False
920,870.0,854,569736,0.1,0.1277376197400355,2551.5273339580017,True,False
921,910.0,928,570664,0.1,0.13895139585506042,2554.971038292002,True,False
922,1070.0,609,571273,0.1,0.11055559592664634,2557.2508176249976,True,False
923,760.0,600,571873,0.1,0.16031495521465938,2559.4204014999996,True,False
924,370.0,431,572304,0.1,0.12564001387606064,2560.983327791997,True,False
925,1020.0,807,573111,0.1,0.1415151800978836,2563.895317667004,True,False
926,440.0,495,573606,0.1,0.12897775147951418,2566.6069764999993,True,False
927,1310.0,1033,574639,0.1,0.1329970530255936,2570.3040062079963,True,False
928,340.0,426,575065,0.1,0.11850473793032014,2571.856874958001,True,False
929,670.0,558,575623,0.1,0.12477017660363973,2573.856800583002,True,False
930,2720.0,867,576490,0.1,0.13760485404819112,2576.945633167008,True,False
931,2190.0,992,577482,0.1,0.1304174480892177,2580.5164039579977,True,False
932,590.0,561,578043,0.1,0.14101072400808334,2582.511880457998,True,False
933,600.0,642,578685,0.1,0.1358791300043556,2584.847242457996,True,False
934,1010.0,810,579495,0.1,0.12525560370286798,2587.936238333001,True,False
935,1580.0,976,580471,0.1,0.11082357382707175,2591.5677684580005,True,False
936,640.0,541,581012,0.1,0.1284576098790721,2593.5762675830047,True,False
937,1630.0,917,581929,0.1,0.13019818901267374,2596.993711999996,True,False
938,1140.0,787,582716,0.1,0.14288164228011813,2599.8394825419964,True,False
939,680.0,642,583358,0.1,0.13192774830386042,2602.135756917007,True,False
940,1480.0,878,584236,0.1,0.13038519634441895,2605.3053761670017,True,False
941,1190.0,779,585015,0.1,0.11049325649924192,2608.0725939580007,True,False
942,1900.0,1204,586219,0.1,0.10772724028218822,2612.3708909169945,True,False
943,890.0,575,586794,0.1,0.12251701841725865,2614.4504673330084,True,False
944,1180.0,748,587542,0.1,0.1242976465566273,2617.3969671670056,True,False
945,630.0,454,587996,0.1,0.1300488216312308,2619.048583208001,True,False
946,550.0,494,588490,0.1,0.1258252759774526,2620.848940708005,True,False
947,1060.0,972,589462,0.1,0.11058264009562539,2624.418929583,True,False
948,360.0,365,589827,0.1,0.12383610458410048,2625.7698107920005,True,False
949,730.0,494,590321,0.1,0.12356308470630357,2627.544901166999,True,False
950,680.0,756,591077,0.1,0.1223246341167146,2630.2645892919973,True,False
951,470.0,454,591531,0.1,0.13053635905076444,2632.918008791996,True,False
952,390.0,423,591954,0.1,0.11298522681771021,2634.439431042003,True,False
953,1170.0,663,592617,0.1,0.134801479628736,2636.8266846670012,True,False
954,1550.0,773,593390,0.1,0.1342811508905239,2639.599010042002,True,False
955,940.0,627,594017,0.1,0.11707048334038941,2641.8317964169983,True,False
956,920.0,839,594856,0.1,0.14205300559600195,2644.8616879580077,True,False
957,390.0,424,595280,0.1,0.12050689129545442,2646.581258082995,True,False
958,510.0,502,595782,0.1,0.1480078840702772,2648.3862612079974,True,False
959,950.0,623,596405,0.1,0.10870232188309996,2650.787736625003,True,False
960,920.0,569,596974,0.1,0.14015369858382873,2652.950234958,True,False
961,930.0,668,597642,0.1,0.15692581921191273,2655.540056166996,True,False
962,890.0,742,598384,0.1,0.12373413379874922,2658.2673655830004,True,False
963,620.0,597,598981,0.1,0.11485988854261853,2660.476099791995,True,False
964,730.0,669,599650,0.1,0.1318043634005471,2662.877456000002,True,False
965,800.0,879,600529,0.1,0.12483493198471313,2666.064568832997,True,False
966,820.0,750,601279,0.1,0.13428513576241738,2668.737545958007,True,False
967,1340.0,774,602053,0.1,0.1355079734294685,2676.577315292001,True,False
968,1030.0,710,602763,0.1,0.14648413242467043,2680.727263000008,True,False
969,680.0,843,603606,0.1,0.12194229869869365,2685.2001279999968,True,False
970,970.0,774,604380,0.1,0.114950249355632,2690.189843417,True,False
971,760.0,535,604915,0.1,0.13678329346939586,2693.155218832995,True,False
972,930.0,824,605739,0.1,0.1430706236222126,2699.0082193749986,True,False
973,630.0,613,606352,0.1,0.15021195625523467,2703.0231180830015,True,False
974,750.0,616,606968,0.1,0.14072228057382555,2707.0236372500076,True,False
975,750.0,650,607618,0.1,0.14525327629145282,2710.9226561670075,True,False
976,730.0,513,608131,0.1,0.15450953667459544,2715.2780531250028,True,False
977,840.0,609,608740,0.1,0.15667299529403642,2718.3406144170003,True,False
978,570.0,593,609333,0.1,0.12896034388324698,2721.7060968330043,True,False
979,620.0,516,609849,0.1,0.13885455188709636,2724.498287082999,True,False
980,1370.0,732,610581,0.1,0.1369438846824599,2728.6578795420064,True,False
981,680.0,677,611258,0.1,0.12383356685998172,2732.2020425000082,True,False
982,1210.0,838,612096,0.1,0.13654550300644977,2736.6061994170013,True,False
983,1220.0,1102,613198,0.1,0.13932368105108087,2742.555556583,True,False
984,390.0,472,613670,0.1,0.12802940660740358,2744.8730031250016,True,False
985,790.0,679,614349,0.1,0.13694427857065902,2748.3303711670014,True,False
986,1240.0,962,615311,0.1,0.1251716147797803,2753.544088249997,True,False
987,1570.0,791,616102,0.1,0.12265153366583165,2757.957447499997,True,False
988,1090.0,749,616851,0.1,0.12427945941049147,2761.8005980830058,True,False
989,470.0,493,617344,0.1,0.11018694506116933,2764.730935917003,True,False
990,1480.0,764,618108,0.1,0.12672066274074673,2768.9038780420087,True,False
991,460.0,490,618598,0.1,0.13798989535721598,2771.9434465000086,True,False
992,730.0,534,619132,0.1,0.11348693575988066,2774.7125469169987,True,False
993,750.0,622,619754,0.1,0.1267820267187011,2777.898424208004,True,False
994,1650.0,849,620603,0.1,0.13353585435147836,2781.997631582999,True,False
995,820.0,624,621227,0.1,0.11818467115219204,2785.2358130420034,True,False
996,870.0,531,621758,0.1,0.13722538296833522,2788.3024520000035,True,False
997,470.0,427,622185,0.1,0.09961229251158014,2790.6272012080008,True,False
998,530.0,564,622749,0.1,0.11278223540924542,2793.625929707996,True,False
999,400.0,426,623175,0.1,0.13754645039169294,2795.9210529580014,True,False
1000,630.0,675,623850,0.1,0.1374178892277049,2799.336609082995,True,False
1001,1170.0,860,624710,0.1,0.12064218715179799,2806.314257292004,True,False
1002,410.0,511,625221,0.1,0.12902115187898744,2809.1940485000086,True,False
1003,420.0,405,625626,0.1,0.12243266077251128,2811.0455945419963,True,False
1004,940.0,788,626414,0.1,0.12785871823313574,2815.209663792004,True,False
1005,590.0,491,626905,0.1,0.11979358734154119,2817.7843014579994,True,False
1006,950.0,568,627473,0.1,0.11824376593855485,2820.5505831670016,True,False
1007,600.0,515,627988,0.1,0.13561052423288195,2823.264090833007,True,False
1008,710.0,781,628769,0.1,0.13739796194892664,2827.390939917008,True,False
1009,420.0,436,629205,0.1,0.11930707545626328,2830.148057875005,True,False
1010,320.0,345,629550,0.1,0.137382349519189,2832.7583278749953,True,False
1011,1100.0,775,630325,0.1,0.12704300142094954,2837.214446958009,True,False
1012,590.0,526,630851,0.1,0.13754947240400406,2840.2593792080006,True,False
1013,570.0,532,631383,0.1,0.1243321694069563,2842.8986505420035,True,False
1014,760.0,735,632118,0.1,0.11454050419042291,2846.975355750008,True,False
1015,1450.0,630,632748,0.1,0.14576380868454145,2849.905922292004,True,False
1016,910.0,673,633421,0.1,0.1596600740504939,2853.2485812499945,True,False
1017,570.0,436,633857,0.1,0.1591864891965455,2855.417034124999,True,False
1018,850.0,802,634659,0.1,0.14431168181821705,2860.1108083330037,True,False
1019,490.0,440,635099,0.1,0.14630979328331623,2862.799538833002,True,False
1020,970.0,1006,636105,0.1,0.1269997331860756,2867.7630645419995,True,False
1021,800.0,644,636749,0.1,0.1523533478980849,2871.0027310000005,True,False
1022,550.0,492,637241,0.1,0.11984289407245512,2873.3281402919965,True,False
1023,720.0,676,637917,0.1,0.1419379346557623,2876.666572333008,True,False
1024,890.0,798,638715,0.1,0.1390121852670183,2880.512166875007,True,False
1025,720.0,565,639280,0.1,0.17105899398333171,2883.360451625005,True,False
1026,1640.0,839,640119,0.1,0.14297481323258157,2890.4009564169974,True,False
1027,920.0,719,640838,0.1,0.12740748456368844,2894.9566360000026,True,False
1028,670.0,557,641395,0.1,0.15649129187674832,2897.717862125006,True,False
1029,400.0,424,641819,0.1,0.1342191159690045,2899.951007583004,True,False
1030,820.0,705,642524,0.1,0.11269681127268379,2903.535917041998,True,False
1031,510.0,492,643016,0.1,0.14298034610787058,2906.047808042,True,False
1032,510.0,491,643507,0.1,0.15589314152593495,2908.5567930830002,True,False
1033,310.0,319,643826,0.1,0.15283604620490224,2910.484341000003,True,False
1034,970.0,806,644632,0.1,0.12788256161873884,2914.824885875001,True,False
1035,1580.0,752,645384,0.1,0.12345294096566578,2918.909208875004,True,False
1036,740.0,543,645927,0.1,0.1304130793031719,2921.669463291997,True,False
1037,250.0,326,646253,0.1,0.128183073704926,2923.377870666998,True,False
1038,890.0,604,646857,0.1,0.15455667957022096,2926.842931667008,True,False
1039,590.0,643,647500,0.1,0.15823206844629709,2930.3429912919964,True,False
1040,1470.0,807,648307,0.1,0.1579115597058588,2934.4557432080037,True,False
1041,1200.0,819,649126,0.1,0.13397620962705553,2938.8925299580005,True,False
1042,540.0,513,649639,0.1,0.15464794925355818,2941.3790776670066,True,False
1043,1200.0,645,650284,0.1,0.13745547873600397,2945.025296125008,True,False
1044,290.0,389,650673,0.1,0.11359418010742393,2947.0450710000005,True,False
1045,1180.0,672,651345,0.1,0.1474384540647623,2950.729486167009,True,False
1046,1060.0,594,651939,0.1,0.1554323920124286,2953.990397500005,True,False
1047,580.0,507,652446,0.1,0.13607876013055092,2956.8221758330037,True,False
1048,470.0,491,652937,0.1,0.16073120783681308,2959.212685499995,True,False
1049,660.0,523,653460,0.1,0.12602416760082008,2961.983836291998,True,False
1050,500.0,466,653926,0.1,0.14375792890144834,2964.4520981670066,True,False
1051,1210.0,635,654561,0.1,0.12196256850594245,2971.1298394170008,True,False
1052,950.0,717,655278,0.1,0.1307198994340344,2974.8921761670063,True,False
1053,800.0,599,655877,0.1,0.14243238323678573,2978.5451881250046,True,False
1054,1290.0,820,656697,0.1,0.16258850273017475,2982.858591541997,True,False
1055,700.0,584,657281,0.1,0.12653995661243592,2985.894690083005,True,False
1056,760.0,489,657770,0.1,0.14978368421558474,2988.496071750007,True,False
1057,2550.0,929,658699,0.1,0.13376784160861682,2994.0954027499974,True,False
1058,1090.0,756,659455,0.1,0.15275772352500883,2997.8515482079965,True,False
1059,480.0,451,659906,0.1,0.13829919244203948,3000.1960781249945,True,False
1060,420.0,468,660374,0.1,0.15696659512244737,3002.9277499580057,True,False
1061,600.0,539,660913,0.1,0.1640362721350458,3005.7765857500053,True,False
1062,780.0,838,661751,0.1,0.14126706650061754,3010.386061666999,True,False
1063,1480.0,903,662654,0.1,0.12136591092345461,3015.0188692920055,True,False
1064,860.0,710,663364,0.1,0.14930917076724634,3018.9131896670006,True,False
1065,1510.0,759,664123,0.1,0.15259768802022178,3022.8413093749987,True,False
1066,2060.0,608,664731,0.1,0.13035470431082344,3025.6626175830024,True,False
1067,700.0,544,665275,0.1,0.14049873611999347,3028.4465976670035,True,False
1068,740.0,619,665894,0.1,0.13970049953749103,3031.225110166997,True,False
1069,750.0,563,666457,0.1,0.13286055739414185,3033.8295728329977,True,False
1070,600.0,549,667006,0.1,0.14146280997045282,3036.9464372079965,True,False
1071,660.0,495,667501,0.1,0.12889718606827721,3039.9342587080027,True,False
1072,690.0,902,668403,0.1,0.14080336343083116,3044.977031125003,True,False
1073,780.0,663,669066,0.1,0.1405400847006275,3049.1543749999983,True,False
1074,420.0,511,669577,0.1,0.14710906591790263,3051.9398751249973,True,False
1075,1490.0,1168,670745,0.1,0.1437142962105062,3058.890055875003,True,False
1076,820.0,524,671269,0.1,0.13425279585004762,3064.5651785829978,True,False
1077,890.0,634,671903,0.1,0.12997219103235233,3068.2112133330083,True,False
1078,710.0,572,672475,0.1,0.1317923702039085,3071.3111999999965,True,False
1079,380.0,354,672829,0.1,0.1430715595821986,3073.175836292008,True,False
1080,640.0,511,673340,0.1,0.12328693331801333,3076.013630292,True,False
1081,1020.0,690,674030,0.1,0.1447502783239754,3080.150494792004,True,False
1082,3200.0,1156,675186,0.1,0.12346609033463736,3085.8850205000053,True,False
1083,1770.0,758,675944,0.1,0.1477935374959519,3089.4872115420003,True,False
1084,820.0,651,676595,0.1,0.11833356816413594,3093.5773456669995,True,False
1085,680.0,531,677126,0.1,0.1142555028900392,3096.6870218330005,True,False
1086,1040.0,799,677925,0.1,0.14779197895899415,3101.501474542005,True,False
1087,2580.0,806,678731,0.1,0.12169469178501349,3106.2548118330014,True,False
1088,580.0,503,679234,0.1,0.13040983135856332,3109.1864600420085,True,False
1089,1280.0,650,679884,0.1,0.12552075354279552,3112.3485260830057,True,False
1090,1350.0,482,680366,0.1,0.1257457872852683,3115.3646244170086,True,False
1091,870.0,696,681062,0.1,0.13945337324991994,3120.2546560000046,True,False
1092,480.0,422,681484,0.1,0.1118918555384537,3123.347677375001,True,False
1093,450.0,439,681923,0.1,0.11857110834381449,3126.2675969170086,True,False
1094,1370.0,740,682663,0.1,0.1303672384772752,3131.5610277079977,True,False
1095,1000.0,793,683456,0.1,0.13030447472991355,3136.3201740000077,True,False
1096,480.0,443,683899,0.1,0.12355809457261455,3139.055657417004,True,False
1097,1200.0,784,684683,0.1,0.13984996627788154,3143.6455702920066,True,False
1098,1070.0,1058,685741,0.1,0.12132038569675302,3148.9110732080007,True,False
1099,810.0,639,686380,0.1,0.13381817031186075,3151.715564041995,True,False
1100,1530.0,681,687061,0.1,0.13639719249571072,3154.963859583004,True,False
1101,560.0,408,687469,0.1,0.10758774864542134,3159.2875029580027,True,False
1102,1700.0,896,688365,0.1,0.10774512154083433,3163.560486875009,True,False
1103,1510.0,834,689199,0.1,0.13395806312417755,3167.254836542008,True,False
1104,1010.0,604,689803,0.1,0.15766010187961013,3170.2868415830017,True,False
1105,1000.0,649,690452,0.1,0.1187337462796024,3173.2666008749948,True,False
1106,1770.0,940,691392,0.1,0.11248727234754156,3177.4827153750084,True,False
1107,750.0,720,692112,0.1,0.1144909903096656,3180.6545802080072,True,False
1108,670.0,656,692768,0.1,0.13333031682797322,3183.645372708008,True,False
1109,770.0,636,693404,0.1,0.10781077408003358,3186.480985375005,True,False
1110,1430.0,862,694266,0.1,0.11523908827193947,3190.743865042008,True,False
1111,1250.0,805,695071,0.1,0.13380446126545542,3194.603529041997,True,False
1112,1100.0,767,695838,0.1,0.1370859470916912,3198.185792125005,True,False
1113,2580.0,929,696767,0.1,0.12607682839935197,3202.918428833,True,False
1114,1020.0,729,697496,0.1,0.09845248584335294,3206.116510042004,True,False
1115,700.0,541,698037,0.1,0.12397305214846575,3208.677189292008,True,False
1116,1430.0,824,698861,0.1,0.14071470826357893,3212.2689035420044,True,False
1117,930.0,699,699560,0.1,0.12036118812859059,3215.6309550830047,True,False
1118,1540.0,768,700328,0.1,0.13750041079280587,3219.1109270419984,True,False
1119,1450.0,711,701039,0.1,0.1251116148538172,3222.320960416997,True,False
1120,1640.0,693,701732,0.1,0.129674952081137,3225.3156790000066,True,False
1121,380.0,460,702192,0.1,0.12909749582733798,3227.4278490419965,True,False
1122,710.0,548,702740,0.1,0.1257984894905647,3230.2262818750023,True,False
1123,1040.0,962,703702,0.1,0.12777051805363346,3234.783827499996,True,False
1124,520.0,546,704248,0.1,0.11988127016781891,3237.2771289999946,True,False
1125,970.0,676,704924,0.1,0.11986964248870252,3240.2665827500023,True,False
1126,500.0,431,705355,0.1,0.14439887772792967,3243.9823306670005,True,False
1127,1160.0,759,706114,0.1,0.1273011455900575,3247.6908596669964,True,False
1128,1110.0,604,706718,0.1,0.13438316570311193,3250.5911070830043,True,False
1129,1070.0,577,707295,0.1,0.13758115253100792,3253.3655532919947,True,False
1130,1110.0,648,707943,0.1,0.13960990942094798,3256.190934166996,True,False
1131,1050.0,790,708733,0.1,0.1290579829929453,3259.970681000006,True,False
1132,1250.0,663,709396,0.1,0.12459447639938219,3263.392821542002,True,False
1133,590.0,447,709843,0.1,0.12284751239794868,3265.403254542005,True,False
1134,2150.0,692,710535,0.1,0.12711836892917666,3268.6251875000016,True,False
1135,1020.0,671,711206,0.1,0.1129878719359459,3271.5951032500016,True,False
1136,730.0,634,711840,0.1,0.12990609371343498,3274.729928832996,True,False
1137,1100.0,900,712740,0.1,0.12438040897250176,3279.235520167,True,False
1138,950.0,801,713541,0.1,0.1211902242153883,3283.401832500007,True,False
1139,1280.0,915,714456,0.1,0.14538916085712514,3288.0616867920035,True,False
1140,1020.0,855,715311,0.1,0.1362025703045544,3292.1001742920052,True,False
1141,1080.0,667,715978,0.1,0.13909726282079776,3295.137506291998,True,False
1142,1430.0,1063,717041,0.1,0.13117768253458845,3299.9638145000063,True,False
1143,1440.0,1030,718071,0.1,0.12177509540539772,3304.703977541998,True,False
1144,1530.0,895,718966,0.1,0.12449007303387459,3308.7983304170048,True,False
1145,1370.0,662,719628,0.1,0.14104139860943857,3312.1244636670017,True,False
1146,470.0,494,720122,0.1,0.12959421192848586,3314.339049375005,True,False
1147,1970.0,858,720980,0.1,0.09887483343482018,3318.2450238750025,True,False
1148,1120.0,835,721815,0.1,0.1160317018108729,3322.1719659999944,True,False
1149,690.0,537,722352,0.1,0.14221382139733543,3324.6131376249978,True,False
1150,360.0,492,722844,0.1,0.13561000973289092,3326.859279666998,True,False
1151,1280.0,986,723830,0.1,0.11918651264130585,3332.7029844579956,True,False
1152,860.0,596,724426,0.1,0.12730731351313576,3335.4562472499965,True,False
1153,550.0,443,724869,0.1,0.14822349430540124,3337.6271478749986,True,False
1154,1600.0,750,725619,0.1,0.10329866547755061,3340.840331166997,True,False
1155,820.0,566,726185,0.1,0.12918085844951196,3343.454430124999,True,False
1156,930.0,808,726993,0.1,0.12318325981423997,3346.9681482919987,True,False
1157,1520.0,892,727885,0.1,0.12095787324378843,3351.0127382920036,True,False
1158,720.0,516,728401,0.1,0.16335626272845638,3353.7379274999985,True,False
1159,1310.0,643,729044,0.1,0.11891834705096224,3356.520109624995,True,False
1160,470.0,475,729519,0.1,0.13017560803662923,3358.771978667006,True,False
1161,1130.0,942,730461,0.1,0.12377027909950179,3362.994465208001,True,False
1162,650.0,602,731063,0.1,0.10794921228041252,3365.7009923330043,True,False
1163,1720.0,848,731911,0.1,0.11831286682237713,3369.624006625003,True,False
1164,1120.0,684,732595,0.1,0.10950765778359614,3372.9905421250005,True,False
1165,760.0,578,733173,0.1,0.12128426549506599,3375.537415125,True,False
1166,810.0,745,733918,0.1,0.10831036907370373,3378.9792780419957,True,False
1167,800.0,542,734460,0.1,0.14734124633319237,3381.4405154169945,True,False
1168,990.0,729,735189,0.1,0.12755952647549437,3384.826817292007,True,False
1169,860.0,737,735926,0.1,0.1330436821723276,3388.2598152919963,True,False
1170,1120.0,688,736614,0.1,0.10396715625037634,3391.194644333009,True,False
1171,420.0,445,737059,0.1,0.11456413323747681,3393.247422875007,True,False
1172,650.0,599,737658,0.1,0.11587301397075256,3396.5954685000033,True,False
1173,1870.0,908,738566,0.1,0.11436370826666838,3401.2852549999952,True,False
1174,890.0,578,739144,0.1,0.1259707282072511,3403.9516132499994,True,False
1175,1370.0,834,739978,0.1,0.11737859307322651,3407.6571542500023,True,False
1176,870.0,764,740742,0.1,0.11956709145485418,3412.952849458001,True,False
1177,880.0,781,741523,0.1,0.1200277922149652,3415.8774922500015,True,False
1178,700.0,553,742076,0.1,0.11890441746109252,3417.927688958007,True,False
1179,310.0,324,742400,0.1,0.11943717611332734,3419.1273990000045,True,False
1180,1070.0,704,743104,0.1,0.1101269191448492,3421.685883792001,True,False
1181,950.0,721,743825,0.1,0.10691516678780318,3424.3445685000042,True,False
1182,580.0,547,744372,0.1,0.1244294964946317,3426.371190292004,True,False
1183,350.0,357,744729,0.1,0.12904546229859418,3427.6888285830064,True,False
1184,750.0,647,745376,0.1,0.12220059756051611,3430.120846292004,True,False
1185,1050.0,767,746143,0.1,0.14152825928990442,3432.9579012080067,True,False
1186,890.0,703,746846,0.1,0.13157483978747306,3435.6149820830033,True,False
1187,800.0,564,747410,0.1,0.14652453368225843,3437.6688770000037,True,False
1188,560.0,449,747859,0.1,0.1528835464601538,3439.300249417007,True,False
1189,1270.0,845,748704,0.1,0.12672820472035487,3442.3776465420087,True,False
1190,2500.0,782,749486,0.1,0.13534810330050115,3445.3939057499956,True,False
1191,580.0,593,750079,0.1,0.1237787182216306,3447.558311832996,True,False
1192,500.0,443,750522,0.1,0.14888728992291936,3449.1531399170053,True,False
1193,700.0,441,750963,0.1,0.12367209499193864,3450.740207583003,True,False
1194,540.0,723,751686,0.1,0.1336278881651262,3453.3480324170087,True,False
1195,1170.0,958,752644,0.1,0.12604725086906304,3456.822204666998,True,False
1196,1290.0,831,753475,0.1,0.12340366557816376,3459.837121999997,True,False
1197,790.0,613,754088,0.1,0.12467892865904352,3462.093022957997,True,False
1198,750.0,941,755029,0.1,0.11684391413755874,3465.4667232920037,True,False
1199,480.0,537,755566,0.1,0.12263347761733319,3467.413993417009,True,False
1200,1100.0,661,756227,0.1,0.11376386542211879,3469.805733333007,True,False
1201,1050.0,650,756877,0.1,0.13258890279688718,3474.2821068330086,True,False
1202,850.0,590,757467,0.1,0.12272591828083505,3476.466836499996,True,False
1203,630.0,493,757960,0.1,0.11288635504822578,3478.2920122500072,True,False
1204,660.0,464,758424,0.1,0.1140363484396246,3480.118713292002,True,False
1205,680.0,513,758937,0.1,0.124545734419371,3482.0386936249997,True,False
1206,570.0,433,759370,0.1,0.12006911938941037,3483.6451640830055,True,False
1207,1060.0,610,759980,0.1,0.13066755201107536,3485.892100291996,True,False
1208,1020.0,784,760764,0.1,0.13808146373805952,3488.7426300420047,True,False
1209,400.0,375,761139,0.1,0.1289692909246491,3490.222814499997,True,False
1210,740.0,628,761767,0.1,0.12753580546208249,3492.5277035000036,True,False
1211,700.0,613,762380,0.1,0.12762202973199355,3494.7597842499963,True,False
1212,640.0,531,762911,0.1,0.12372943171949098,3496.695959375007,True,False
1213,1430.0,670,763581,0.1,0.1262254130450033,3499.1449775000074,True,False
1214,1440.0,754,764335,0.1,0.1294952735919109,3501.8371184999996,True,False
1215,1850.0,871,765206,0.1,0.12598522579929697,3505.058210083007,True,False
1216,1190.0,935,766141,0.1,0.12669617539414993,3508.4473465830088,True,False
1217,770.0,808,766949,0.1,0.11782697120699848,3511.3287960419984,True,False
1218,1390.0,639,767588,0.1,0.14235068978741766,3513.6814052499976,True,False
1219,690.0,617,768205,0.1,0.1071454014435604,3515.901582999999,True,False
1220,1050.0,625,768830,0.1,0.11396428412542893,3518.133452292008,True,False
1221,1260.0,898,769728,0.1,0.10916778366598819,3521.362003083006,True,False
1222,850.0,767,770495,0.1,0.12049537048679997,3524.0999025000056,True,False
1223,1100.0,877,771372,0.1,0.1130164177918976,3527.271942499996,True,False
1224,1370.0,564,771936,0.1,0.10593852671589835,3529.337679874996,True,False
1225,1420.0,579,772515,0.1,0.1014998549491995,3531.422530833006,True,False
1226,1130.0,998,773513,0.1,0.12354508827626705,3536.5082677080063,True,False
1227,1050.0,821,774334,0.1,0.11911317041007484,3539.494557625003,True,False
1228,360.0,424,774758,0.1,0.1040685398082407,3541.0900237500027,True,False
1229,940.0,796,775554,0.1,0.12504569456056136,3544.0239369580086,True,False
1230,1540.0,807,776361,0.1,0.11758410463128055,3546.9407584169967,True,False
1231,570.0,543,776904,0.1,0.10602040961384773,3548.9312291670067,True,False
1232,970.0,684,777588,0.1,0.1152568724856042,3551.5617236670078,True,False
1233,1080.0,689,778277,0.1,0.10513596106753793,3554.063859957998,True,False
1234,690.0,547,778824,0.1,0.1275246188887497,3556.0504947500012,True,False
1235,1630.0,649,779473,0.1,0.11029247914291458,3558.426588125003,True,False
1236,2470.0,900,780373,0.1,0.11481659705440203,3561.682055792,True,False
1237,1020.0,599,780972,0.1,0.09507344613472621,3563.8892597079976,True,False
1238,720.0,553,781525,0.1,0.10374855098948962,3565.9062195419974,True,False
1239,530.0,513,782038,0.1,0.13306666066637263,3567.8492707920086,True,False
1240,840.0,637,782675,0.1,0.1067889754385131,3570.1581163329975,True,False
1241,1100.0,857,783532,0.1,0.103917514654093,3573.252525707998,True,False
1242,530.0,584,784116,0.1,0.11690479773415687,3575.3890657500015,True,False
1243,1130.0,654,784770,0.1,0.12650092320939516,3577.727266083006,True,False
1244,770.0,688,785458,0.1,0.1284761180516419,3580.2367142919975,True,False
1245,930.0,642,786100,0.1,0.11656303058222214,3582.560155542,True,False
1246,1180.0,667,786767,0.1,0.12630005041698375,3584.9947947080072,True,False
1247,920.0,527,787294,0.1,0.09437785365364769,3586.9327155420033,True,False
1248,600.0,580,787874,0.1,0.12633404255170247,3589.029081917004,True,False
1249,590.0,580,788454,0.1,0.13876306906599423,3591.167028416996,True,False
1250,1580.0,932,789386,0.1,0.1391922162422039,3594.6012754999974,True,False
1251,1000.0,662,790048,0.1,0.1253144654770752,3598.367052292,True,False
1252,410.0,447,790495,0.1,0.11548023593721089,3600.078753958005,True,False
1253,640.0,602,791097,0.1,0.12629363666109691,3602.289580249999,True,False
1254,690.0,565,791662,0.1,0.12147468990309442,3604.4019381249964,True,False
1255,740.0,556,792218,0.1,0.11709797347513892,3606.4725371670065,True,False
1256,510.0,449,792667,0.1,0.12876901930264598,3608.1086970830074,True,False
1257,700.0,578,793245,0.1,0.16235533903898863,3610.351590457998,True,False
1258,330.0,346,793591,0.1,0.1428541990733424,3611.7525130419963,True,False
1259,1630.0,929,794520,0.1,0.1330705073945896,3615.1511566249974,True,False
1260,360.0,423,794943,0.1,0.14290457857506617,3616.7014847920072,True,False
1261,730.0,547,795490,0.1,0.15468405801666915,3618.7031109579984,True,False
1262,1100.0,744,796234,0.1,0.12589031903533845,3621.4263067499996,True,False
1263,1220.0,771,797005,0.1,0.14051472416890717,3624.230477207995,True,False
1264,530.0,546,797551,0.1,0.14109265861813636,3626.2297583330073,True,False
1265,670.0,545,798096,0.1,0.12097194743254323,3628.348348416999,True,False
1266,1290.0,841,798937,0.1,0.14383471836114214,3631.384160667003,True,False
1267,1310.0,907,799844,0.1,0.13844038543623713,3634.7270512079995,True,False
1268,940.0,602,800446,0.1,0.14275890658299129,3636.9721694580076,True,False
1269,1020.0,611,801057,0.1,0.1500154875608441,3639.229374167,True,False
1270,420.0,374,801431,0.1,0.15037731545907196,3640.5939980830008,True,False
1271,970.0,707,802138,0.1,0.15447561932191,3643.137091208002,True,False
1272,1880.0,924,803062,0.1,0.1421008323242654,3646.450839958008,True,False
1273,860.0,741,803803,0.1,0.13969442371178317,3649.1128347500053,True,False
1274,1520.0,947,804750,0.1,0.14400847589416343,3652.5285562920035,True,False
1275,700.0,675,805425,0.1,0.1546259850329725,3654.9409962500067,True,False
1276,750.0,547,805972,0.1,0.15195722555755264,3657.731342333005,True,False
1277,1050.0,661,806633,0.1,0.1268871668161768,3660.3161169170053,True,False
1278,1410.0,954,807587,0.1,0.14913197506626114,3663.722482625002,True,False
1279,560.0,480,808067,0.1,0.12530689820026358,3665.511958000003,True,False
1280,390.0,453,808520,0.1,0.14112268603946032,3667.192651582998,True,False
1281,430.0,387,808907,0.1,0.13536358977823207,3668.592050082996,True,False
1282,650.0,481,809388,0.1,0.1542456544750978,3670.466951583003,True,False
1283,720.0,582,809970,0.1,0.13475614981404666,3672.6165538750065,True,False
1284,570.0,570,810540,0.1,0.14189103170187323,3674.7104894170043,True,False
1285,1840.0,602,811142,0.1,0.14177313074469566,3676.8758642500034,True,False
1286,1590.0,955,812097,0.1,0.13899822386612953,3680.3281613330037,True,False
1287,630.0,516,812613,0.1,0.1322347416953985,3682.2240370000072,True,False
1288,2010.0,955,813568,0.1,0.1421809648884515,3685.6612966670073,True,False
1289,790.0,835,814403,0.1,0.14396339019115728,3688.683104750002,True,False
1290,1340.0,630,815033,0.1,0.15258519836005907,3691.0931103750045,True,False
1291,570.0,514,815547,0.1,0.1419545095122885,3692.947025667003,True,False
1292,1230.0,808,816355,0.1,0.12561429936512566,3695.891665707997,True,False
1293,880.0,688,817043,0.1,0.12888481574089722,3698.4063854999986,True,False
1294,190.0,304,817347,0.1,0.11573371903872803,3699.5171625420044,True,False
1295,1170.0,781,818128,0.1,0.14740510566198095,3702.319798042008,True,False
1296,1730.0,851,818979,0.1,0.1365219375628205,3705.469085250006,True,False
1297,1230.0,827,819806,0.1,0.1264926706607215,3708.4456013750023,True,False
1298,600.0,466,820272,0.1,0.13870888957992578,3710.124763458007,True,False
1299,470.0,386,820658,0.1,0.12202861656745274,3711.572869583004,True,False
1300,1200.0,859,821517,0.1,0.12004305634560973,3714.7839962080034,True,False
1301,990.0,706,822223,0.1,0.12993807535068216,3718.789408083001,True,False
1302,710.0,663,822886,0.1,0.12515315564955215,3721.4558839999954,True,False
1303,840.0,790,823676,0.1,0.15166932517530943,3727.8600608749985,True,False
1304,1040.0,1042,824718,0.1,0.12744745698112708,3734.117009249996,True,False
1305,840.0,700,825418,0.1,0.12072360608194556,3738.2047032919945,True,False
1306,900.0,770,826188,0.1,0.14505247395350526,3742.711802667007,True,False
1307,1030.0,642,826830,0.1,0.13831183901056648,3745.821282292003,True,False
1308,450.0,442,827272,0.1,0.12166228336659637,3748.4663424169994,True,False
1309,1270.0,826,828098,0.1,0.13361099363277548,3752.642034000004,True,False
1310,930.0,769,828867,0.1,0.13974721358196499,3756.107249374996,True,False
1311,520.0,512,829379,0.1,0.1274323825346073,3758.482982917005,True,False
1312,420.0,403,829782,0.1,0.13411080204688086,3760.3902912500052,True,False
1313,1580.0,675,830457,0.1,0.15972761446114123,3764.9094169580057,True,False
1314,1080.0,890,831347,0.1,0.1412221235265066,3771.2143222500017,True,False
1315,1770.0,889,832236,0.1,0.11169889578470467,3777.805993957998,True,False
1316,830.0,534,832770,0.1,0.12430469464874805,3781.258820083007,True,False
1317,2710.0,1064,833834,0.1,0.12830512538636313,3789.0170450830046,True,False
1318,530.0,405,834239,0.1,0.14070367761472663,3792.0228967500007,True,False
1319,1130.0,905,835144,0.1,0.13770992910317126,3798.399164375005,True,False
1320,670.0,545,835689,0.1,0.12762041554293213,3802.5747131249955,True,False
1321,1460.0,789,836478,0.1,0.14962326093260103,3808.4083609579975,True,False
1322,900.0,669,837147,0.1,0.1451611919718945,3813.2300307080004,True,False
1323,640.0,438,837585,0.1,0.1357863872904669,3816.366328083008,True,False
1324,250.0,313,837898,0.1,0.13317904177193457,3818.7243891249964,True,False
1325,520.0,480,838378,0.1,0.1401889591322591,3822.1802272500063,True,False
1326,980.0,747,839125,0.1,0.12652792363243306,3827.8888461250026,True,False
1327,600.0,469,839594,0.1,0.1436858895815845,3830.023027000003,True,False
1328,910.0,614,840208,0.1,0.15206090358460878,3832.879189625004,True,False
1329,1340.0,835,841043,0.1,0.11910851403641012,3836.559491167005,True,False
1330,1010.0,648,841691,0.1,0.14790016087346974,3839.4720744170045,True,False
1331,1290.0,826,842517,0.1,0.13529142305470895,3843.2308829579997,True,False
1332,700.0,551,843068,0.1,0.11146992856663639,3845.8971774579986,True,False
1333,1360.0,610,843678,0.1,0.124314833983877,3848.7321884170087,True,False
1334,1350.0,783,844461,0.1,0.13310231187627936,3853.473065833008,True,False
1335,1300.0,843,845304,0.1,0.1527009783709925,3857.4278832080017,True,False
1336,790.0,509,845813,0.1,0.14944214551291596,3859.646153875001,True,False
1337,600.0,551,846364,0.1,0.1337944241375595,3862.4308100000053,True,False
1338,1700.0,881,847245,0.1,0.1337467313913459,3866.332408500006,True,False
1339,1010.0,821,848066,0.1,0.1636357247920298,3869.968225417004,True,False
1340,1440.0,830,848896,0.1,0.13037691939657983,3873.8699152920017,True,False
1341,640.0,495,849391,0.1,0.1450578816749943,3876.320852332996,True,False
1342,430.0,494,849885,0.1,0.15283575852311426,3878.697811332997,True,False
1343,1860.0,1008,850893,0.1,0.1376425669942465,3883.3891518330056,True,False
1344,750.0,573,851466,0.1,0.12697362510318105,3885.847244167002,True,False
1345,640.0,457,851923,0.1,0.14953249769710136,3887.9897008749977,True,False
1346,1460.0,675,852598,0.1,0.12823967914477255,3891.281851125008,True,False
1347,1240.0,969,853567,0.1,0.13281510727988047,3895.9911747919978,True,False
1348,1510.0,619,854186,0.1,0.1437611169632404,3899.0305515000073,True,False
1349,720.0,551,854737,0.1,0.14804509071552235,3901.6548331250087,True,False
1350,790.0,616,855353,0.1,0.14111562963429983,3904.8222488750034,True,False
1351,690.0,542,855895,0.1,0.14727393786112467,3909.2596255829994,True,False
1352,860.0,492,856387,0.1,0.12717014696539902,3911.9697652500035,True,False
1353,910.0,537,856924,0.1,0.15130449125060327,3914.6464691250003,True,False
1354,1000.0,628,857552,0.1,0.14642801574745756,3917.782483457995,True,False
1355,610.0,591,858143,0.1,0.1385176559137244,3920.418622166995,True,False
1356,1560.0,880,859023,0.1,0.14121140009638938,3924.630470749995,True,False
1357,970.0,582,859605,0.1,0.14542700745777726,3927.500707708008,True,False
1358,1510.0,1025,860630,0.1,0.16140841501328396,3932.2013049170055,True,False
1359,840.0,634,861264,0.1,0.12430543231092533,3934.598509208008,True,False
1360,920.0,640,861904,0.1,0.11628233208321034,3937.2384440830065,True,False
1361,1010.0,771,862675,0.1,0.13556788097290942,3940.0752276669955,True,False
1362,520.0,499,863174,0.1,0.11654814077913761,3941.8996576670033,True,False
1363,980.0,652,863826,0.1,0.124399634203845,3944.379071874995,True,False
1364,1050.0,581,864407,0.1,0.12412193647489465,3946.5545212080033,True,False
1365,1190.0,689,865096,0.1,0.14002268120775677,3949.060745583003,True,False
1366,1310.0,1080,866176,0.1,0.14651443451918938,3952.9928318330058,True,False
1367,1210.0,721,866897,0.1,0.13007024209946394,3955.6211622919946,True,False
1368,1540.0,775,867672,0.1,0.12456371967402316,3958.4056462080043,True,False
1369,360.0,390,868062,0.1,0.11665081194381124,3959.815286666999,True,False
1370,680.0,536,868598,0.1,0.12031334122893081,3961.7808824999956,True,False
1371,500.0,423,869021,0.1,0.13927428255665977,3963.3414215000084,True,False
1372,1390.0,853,869874,0.1,0.13052258408790182,3966.4472801670054,True,False
1373,990.0,582,870456,0.1,0.1485906670584458,3968.853136125006,True,False
1374,950.0,724,871180,0.1,0.14372187163372066,3971.588742125008,True,False
1375,1520.0,753,871933,0.1,0.14185107441896455,3974.327499082996,True,False
1376,1230.0,871,872804,0.1,0.13246573858954216,3978.8360497920075,True,False
1377,750.0,600,873404,0.1,0.13646203371385734,3981.130005208004,True,False
1378,540.0,443,873847,0.1,0.1468524937771938,3982.7542434579955,True,False
1379,1120.0,892,874739,0.1,0.14774446354786377,3985.9396964580083,True,False
1380,540.0,452,875191,0.1,0.14122176933539124,3987.7055606670037,True,False
1381,1220.0,760,875951,0.1,0.18274011549196745,3990.5998205829965,True,False
1382,360.0,394,876345,0.1,0.17881498768022566,3992.110453500005,True,False
1383,1330.0,1135,877480,0.1,0.15400998852491168,3996.2432382499974,True,False
1384,3750.0,556,878036,0.1,0.1593583592032786,3998.3922142500087,True,False
1385,1350.0,752,878788,0.1,0.14340942856320676,4001.259162292001,True,False
1386,520.0,483,879271,0.1,0.14796408295320967,4003.0393956250045,True,False
1387,1500.0,767,880038,0.1,0.15393433026232137,4005.848279333004,True,False
1388,1080.0,639,880677,0.1,0.14319518250413238,4008.233949917005,True,False
1389,1060.0,690,881367,0.1,0.15291043738076507,4010.7569950830075,True,False
1390,1460.0,1128,882495,0.1,0.1437624800481325,4014.8158200000034,True,False
1391,770.0,604,883099,0.1,0.15109444695790084,4017.034690166998,True,False
1392,720.0,610,883709,0.1,0.1380034058044354,4019.2359552499984,True,False
1393,1140.0,864,884573,0.1,0.14345975627225857,4022.340922125004,True,False
1394,720.0,610,885183,0.1,0.15251856325439325,4024.5556127080054,True,False
1395,860.0,753,885936,0.1,0.14646719869167085,4027.334304917007,True,False
1396,2030.0,898,886834,0.1,0.15003811755949364,4031.0141915830027,True,False
1397,980.0,794,887628,0.1,0.14698606218450033,4033.9621104170074,True,False
1398,940.0,648,888276,0.1,0.13231232157551948,4036.4917731669993,True,False
1399,1400.0,790,889066,0.1,0.14727227166673254,4039.439570292001,True,False
1400,960.0,617,889683,0.1,0.14595573455966138,4041.6747273329966,True,False
1401,550.0,494,890177,0.1,0.1280307480764966,4044.8303037919977,True,False
1402,460.0,397,890574,0.1,0.15130540604392687,4046.2831981250056,True,False
1403,1300.0,1031,891605,0.1,0.1449627971796449,4049.985522917006,True,False
1404,630.0,543,892148,0.1,0.1437921297517331,4052.042571583006,True,False
1405,1100.0,709,892857,0.1,0.12468580604862359,4054.6343556250067,True,False
1406,1060.0,683,893540,0.1,0.13461907650207916,4057.112955417004,True,False
1407,1560.0,870,894410,0.1,0.15298915107644373,4060.2566761250055,True,False
1408,270.0,299,894709,0.1,0.16366716653108596,4061.3686707919987,True,False
1409,1140.0,735,895444,0.1,0.12737204342999536,4064.1470312500023,True,False
1410,530.0,547,895991,0.1,0.1328153586398591,4066.1339510420075,True,False
1411,1700.0,956,896947,0.1,0.1370682139728982,4069.6103786250023,True,False
1412,500.0,570,897517,0.1,0.14290588617429034,4071.662717750005,True,False
1413,1000.0,820,898337,0.1,0.13826000037171493,4074.6802390000084,True,False
1414,470.0,458,898795,0.1,0.1378480932724319,4076.342935749999,True,False
1415,590.0,630,899425,0.1,0.13745524216726235,4078.6015738330025,True,False
1416,600.0,473,899898,0.1,0.13044598670202798,4080.3115398750087,True,False
1417,1480.0,774,900672,0.1,0.14082792532851093,4083.1353625000047,True,False
1418,1570.0,1396,902068,0.1,0.1621441432304232,4088.364206041995,True,False
1419,1290.0,800,902868,0.1,0.13388689963147044,4091.3905532920035,True,False
1420,910.0,700,903568,0.1,0.12231309158461434,4094.1101771670074,True,False
1421,1260.0,915,904483,0.1,0.11569295599729869,4097.471982832998,True,False
1422,1580.0,822,905305,0.1,0.13419475729206523,4100.476267457998,True,False
1423,570.0,561,905866,0.1,0.13225123143887946,4102.527382125001,True,False
1424,1180.0,835,906701,0.1,0.11726377582685514,4105.5733753749955,True,False
1425,560.0,508,907209,0.1,0.13085738001904618,4107.411153207999,True,False
1426,990.0,686,907895,0.1,0.1031285782851148,4111.230302666998,True,False
1427,510.0,521,908416,0.1,0.11590864131127605,4113.136732458006,True,False
1428,980.0,849,909265,0.1,0.12970006233081222,4116.225524791997,True,False
1429,520.0,489,909754,0.1,0.11600376045728317,4118.005795874997,True,False
1430,760.0,662,910416,0.1,0.14475743418716522,4120.415190250002,True,False
1431,1050.0,673,911089,0.1,0.10552845049339037,4122.860687833003,True,False
1432,560.0,572,911661,0.1,0.12800158969276434,4125.0081336250005,True,False
1433,1280.0,767,912428,0.1,0.14378266507022394,4132.212445958008,True,False
1434,470.0,400,912828,0.1,0.14167376201599835,4135.372197457997,True,False
1435,1030.0,915,913743,0.1,0.14635701851690547,4141.551919042002,True,False
1436,1350.0,783,914526,0.1,0.13001640933584802,4146.9790402500075,True,False
1437,1540.0,1322,915848,0.1,0.12969558687706187,4156.054230499998,True,False
1438,1140.0,877,916725,0.1,0.13978911408958913,4162.198743292,True,False
1439,440.0,426,917151,0.1,0.11074424020172853,4165.169626208008,True,False
1440,670.0,519,917670,0.1,0.12778281977830025,4168.473833541997,True,False
1441,1200.0,622,918292,0.1,0.13804136460217145,4172.629658082995,True,False
1442,790.0,730,919022,0.1,0.12342513870488811,4177.819192833005,True,False
1443,620.0,568,919590,0.1,0.11649974074844323,4181.730250749999,True,False
1444,280.0,316,919906,0.1,0.1209045030129484,4183.828170958004,True,False
1445,480.0,450,920356,0.1,0.13362901596830482,4187.104504542003,True,False
1446,390.0,380,920736,0.1,0.10449374004414207,4189.806840125006,True,False
1447,1400.0,641,921377,0.1,0.12254710928536952,4194.3131605829985,True,False
1448,1620.0,787,922164,0.1,0.13516880621953967,4199.762341249996,True,False
1449,1690.0,716,922880,0.1,0.14656701536235198,4204.871798125008,True,False
1450,640.0,527,923407,0.1,0.13293638036280642,4208.461325917,True,False
1451,430.0,406,923813,0.1,0.12023530484122388,4212.426485792006,True,False
1452,620.0,632,924445,0.1,0.11972601609186659,4215.41975375,True,False
1453,1090.0,766,925211,0.1,0.12573970549042623,4218.865254707998,True,False
1454,1170.0,766,925977,0.1,0.1271615375590045,4222.590175250007,True,False
1455,1100.0,709,926686,0.1,0.11804006846442734,4225.998635374999,True,False
1456,500.0,444,927130,0.1,0.12416141844346179,4227.984045542005,True,False
1457,830.0,626,927756,0.1,0.11215027481032784,4230.906743750005,True,False
1458,1010.0,582,928338,0.1,0.11644388286974923,4233.713760083003,True,False
1459,480.0,448,928786,0.1,0.11953516269568354,4236.132102917007,True,False
1460,1100.0,801,929587,0.1,0.13430755777284503,4240.251229625006,True,False
1461,560.0,466,930053,0.1,0.10777642319981869,4242.3384252079995,True,False
1462,1030.0,683,930736,0.1,0.12094439135875269,4245.476318583009,True,False
1463,950.0,759,931495,0.1,0.14841125625624227,4248.862201791999,True,False
1464,1320.0,1078,932573,0.1,0.1276539956529935,4253.866909457996,True,False
1465,1030.0,766,933339,0.1,0.11877917838209742,4257.602852958007,True,False
1466,1110.0,752,934091,0.1,0.13281357800588012,4260.521837958004,True,False
1467,1510.0,931,935022,0.1,0.11896976049142079,4263.934125667001,True,False
1468,1030.0,711,935733,0.1,0.1170047168735038,4266.5512028749945,True,False
1469,510.0,544,936277,0.1,0.14740891860085814,4268.531797292002,True,False
1470,1380.0,699,936976,0.1,0.09896151489445142,4271.121900458005,True,False
1471,990.0,781,937757,0.1,0.12451466015802744,4273.929449917006,True,False
1472,1790.0,912,938669,0.1,0.1275537695506947,4277.212871416996,True,False
1473,950.0,811,939480,0.1,0.11802677713848393,4280.3508896669955,True,False
1474,1420.0,823,940303,0.1,0.14202520632889212,4283.3125745,True,False
1475,790.0,621,940924,0.1,0.10083278193353461,4285.571568832995,True,False
1476,770.0,552,941476,0.1,0.11350952229206113,4288.751751375006,True,False
1477,830.0,704,942180,0.1,0.10200394599021158,4291.282786458003,True,False
1478,660.0,480,942660,0.1,0.12964753893514475,4293.022770124997,True,False
1479,1680.0,846,943506,0.1,0.12160799971900844,4296.066142791999,True,False
1480,680.0,678,944184,0.1,0.10942723495776162,4298.585209792,True,False
1481,1180.0,765,944949,0.1,0.11291945398009884,4301.322197166999,True,False
1482,740.0,593,945542,0.1,0.11188099107931594,4306.721981124996,True,False
1483,970.0,722,946264,0.1,0.12821816925720944,4309.544743874998,True,False
1484,1690.0,860,947124,0.1,0.10829329548706843,4312.794357000006,True,False
1485,1260.0,863,947987,0.1,0.11725262877379738,4315.904173333009,True,False
1486,1160.0,791,948778,0.1,0.10797350871555432,4318.788916082995,True,False
1487,1140.0,795,949573,0.1,0.12270341984852774,4321.658042958006,True,False
1488,1480.0,626,950199,0.1,0.12417503575292918,4323.915540167,True,False
1489,2370.0,778,950977,0.1,0.11425086547357914,4326.727959541997,True,False
1490,600.0,474,951451,0.1,0.11722901626095428,4328.435420124995,True,False
1491,1490.0,1079,952530,0.1,0.12447663437989023,4332.380859416997,True,False
1492,440.0,420,952950,0.1,0.10454678253403732,4333.921273375003,True,False
1493,2270.0,1094,954044,0.1,0.11923778377962808,4337.832170708003,True,False
1494,480.0,377,954421,0.1,0.1145108403994682,4339.218683125,True,False
1495,2660.0,972,955393,0.1,0.1289942452354441,4342.866567500008,True,False
1496,1450.0,648,956041,0.1,0.12525209008405605,4345.209448708003,True,False
1497,570.0,529,956570,0.1,0.10403056815266609,4347.133219083,True,False
1498,930.0,702,957272,0.1,0.12412981234956533,4349.674436250003,True,False
1499,1330.0,662,957934,0.1,0.09963645814268877,4352.045950792002,True,False
1500,710.0,596,958530,0.1,0.09655532210865277,4354.211297582995,True,False
1501,1560.0,851,959381,0.1,0.12556788487088794,4358.659686542,True,False
1502,1020.0,678,960059,0.1,0.11416331408600483,4361.095824457996,True,False
1503,1390.0,920,960979,0.1,0.11968082149877496,4364.433780542007,True,False
1504,1500.0,708,961687,0.1,0.11575232006314784,4367.014220333003,True,False
1505,990.0,602,962289,0.1,0.09744482123545858,4369.202654332999,True,False
1506,1480.0,718,963007,0.1,0.1037805586345702,4371.899454500002,True,False
1507,1160.0,775,963782,0.1,0.10523999038814884,4374.670045207997,True,False
1508,400.0,422,964204,0.1,0.1093582678937687,4376.208608292,True,False
1509,1120.0,752,964956,0.1,0.11438380904059778,4378.9330354580015,True,False
1510,1080.0,808,965764,0.1,0.10788203091683364,4381.825952250001,True,False
1511,1250.0,988,966752,0.1,0.10356115653115487,4385.363231916999,True,False
1512,510.0,482,967234,0.1,0.1195560014496247,4387.105042416995,True,False
1513,1130.0,934,968168,0.1,0.11056825938101253,4390.533338124995,True,False
1514,1310.0,677,968845,0.1,0.1394575730340897,4392.9754389169975,True,False
1515,770.0,618,969463,0.1,0.12113822614411254,4395.199124958002,True,False
1516,730.0,599,970062,0.1,0.1462866768365105,4397.363448792006,True,False
1517,1720.0,898,970960,0.1,0.14751799142195118,4400.551544957998,True,False
1518,670.0,668,971628,0.1,0.10796284891977281,4403.119484042007,True,False
1519,740.0,632,972260,0.1,0.11391974430342641,4405.378950124999,True,False
1520,770.0,574,972834,0.1,0.12235427811950236,4407.446319708004,True,False
1521,1330.0,693,973527,0.1,0.12910900531993436,4409.960560874999,True,False
1522,1170.0,756,974283,0.1,0.13640832564936428,4412.7068123329955,True,False
1523,1250.0,764,975047,0.1,0.11969839354382135,4415.451306292001,True,False
1524,920.0,695,975742,0.1,0.1173504351520504,4417.943730875006,True,False
1525,2030.0,846,976588,0.1,0.11840267361686477,4421.009191624995,True,False
1526,2070.0,915,977503,0.1,0.12380806450617679,4425.532465042008,True,False
1527,710.0,516,978019,0.1,0.112790881287913,4427.492559499995,True,False
1528,830.0,664,978683,0.1,0.13074283852769308,4429.9071793750045,True,False
1529,1520.0,796,979479,0.1,0.10382253281659816,4432.874298875002,True,False
1530,1420.0,685,980164,0.1,0.10982855725600275,4435.358069249996,True,False
1531,990.0,717,980881,0.1,0.13567734979009827,4438.150897250001,True,False
1532,1090.0,728,981609,0.1,0.12223397569915095,4440.801532792,True,False
1533,1310.0,1057,982666,0.1,0.1136638903708169,4444.608244000003,True,False
1534,960.0,532,983198,0.1,0.1115783587154141,4446.575989792007,True,False
1535,1010.0,597,983795,0.1,0.11434919855888658,4448.731513292005,True,False
1536,1620.0,748,984543,0.1,0.1371839316512015,4451.523184167003,True,False
1537,920.0,617,985160,0.1,0.10782845927582634,4453.7854624169995,True,False
1538,2190.0,970,986130,0.1,0.11207382705001052,4457.273757125004,True,False
1539,1180.0,748,986878,0.1,0.11249272332073533,4459.957971083,True,False
1540,1250.0,588,987466,0.1,0.12682548542918803,4462.099828582999,True,False
1541,1960.0,889,988355,0.1,0.13078995972771096,4465.485073832999,True,False
1542,850.0,542,988897,0.1,0.11447256150217179,4467.4724379170075,True,False
1543,850.0,680,989577,0.1,0.12559434208361542,4469.930062166997,True,False
1544,680.0,545,990122,0.1,0.14564997654901268,4471.897423333008,True,False
1545,910.0,843,990965,0.1,0.11902272086855359,4474.9444979170075,True,False
1546,1030.0,752,991717,0.1,0.120544736392479,4477.683135166997,True,False
1547,780.0,569,992286,0.1,0.0998157923319705,4479.708858500002,True,False
1548,1600.0,858,993144,0.1,0.11416085862316365,4482.840422042005,True,False
1549,1560.0,755,993899,0.1,0.11219232511567942,4485.540823707997,True,False
1550,1020.0,769,994668,0.1,0.1378441039916765,4488.333878582998,True,False
1551,990.0,729,995397,0.1,0.1296538939842811,4492.1949231670005,True,False
1552,1260.0,756,996153,0.1,0.13777453402086856,4495.033656875006,True,False
1553,2220.0,994,997147,0.1,0.13253698588138627,4498.589149457999,True,False
1554,2320.0,698,997845,0.1,0.1303331387894494,4501.137363083006,True,False
1555,1100.0,722,998567,0.1,0.12552287623079286,4503.730958208005,True,False
1556,600.0,512,999079,0.1,0.12018834296031855,4505.610300291999,True,False
1557,1440.0,984,1000063,0.1,0.12060986331293011,4509.156297541995,True,False
1558,1120.0,783,1000846,0.1,0.11047551068192234,4512.072263708003,True,False
1559,1690.0,799,1001645,0.1,0.11894933520816267,4515.080548041995,True,False
1560,750.0,612,1002257,0.1,0.10321210705815187,4517.502059125007,True,False
1561,820.0,554,1002811,0.1,0.11387496309327906,4519.548292332998,True,False
1562,650.0,506,1003317,0.1,0.12628665636843583,4521.410936542001,True,False
1563,1430.0,964,1004281,0.1,0.1086577677488698,4524.913535083004,True,False
1564,1090.0,844,1005125,0.1,0.121656334530827,4528.0492618749995,True,False
1565,2420.0,753,1005878,0.1,0.12249392662395506,4530.724087167007,True,False
1566,1040.0,678,1006556,0.1,0.11210434844388681,4533.160730582997,True,False
1567,1060.0,839,1007395,0.1,0.13576673169990192,4536.336313292006,True,False
1568,740.0,571,1007966,0.1,0.11443512230277895,4538.503376624998,True,False
1569,1240.0,745,1008711,0.1,0.12520460289732743,4541.300030375001,True,False
1570,580.0,609,1009320,0.1,0.12436371678912561,4543.540592500009,True,False
1571,1560.0,746,1010066,0.1,0.12589090213339815,4546.232384917006,True,False
1572,1620.0,981,1011047,0.1,0.11904299870437506,4549.811304167,True,False
1573,370.0,360,1011407,0.1,0.09660437411318222,4551.120027708006,True,False
1574,1110.0,695,1012102,0.1,0.1195235151058898,4553.6468398330035,True,False
1575,880.0,746,1012848,0.1,0.12831896673987575,4556.5269232499995,True,False
1576,810.0,575,1013423,0.1,0.12930954724446042,4559.706164999996,True,False
1577,640.0,580,1014003,0.1,0.128416981541648,4561.804343416996,True,False
1578,780.0,677,1014680,0.1,0.11816976620432208,4564.248986292005,True,False
1579,870.0,578,1015258,0.1,0.12460738491629147,4566.347906042007,True,False
1580,690.0,602,1015860,0.1,0.12956975703898643,4568.534958208009,True,False
1581,1020.0,634,1016494,0.1,0.14104264322668314,4570.9254924169945,True,False
1582,1190.0,881,1017375,0.1,0.11368479370562867,4574.1392121249955,True,False
1583,1300.0,664,1018039,0.1,0.12748101535421538,4576.550973500009,True,False
1584,970.0,870,1018909,0.1,0.1167185926006748,4579.7012292080035,True,False
1585,680.0,512,1019421,0.1,0.12353039857407566,4581.583920833,True,False
1586,470.0,454,1019875,0.1,0.12017062393767117,4583.2421230420005,True,False
1587,1650.0,1061,1020936,0.1,0.13757574436415856,4587.249058333007,True,False
1588,1580.0,818,1021754,0.1,0.12729983261841185,4590.213573957997,True,False
1589,830.0,566,1022320,0.1,0.09557760409800939,4592.248600708001,True,False
1590,490.0,400,1022720,0.1,0.14163025949150324,4593.706494917002,True,False
1591,1640.0,841,1023561,0.1,0.12230762380751825,4596.756727166998,True,False
1592,460.0,419,1023980,0.1,0.14900318174844696,4598.280941292003,True,False
1593,1320.0,821,1024801,0.1,0.1394973046623352,4601.232886708007,True,False
1594,920.0,531,1025332,0.1,0.12443132938018867,4603.154417333004,True,False
1595,640.0,519,1025851,0.1,0.13744276879687412,4605.009435083004,True,False
1596,750.0,729,1026580,0.1,0.15405117584992953,4607.653031333,True,False
1597,1760.0,871,1027451,0.1,0.13121277781435148,4610.796503874997,True,False
1598,2630.0,918,1028369,0.1,0.13311169041401666,4614.131364083005,True,False
1599,1240.0,1050,1029419,0.1,0.15218666441852355,4618.067401749999,True,False
1600,1700.0,768,1030187,0.1,0.13374280030257069,4620.855434875004,True,False
1601,1170.0,1005,1031192,0.1,0.1247161080957287,4625.533876582995,True,False
1602,880.0,613,1031805,0.1,0.11400030173507392,4627.755525750006,True,False
1603,1010.0,950,1032755,0.1,0.13230990044741187,4631.231181708004,True,False
1604,650.0,512,1033267,0.1,0.10561858910659794,4633.108573457997,True,False
1605,1290.0,621,1033888,0.1,0.1162550759812196,4635.374814958006,True,False
1606,1790.0,906,1034794,0.1,0.13549769564276248,4638.613870166999,True,False
1607,1530.0,868,1035662,0.1,0.12220129795578492,4641.761937500007,True,False
1608,1970.0,1016,1036678,0.1,0.11757943481500224,4645.390446000005,True,False
1609,850.0,623,1037301,0.1,0.1157893632323696,4647.6938540830015,True,False
1610,1390.0,711,1038012,0.1,0.09689415765277455,4650.322081457998,True,False
1611,1240.0,859,1038871,0.1,0.12683761373127453,4653.392864499998,True,False
1612,490.0,477,1039348,0.1,0.09552664590689043,4655.138629333,True,False
1613,1500.0,965,1040313,0.1,0.12128659854816945,4658.615592458009,True,False
1614,1770.0,881,1041194,0.1,0.12899827248924836,4661.778701750009,True,False
1615,560.0,483,1041677,0.1,0.11804568445817991,4663.506338958003,True,False
1616,980.0,669,1042346,0.1,0.10174317312187063,4665.903232458004,True,False
1617,510.0,426,1042772,0.1,0.13315304584592302,4667.484173250006,True,False
1618,1410.0,700,1043472,0.1,0.1371134399303368,4670.069417332998,True,False
1619,1460.0,914,1044386,0.1,0.12348858805438667,4673.355153333003,True,False
1620,510.0,566,1044952,0.1,0.11934136472065264,4675.416051542008,True,False
1621,1090.0,747,1045699,0.1,0.13472596271544374,4678.204143916999,True,False
1622,1200.0,940,1046639,0.1,0.12714293695827747,4681.695380457997,True,False
1623,1850.0,1095,1047734,0.1,0.11042732560504091,4685.633814125002,True,False
1624,1310.0,864,1048598,0.1,0.11117631744558888,4688.787636458001,True,False
1625,1440.0,552,1049150,0.1,0.08986329326433116,4690.882043833,True,False
1626,680.0,771,1049921,0.1,0.09902670651365439,4694.817691042001,True,False
1627,1620.0,858,1050779,0.1,0.1113062480934591,4697.914522749998,True,False
1628,1400.0,688,1051467,0.1,0.12565308948978782,4700.397887166997,True,False
1629,790.0,669,1052136,0.1,0.11679431587635052,4702.857800041995,True,False
1630,700.0,653,1052789,0.1,0.10745094382872611,4705.212228832999,True,False
1631,1940.0,1075,1053864,0.1,0.12561772832279977,4709.227095374998,True,False
1632,740.0,582,1054446,0.1,0.09862489046464706,4711.353088125004,True,False
1633,2030.0,943,1055389,0.1,0.11615055085207193,4714.718761917,True,False
1634,860.0,585,1055974,0.1,0.11695906083571585,4716.928285542002,True,False
1635,870.0,704,1056678,0.1,0.11826751318717883,4719.448583082994,True,False
1636,560.0,518,1057196,0.1,0.10624504532091893,4721.322068624999,True,False
1637,1180.0,763,1057959,0.1,0.12741645503004914,4724.080756124997,True,False
1638,1440.0,1018,1058977,0.1,0.1420191997771754,4727.708939917007,True,False
1639,1360.0,780,1059757,0.1,0.13479241541562936,4730.539498917002,True,False
1640,480.0,487,1060244,0.1,0.12052863581319813,4732.300041082999,True,False
1641,1020.0,740,1060984,0.1,0.12357070328214684,4734.969305042003,True,False
1642,630.0,525,1061509,0.1,0.14526855250294426,4736.887612624996,True,False
1643,1940.0,1319,1062828,0.1,0.1338309710055138,4741.876122166999,True,False
1644,340.0,365,1063193,0.1,0.0849423194611138,4743.198940417002,True,False
1645,410.0,345,1063538,0.1,0.13116547257401223,4744.468600167005,True,False
1646,240.0,346,1063884,0.1,0.19232458008945674,4745.762346208008,True,False
1647,2180.0,656,1064540,0.1,0.149652274632145,4748.138119625,True,False
1648,1650.0,689,1065229,0.1,0.1222775670006698,4750.785113457998,True,False
1649,1490.0,883,1066112,0.1,0.12112492008547707,4753.959030750004,True,False
1650,770.0,473,1066585,0.1,0.10449734017631765,4755.692802833,True,False
1651,430.0,370,1066955,0.1,0.11231133918804319,4758.278222791996,True,False
1652,1500.0,663,1067618,0.1,0.11424408501844449,4760.681348917002,True,False
1653,690.0,607,1068225,0.1,0.11492618203383724,4762.891921167,True,False
1654,590.0,520,1068745,0.1,0.14706041258401595,4764.798975333004,True,False
1655,480.0,399,1069144,0.1,0.11464401859790087,4766.2689742079965,True,False
1656,1530.0,644,1069788,0.1,0.14668509633691043,4768.573870791995,True,False
1657,1540.0,649,1070437,0.1,0.12552987282842765,4771.029750292,True,False
1658,960.0,604,1071041,0.1,0.10857930110878503,4773.210788124998,True,False
1659,960.0,553,1071594,0.1,0.1262877567846706,4775.195216374996,True,False
1660,130.0,337,1071931,0.1,0.13609177991747856,4776.447898541999,True,False
1661,1390.0,755,1072686,0.1,0.1304416417011193,4779.185557707999,True,False
1662,890.0,637,1073323,0.1,0.14685207988434243,4781.462832582998,True,False
1663,1050.0,794,1074117,0.1,0.13994346925024712,4784.310909042004,True,False
1664,930.0,575,1074692,0.1,0.12605535060477754,4786.384144666998,True,False
1665,650.0,662,1075354,0.1,0.13568299329190542,4788.751437083003,True,False
1666,940.0,660,1076014,0.1,0.15535295534540305,4791.117790083008,True,False
1667,400.0,419,1076433,0.1,0.12483502959921247,4792.631380542007,True,False
1668,1200.0,811,1077244,0.1,0.12484375285581122,4795.5184807500045,True,False
1669,1200.0,1265,1078509,0.1,0.15931983042178274,4800.135883708004,True,False
1670,1160.0,766,1079275,0.1,0.1315692205235596,4803.037675832995,True,False
1671,1540.0,1003,1080278,0.1,0.1430346161364559,4806.646435832998,True,False
1672,970.0,546,1080824,0.1,0.1330905851982806,4808.635012333005,True,False
1673,1170.0,730,1081554,0.1,0.17483661866204425,4811.455066333001,True,False
1674,1310.0,558,1082112,0.1,0.16564431922244174,4813.517880750005,True,False
1675,2120.0,1045,1083157,0.1,0.13957985914472876,4817.322324624998,True,False
1676,1920.0,1005,1084162,0.1,0.12648986677724527,4822.090563167003,True,False
1677,1590.0,827,1084989,0.1,0.12024461038878574,4825.0940043750015,True,False
1678,1980.0,1231,1086220,0.1,0.13118701534007082,4830.321825417006,True,False
1679,2430.0,1186,1087406,0.1,0.12306847002332073,4837.120468791996,True,False
1680,610.0,431,1087837,0.1,0.12510128174391058,4838.768590791995,True,False
1681,870.0,582,1088419,0.1,0.13312926409316475,4845.026236624995,True,False
1682,1040.0,825,1089244,0.1,0.13811423204803236,4849.210171583007,True,False
1683,1220.0,575,1089819,0.1,0.11518736498860213,4853.375094417002,True,False
1684,640.0,620,1090439,0.1,0.12112931122462596,4858.126869917003,True,False
1685,840.0,612,1091051,0.1,0.12730257902172656,4862.584579917006,True,False
1686,540.0,472,1091523,0.1,0.10937167402609425,4866.258949292009,True,False
1687,760.0,644,1092167,0.1,0.13153593913183448,4871.109231167007,True,False
1688,1060.0,738,1092905,0.1,0.1048744226126252,4876.6361205830035,True,False
1689,1210.0,826,1093731,0.1,0.10853732139487,4882.354507833006,True,False
1690,1000.0,681,1094412,0.1,0.12229000822755329,4886.950665249999,True,False
1691,830.0,619,1095031,0.1,0.10895633131459162,4891.573598333009,True,False
1692,900.0,629,1095660,0.1,0.13502778347487313,4896.167986375003,True,False
1693,780.0,528,1096188,0.1,0.10910286507428144,4900.293373958004,True,False
1694,1050.0,819,1097007,0.1,0.10618145681698532,4907.091340625004,True,False
1695,2480.0,1169,1098176,0.1,0.11801598866314408,4913.689603624996,True,False
1696,1330.0,928,1099104,0.1,0.11929103824438463,4919.685416332999,True,False
1697,1140.0,1033,1100137,0.1,0.11025091578332029,4925.245311542007,True,False
1698,1530.0,682,1100819,0.1,0.11481798709753682,4929.033278167,True,False
1699,950.0,686,1101505,0.1,0.11999829418870599,4934.055661457998,True,False
1700,470.0,425,1101930,0.1,0.1068423354014192,4937.637117332997,True,False
1701,780.0,586,1102516,0.1,0.13651447156507548,4943.133761375007,True,False
1702,1390.0,694,1103210,0.1,0.12774224350002805,4946.567784291998,True,False
1703,980.0,729,1103939,0.1,0.12546227839621868,4950.144088125002,True,False
1704,620.0,511,1104450,0.1,0.11567854054737836,4952.461142417,True,False
1705,970.0,933,1105383,0.1,0.1223207050414812,4956.884337374999,True,False
1706,510.0,502,1105885,0.1,0.12515799052244614,4959.704023917002,True,False
1707,1110.0,950,1106835,0.1,0.11864506097251101,4964.027488874999,True,False
1708,800.0,540,1107375,0.1,0.11463529631771423,4966.771088417008,True,False
1709,950.0,622,1107997,0.1,0.13801763190004307,4969.728036125001,True,False
1710,960.0,669,1108666,0.1,0.11498870303530893,4972.892013707999,True,False
1711,1550.0,1064,1109730,0.1,0.1284683643371091,4978.073747000002,True,False
1712,1310.0,735,1110465,0.1,0.1419827457740093,4981.641460583007,True,False
1713,1220.0,714,1111179,0.1,0.10419425787927394,4985.110598291998,True,False
1714,990.0,733,1111912,0.1,0.10223889738604751,4988.606486292003,True,False
1715,1110.0,846,1112758,0.1,0.11384062348066065,4993.115461583002,True,False
1716,700.0,638,1113396,0.1,0.11878541260957717,4996.374393999999,True,False
1717,950.0,724,1114120,0.1,0.15103771824657258,4999.8278289169975,True,False
1718,1020.0,599,1114719,0.1,0.1483334680056612,5002.540269667006,True,False
1719,1170.0,923,1115642,0.1,0.12562396624871405,5006.8580325000075,True,False
1720,480.0,402,1116044,0.1,0.1369380489876955,5008.786978874996,True,False
1721,990.0,853,1116897,0.1,0.14110649529267366,5012.924916792006,True,False
1722,1150.0,939,1117836,0.1,0.117559460621882,5017.477101333003,True,False
1723,1030.0,644,1118480,0.1,0.11805107379737108,5020.538461667005,True,False
1724,940.0,684,1119164,0.1,0.11183670360311779,5023.915849042009,True,False
1725,890.0,586,1119750,0.1,0.11730923091558969,5027.002164500009,True,False
1726,760.0,661,1120411,0.1,0.13529607048540404,5032.230059791997,True,False
1727,720.0,583,1120994,0.1,0.12152665324049862,5035.244773291997,True,False
1728,540.0,447,1121441,0.1,0.14788229750203236,5037.360134874994,True,False
1729,890.0,624,1122065,0.1,0.1403962737785127,5040.3304589580075,True,False
1730,890.0,851,1122916,0.1,0.10763654660241145,5044.376136292005,True,False
1731,470.0,602,1123518,0.1,0.1343091667443514,5047.296103417,True,False
1732,1000.0,640,1124158,0.1,0.1189729837467894,5050.581439125002,True,False
1733,780.0,858,1125016,0.1,0.1499923044512438,5055.045920749995,True,False
1734,1400.0,1072,1126088,0.1,0.1284915200754333,5060.512988542003,True,False
1735,820.0,600,1126688,0.1,0.11091330536951621,5063.2367097499955,True,False
1736,1500.0,728,1127416,0.1,0.11741655402827067,5066.680334500008,True,False
1737,1480.0,709,1128125,0.1,0.13027102016123002,5070.164188458002,True,False
1738,1420.0,659,1128784,0.1,0.15202077013073545,5074.132676833004,True,False
1739,1690.0,999,1129783,0.1,0.12936101822429394,5079.599521249998,True,False
1740,1270.0,960,1130743,0.1,0.15453774142855156,5089.085579582999,True,False
1741,1800.0,903,1131646,0.1,0.11249500128185064,5096.2015949579945,True,False
1742,460.0,406,1132052,0.1,0.10199128188119799,5099.221362416996,True,False
1743,700.0,568,1132620,0.1,0.14279507389160948,5103.781804792001,True,False
1744,610.0,582,1133202,0.1,0.13681997213641117,5107.886186457996,True,False
1745,1380.0,860,1134062,0.1,0.13406283689099688,5114.178176000001,True,False
1746,900.0,595,1134657,0.1,0.14666651696866792,5118.698673624996,True,False
1747,850.0,724,1135381,0.1,0.12800291464638314,5124.114958292004,True,False
1748,1060.0,936,1136317,0.1,0.11131730212424046,5131.114056332997,True,False
1749,760.0,728,1137045,0.1,0.12008887904972493,5136.389784792002,True,False
1750,470.0,493,1137538,0.1,0.12760814445895877,5139.5632569169975,True,False
1751,350.0,382,1137920,0.1,0.10427404961471136,5144.458704250006,True,False
1752,1240.0,839,1138759,0.1,0.12435789029314473,5148.939325750005,True,False
1753,660.0,678,1139437,0.1,0.11557303962900359,5153.728147957998,True,False
1754,690.0,563,1140000,0.1,0.14993480265351897,5156.706039583005,True,False
1755,1070.0,732,1140732,0.1,0.14651385101342135,5161.813292916995,True,False
1756,980.0,618,1141350,0.1,0.11744242748124646,5166.036405082996,True,False
1757,780.0,765,1142115,0.1,0.12890374396210877,5171.254164750004,True,False
1758,1070.0,917,1143032,0.1,0.13569787795776905,5177.598147083001,True,False
1759,1110.0,928,1143960,0.1,0.12503653596123232,5183.971009166999,True,False
1760,1320.0,855,1144815,0.1,0.12864708495566823,5189.729548083007,True,False
1761,1660.0,632,1145447,0.1,0.11726391340216881,5194.251849417007,True,False
1762,500.0,419,1145866,0.1,0.11735775066273553,5197.202036000002,True,False
1763,1730.0,1126,1146992,0.1,0.13245578739686426,5204.603732167001,True,False
1764,890.0,666,1147658,0.1,0.12289629059742732,5209.060468416996,True,False
1765,1300.0,855,1148513,0.1,0.1316497108733682,5214.928721000004,True,False
1766,2250.0,694,1149207,0.1,0.11615063618287186,5219.7471535420045,True,False
1767,600.0,469,1149676,0.1,0.1638826176334741,5223.094201583008,True,False
1768,890.0,598,1150274,0.1,0.11855172133385736,5227.255422250004,True,False
1769,1040.0,598,1150872,0.1,0.1489329480007291,5231.380046958002,True,False
1770,1200.0,692,1151564,0.1,0.13173146368235866,5235.972102250002,True,False
1771,850.0,604,1152168,0.1,0.14226305432963054,5240.013318666999,True,False
1772,1030.0,919,1153087,0.1,0.11842035148374118,5246.385021417009,True,False
1773,620.0,458,1153545,0.1,0.12244092826933964,5249.3140003330045,True,False
1774,1500.0,761,1154306,0.1,0.14328204522791663,5254.727648375003,True,False
1775,1480.0,916,1155222,0.1,0.12283515656065994,5260.980242000005,True,False
1776,480.0,544,1155766,0.1,0.13587488251847818,5265.978723374996,True,False
1777,1130.0,827,1156593,0.1,0.1364276431104987,5269.987193458001,True,False
1778,650.0,540,1157133,0.1,0.1514752065004022,5272.423037291999,True,False
1779,1660.0,789,1157922,0.1,0.11644446111383475,5276.214932208008,True,False
1780,580.0,523,1158445,0.1,0.18039690246734455,5278.530844207999,True,False
1781,970.0,735,1159180,0.1,0.13489137252833208,5281.839373458002,True,False
1782,1210.0,728,1159908,0.1,0.1563904586933799,5285.259558292004,True,False
1783,890.0,667,1160575,0.1,0.12169487290757608,5288.327124917007,True,False
1784,1080.0,834,1161409,0.1,0.17402188470096966,5292.761155333006,True,False
1785,580.0,460,1161869,0.1,0.13193671538130097,5294.741480375,True,False
1786,1010.0,874,1162743,0.1,0.11956905950407642,5298.018464125009,True,False
1787,1230.0,633,1163376,0.1,0.12265238664903731,5300.360428583008,True,False
1788,960.0,567,1163943,0.1,0.13308276365517724,5302.4110657919955,True,False
1789,990.0,760,1164703,0.1,0.14663599116825743,5305.217800957995,True,False
1790,1400.0,776,1165479,0.1,0.13607611540781775,5308.134169917001,True,False
1791,290.0,394,1165873,0.1,0.11842804469845512,5309.572848416996,True,False
1792,2340.0,729,1166602,0.1,0.12574449376008667,5312.195235167004,True,False
1793,1320.0,835,1167437,0.1,0.1435601533163321,5315.216012582998,True,False
1794,950.0,766,1168203,0.1,0.13643032749285872,5318.010831082996,True,False
1795,1310.0,982,1169185,0.1,0.1328310710491567,5321.490456792002,True,False
1796,830.0,681,1169866,0.1,0.14157692199463354,5323.962309541996,True,False
1797,1990.0,929,1170795,0.1,0.12844113895573236,5327.263498041997,True,False
1798,1250.0,796,1171591,0.1,0.11704335093086389,5330.110831708007,True,False
1799,1190.0,684,1172275,0.1,0.14802516373800256,5332.5801472500025,True,False
1800,1280.0,663,1172938,0.1,0.13070803374635526,5334.925325332995,True,False
1801,980.0,559,1173497,0.1,0.1585490880800145,5338.662017499999,True,False
1802,970.0,552,1174049,0.1,0.1095997131821038,5340.658924750009,True,False
1803,620.0,508,1174557,0.1,0.134601298998308,5342.4920284170075,True,False
1804,740.0,685,1175242,0.1,0.15198999615004885,5344.9831698329945,True,False
1805,910.0,781,1176023,0.1,0.12406791386504969,5347.801257458006,True,False
1806,780.0,646,1176669,0.1,0.13844403561296653,5350.224869124999,True,False
1807,940.0,794,1177463,0.1,0.12749065972413076,5353.132076624999,True,False
1808,1070.0,694,1178157,0.1,0.10131787005597832,5355.6512283330085,True,False
1809,880.0,687,1178844,0.1,0.14452701787529296,5358.138415374997,True,False
1810,710.0,701,1179545,0.1,0.12863152716841017,5360.758607791999,True,False
1811,650.0,587,1180132,0.1,0.13187202960759603,5362.876501374994,True,False
1812,600.0,512,1180644,0.1,0.1537710869743023,5364.756238707996,True,False
1813,1240.0,734,1181378,0.1,0.12854992422209086,5367.551922208004,True,False
1814,990.0,928,1182306,0.1,0.1386176566432776,5370.919049125005,True,False
1815,880.0,735,1183041,0.1,0.12084829744518451,5373.577439957997,True,False
1816,1340.0,808,1183849,0.1,0.14966919042612656,5376.542453582995,True,False
1817,1490.0,877,1184726,0.1,0.1255878544493353,5379.656571792002,True,False
1818,1280.0,652,1185378,0.1,0.12544966338236638,5381.994703958,True,False
1819,910.0,648,1186026,0.1,0.12943896471902175,5384.317092291996,True,False
1820,700.0,618,1186644,0.1,0.12037969647395995,5386.550342000002,True,False
1821,1670.0,758,1187402,0.1,0.14058518895593586,5389.270637207999,True,False
1822,1100.0,552,1187954,0.1,0.12290752139212428,5391.282989166997,True,False
1823,1160.0,873,1188827,0.1,0.11467783719540463,5394.419340125009,True,False
1824,1090.0,890,1189717,0.1,0.1256921610590321,5397.729627292007,True,False
1825,920.0,677,1190394,0.1,0.11857461426737746,5400.224265750003,True,False
1826,1060.0,704,1191098,0.1,0.12784246808256616,5403.7502661670005,True,False
1827,1760.0,1035,1192133,0.1,0.14207466737399577,5407.537648917001,True,False
1828,700.0,671,1192804,0.1,0.14913956769963815,5409.9978472079965,True,False
1829,380.0,505,1193309,0.1,0.12194813412451555,5411.947068708003,True,False
1830,1050.0,653,1193962,0.1,0.10556305765511434,5414.456400042007,True,False
1831,1390.0,642,1194604,0.1,0.12432403766451786,5416.790955042001,True,False
1832,980.0,605,1195209,0.1,0.14950259630599164,5418.989377332997,True,False
1833,1240.0,787,1195996,0.1,0.13100970183796992,5421.794401542007,True,False
1834,880.0,645,1196641,0.1,0.13722990656861608,5424.135802958001,True,False
1835,830.0,663,1197304,0.1,0.100914040894573,5426.514389500007,True,False
1836,1090.0,797,1198101,0.1,0.11588716163445058,5429.541587875006,True,False
1837,770.0,586,1198687,0.1,0.1403424807709374,5431.673460582999,True,False
1838,850.0,676,1199363,0.1,0.12620908246766885,5434.081272208001,True,False
1839,810.0,777,1200140,0.1,0.1347111775802496,5436.912483249995,True,False
1840,840.0,625,1200765,0.1,0.11198038613805786,5439.163801792005,True,False
1841,620.0,566,1201331,0.1,0.11516293895212894,5441.209961957997,True,False
1842,320.0,342,1201673,0.1,0.10927829386796369,5442.461471957999,True,False
1843,870.0,668,1202341,0.1,0.154673876765067,5444.867821292006,True,False
1844,1070.0,805,1203146,0.1,0.16054094213973824,5447.722438166995,True,False
1845,2420.0,834,1203980,0.1,0.15394419647361102,5450.7038091669965,True,False
1846,930.0,734,1204714,0.1,0.1416856914229406,5453.333729749997,True,False
1847,1040.0,700,1205414,0.1,0.13832628651389053,5455.818985457998,True,False
1848,700.0,537,1205951,0.1,0.13335275131541846,5457.774159833003,True,False
1849,1180.0,800,1206751,0.1,0.16355502476915718,5460.809307582997,True,False
1850,1550.0,847,1207598,0.1,0.12799761353833777,5463.809992416995,True,False
1851,1100.0,643,1208241,0.1,0.1279425090468078,5467.385120250008,True,False
1852,1720.0,753,1208994,0.1,0.14352901875378288,5470.170872832998,True,False
1853,650.0,546,1209540,0.1,0.1444698289227094,5472.273699416997,True,False
1854,650.0,599,1210139,0.1,0.1422881056498361,5474.479856332997,True,False
1855,1230.0,668,1210807,0.1,0.13751941288035072,5476.894766625002,True,False
1856,1630.0,601,1211408,0.1,0.12782137255054832,5479.097265292003,True,False
1857,730.0,633,1212041,0.1,0.13802296710731107,5481.393940042006,True,False
1858,1360.0,702,1212743,0.1,0.1509530607610941,5483.925351875005,True,False
1859,960.0,637,1213380,0.1,0.15353201895486562,5486.227586333,True,False
1860,590.0,508,1213888,0.1,0.1597196489983187,5488.060421750008,True,False
1861,430.0,423,1214311,0.1,0.1368456620900404,5489.711431958,True,False
1862,1290.0,884,1215195,0.1,0.158630926178861,5492.838443667002,True,False
1863,940.0,625,1215820,0.1,0.13323931193133448,5495.099758333003,True,False
1864,1500.0,670,1216490,0.1,0.15309414437074148,5497.5432216670015,True,False
1865,1190.0,938,1217428,0.1,0.1494796067238488,5500.8803112919995,True,False
1866,1490.0,616,1218044,0.1,0.15494024010931517,5503.095114833006,True,False
1867,510.0,640,1218684,0.1,0.14491536581190304,5505.372802375001,True,False
1868,770.0,596,1219280,0.1,0.15152146839755493,5507.499923374999,True,False
1869,900.0,652,1219932,0.1,0.17773023613391478,5509.843186416998,True,False
1870,1370.0,600,1220532,0.1,0.11821461113790671,5512.000682291997,True,False
1871,960.0,518,1221050,0.1,0.13994771675315015,5513.851140957995,True,False
1872,470.0,466,1221516,0.1,0.1508962095229544,5515.527294542,True,False
1873,1150.0,786,1222302,0.1,0.1439330538221616,5518.351003958,True,False
1874,830.0,876,1223178,0.1,0.1573909169922,5521.620789875,True,False
1875,1110.0,637,1223815,0.1,0.15511220695931208,5523.928536542007,True,False
1876,390.0,433,1224248,0.1,0.12801537256038517,5526.713702167006,True,False
1877,1600.0,695,1224943,0.1,0.1542177319828141,5529.279046708005,True,False
1878,1150.0,633,1225576,0.1,0.12945250203868128,5531.731766124998,True,False
1879,770.0,627,1226203,0.1,0.13356443676046836,5534.026409792001,True,False
1880,1910.0,951,1227154,0.1,0.14135233130493835,5537.485074291995,True,False
1881,1500.0,675,1227829,0.1,0.14131676521394732,5539.953314124999,True,False
1882,2130.0,1159,1228988,0.1,0.14898012160355675,5544.087810042009,True,False
1883,1020.0,566,1229554,0.1,0.1493156467240753,5546.142526541997,True,False
1884,710.0,635,1230189,0.1,0.15342849769494818,5548.453318375003,True,False
1885,1300.0,702,1230891,0.1,0.12730482236615248,5551.055495624998,True,False
1886,1040.0,806,1231697,0.1,0.13020435332477387,5553.947874375008,True,False
1887,870.0,715,1232412,0.1,0.13561311266359005,5556.549148582999,True,False
1888,1220.0,695,1233107,0.1,0.1253995663793273,5564.208266292,True,False
1889,1200.0,1009,1234116,0.1,0.1152468051893909,5568.952853916999,True,False
1890,1440.0,585,1234701,0.1,0.12613204813064777,5571.538148542008,True,False
1891,1060.0,611,1235312,0.1,0.15094184742790032,5574.286342874999,True,False
1892,1340.0,752,1236064,0.1,0.14583400567557583,5577.604051625007,True,False
1893,1000.0,514,1236578,0.1,0.14548445146647282,5579.948217166995,True,False
1894,800.0,638,1237216,0.1,0.1501530937384814,5582.737422874998,True,False
1895,1740.0,844,1238060,0.1,0.13024579177464918,5586.529804417005,True,False
1896,830.0,640,1238700,0.1,0.118422268377617,5589.381688000009,True,False
1897,840.0,938,1239638,0.1,0.13031737073364422,5594.023804500001,True,False
1898,860.0,690,1240328,0.1,0.1350047795931039,5597.157278250001,True,False
1899,2130.0,1098,1241426,0.1,0.14154078123452019,5601.921793500005,True,False
1900,900.0,705,1242131,0.1,0.1494041722670028,5605.073437957995,True,False
1901,1670.0,853,1242984,0.1,0.13919546697114674,5610.913601958004,True,False
1902,820.0,629,1243613,0.1,0.11736362266122916,5613.830220749995,True,False
1903,940.0,701,1244314,0.1,0.12241382431771074,5616.951482207995,True,False
1904,560.0,540,1244854,0.1,0.11161324539118343,5619.341296792001,True,False
1905,550.0,492,1245346,0.1,0.11511112095379247,5621.600736207998,True,False
1906,820.0,711,1246057,0.1,0.12850258320444422,5624.7414568749955,True,False
1907,930.0,516,1246573,0.1,0.12648794540139133,5626.967234958007,True,False
1908,640.0,670,1247243,0.1,0.12403153713993327,5630.192628250006,True,False
1909,2110.0,1099,1248342,0.1,0.11911199984902686,5634.982852625006,True,False
1910,970.0,773,1249115,0.1,0.11904054987268435,5638.284764875003,True,False
1911,1320.0,854,1249969,0.1,0.14124209690560527,5642.046063333008,True,False
1912,950.0,650,1250619,0.1,0.10557768699701553,5645.252203875003,True,False
1913,900.0,669,1251288,0.1,0.1240874337520273,5648.206804000001,True,False
1914,1170.0,883,1252171,0.1,0.1114972279407084,5652.595588374999,True,False
1915,870.0,587,1252758,0.1,0.1251703732121153,5655.585714707995,True,False
1916,1000.0,737,1253495,0.1,0.13358687186289742,5658.800395917002,True,False
1917,1170.0,778,1254273,0.1,0.10964458556129382,5662.288117749995,True,False
1918,1350.0,927,1255200,0.1,0.10646394792350074,5666.423240667005,True,False
1919,850.0,632,1255832,0.1,0.13046746361481992,5669.450335166999,True,False
1920,970.0,668,1256500,0.1,0.1180601981384847,5672.332997833,True,False
1921,1010.0,608,1257108,0.1,0.13258974896253725,5675.256612875004,True,False
1922,600.0,472,1257580,0.1,0.10423924230923087,5677.390906750006,True,False
1923,650.0,586,1258166,0.1,0.11039202812140526,5680.057445375001,True,False
1924,1120.0,906,1259072,0.1,0.12844333222488738,5684.098453708008,True,False
1925,970.0,912,1259984,0.1,0.11575868409617167,5688.134704875003,True,False
1926,530.0,601,1260585,0.1,0.1612041007851561,5692.631065207999,True,False
1927,1070.0,731,1261316,0.1,0.13108490210006146,5696.321992375,True,False
1928,1030.0,717,1262033,0.1,0.1469602698470627,5698.972279791997,True,False
1929,800.0,692,1262725,0.1,0.114285282866028,5701.518453042008,True,False
1930,1870.0,963,1263688,0.1,0.11738931047594893,5705.255016083,True,False
1931,1130.0,658,1264346,0.1,0.12714150211796527,5707.678749083003,True,False
1932,1240.0,916,1265262,0.1,0.12078579553447696,5711.004211958003,True,False
1933,1420.0,711,1265973,0.1,0.13037154274165966,5713.572718708005,True,False
1934,2130.0,1033,1267006,0.1,0.13142967080451953,5717.311320666995,True,False
1935,1400.0,952,1267958,0.1,0.12258218871351301,5720.733195125009,True,False
1936,1440.0,971,1268929,0.1,0.11830712746016282,5724.237869749995,True,False
1937,1230.0,792,1269721,0.1,0.10667793588204817,5727.088304833,True,False
1938,1060.0,856,1270577,0.1,0.10069958809066877,5730.168956541995,True,False
1939,1530.0,995,1271572,0.1,0.12600770649541335,5733.737949000002,True,False
1940,2110.0,1126,1272698,0.1,0.11989309081933676,5737.908079458008,True,False
1941,1550.0,846,1273544,0.1,0.12477159462342004,5740.9307546670025,True,False
1942,780.0,753,1274297,0.1,0.10355445347290407,5743.6769270420045,True,False
1943,910.0,616,1274913,0.1,0.11331086798099341,5745.876675624997,True,False
1944,1400.0,904,1275817,0.1,0.13940051243335536,5749.098762624999,True,False
1945,1460.0,620,1276437,0.1,0.11603935620477122,5751.340054667002,True,False
1946,1110.0,619,1277056,0.1,0.12850875086601704,5753.552133000005,True,False
1947,980.0,706,1277762,0.1,0.10961907002439891,5756.094980042006,True,False
1948,1090.0,677,1278439,0.1,0.12401736096738006,5758.532699999996,True,False
1949,1870.0,776,1279215,0.1,0.10954260941326004,5761.289254042,True,False
1950,980.0,727,1279942,0.1,0.12073751099939857,5763.899752708006,True,False
1951,1440.0,1234,1281176,0.1,0.11985076716151631,5769.843966125001,True,False
1952,1660.0,781,1281957,0.1,0.11821281945285125,5772.672535792008,True,False
1953,1120.0,755,1282712,0.1,0.09608067958443253,5775.419601000001,True,False
1954,1560.0,841,1283553,0.1,0.10420058471638532,5778.447391916998,True,False
1955,1090.0,753,1284306,0.1,0.1167849527295441,5781.218388791996,True,False
1956,1510.0,653,1284959,0.1,0.10206083668841541,5783.575490707997,True,False
1957,1060.0,807,1285766,0.1,0.11754679053763648,5786.461460042003,True,False
1958,1410.0,640,1286406,0.1,0.09428772602695971,5788.760279082999,True,False
1959,1410.0,1035,1287441,0.1,0.10970672123623171,5792.460088874999,True,False
1960,1140.0,820,1288261,0.1,0.10988707074486628,5795.45549475,True,False
1961,920.0,672,1288933,0.1,0.10314191603988764,5797.996111166998,True,False
1962,1110.0,666,1289599,0.1,0.11665193049843053,5800.382669291997,True,False
1963,1560.0,872,1290471,0.1,0.11613785396885434,5803.510736333003,True,False
1964,1780.0,1092,1291563,0.1,0.10656539451044339,5807.4017946670065,True,False
1965,980.0,889,1292452,0.1,0.10713351492857719,5810.590220667,True,False
1966,960.0,750,1293202,0.1,0.09445788455320234,5813.324475458008,True,False
1967,1450.0,978,1294180,0.1,0.116750385619852,5816.854619582999,True,False
1968,1840.0,966,1295146,0.1,0.1235539842381517,5820.322065875007,True,False
1969,1380.0,723,1295869,0.1,0.08300717640153611,5822.902892416998,True,False
1970,780.0,687,1296556,0.1,0.09798939628959742,5825.392130791995,True,False
1971,470.0,504,1297060,0.1,0.09725602439767311,5827.455605708004,True,False
1972,990.0,635,1297695,0.1,0.10926641852748167,5829.724381708002,True,False
1973,1430.0,612,1298307,0.1,0.1060898433153341,5832.021321542008,True,False
1974,1560.0,968,1299275,0.1,0.10998397108844736,5835.581234917001,True,False
1975,1620.0,818,1300093,0.1,0.10539289756519038,5838.5375908330025,True,False
1976,1210.0,744,1300837,0.1,0.10452976401254374,5842.402574916996,True,False
1977,1550.0,742,1301579,0.1,0.10962659765941066,5845.108474374996,True,False
1978,1120.0,929,1302508,0.1,0.11569324206928583,5848.483402291997,True,False
1979,1020.0,641,1303149,0.1,0.11957622892223299,5850.772201583008,True,False
1980,1630.0,724,1303873,0.1,0.1131153976163976,5853.370915457999,True,False
1981,1030.0,825,1304698,0.1,0.11775614533718061,5856.371168750004,True,False
1982,1280.0,590,1305288,0.1,0.09672612562221852,5858.604919332996,True,False
1983,1080.0,692,1305980,0.1,0.12085314264058034,5861.104070625006,True,False
1984,680.0,536,1306516,0.1,0.11625505544578851,5863.036574333004,True,False
1985,1250.0,831,1307347,0.1,0.11373575902791415,5866.016478999998,True,False
1986,1280.0,878,1308225,0.1,0.10632147572257301,5869.177914458007,True,False
1987,1050.0,776,1309001,0.1,0.10274968255964137,5871.934479750009,True,False
1988,520.0,435,1309436,0.1,0.09908002285167165,5873.529875958004,True,False
1989,1120.0,738,1310174,0.1,0.1242909922932639,5876.189601167003,True,False
1990,1510.0,902,1311076,0.1,0.11298197462528417,5879.416541333005,True,False
1991,1280.0,641,1311717,0.1,0.10741899844724685,5881.719829624999,True,False
1992,1060.0,627,1312344,0.1,0.1072632930342369,5883.9550995419995,True,False
1993,1400.0,718,1313062,0.1,0.12104381215056227,5886.590553999995,True,False
1994,1060.0,735,1313797,0.1,0.08774488218857543,5889.433944457996,True,False
1995,1100.0,689,1314486,0.1,0.10029416301742543,5892.002273082995,True,False
1996,700.0,497,1314983,0.1,0.1017758850038292,5893.811740250007,True,False
1997,1060.0,792,1315775,0.1,0.12340848416917855,5896.655750624996,True,False
1998,920.0,706,1316481,0.1,0.13211698276595882,5899.224834875,True,False
1999,1830.0,965,1317446,0.1,0.10307829854893981,5909.165618041996,True,False
2000,1180.0,1191,1318637,0.1,0.12156571697243708,5917.579903042002,True,False
