episode,training_episode_id,seed,score,steps,total_steps,exploration,mean_loss,elapsed_seconds,terminated,truncated,lives_lost,shaped_return
1,1,1112,350.0,435,1737,0.1,nan,22.36463165283203,True,False,3,2.0000000000000013
2,3,1114,270.0,448,1791,0.1,nan,22.482272624969482,True,False,3,1.2000000000000008
3,4,1115,1380.0,697,2788,0.1,nan,23.958472967147827,True,False,3,12.299999999999992
4,2,1113,600.0,847,3386,0.1,nan,24.84341287612915,True,False,3,4.499999999999998
5,5,1116,820.0,531,3861,0.1,nan,25.798444747924805,True,False,3,6.699999999999987
6,6,1117,870.0,868,5263,0.1,nan,27.95876383781433,True,False,3,7.199999999999986
7,7,1118,620.0,698,5580,0.1,nan,28.56647562980652,True,False,3,4.699999999999996
8,8,1119,2490.0,930,7106,0.1,nan,31.408649921417236,True,False,3,23.400000000000006
9,9,1120,2060.0,900,7461,0.1,nan,32.4163818359375,True,False,3,19.09999999999998
10,11,1122,640.0,647,8168,0.1,nan,33.79276967048645,True,False,3,4.899999999999997
11,10,1121,860.0,798,8455,0.1,nan,34.42539978027344,True,False,3,7.099999999999989
12,12,1123,1480.0,796,10290,0.1,0.00415984998905253,38.35010004043579,True,False,3,13.29999999999998
13,13,1124,1170.0,788,10613,0.1,0.0037509132028850666,39.82565975189209,True,False,3,10.199999999999983
14,14,1125,1430.0,736,11112,0.1,0.0035625344105181703,42.024852991104126,True,False,3,12.799999999999988
15,15,1126,870.0,815,11715,0.1,0.003953829140194511,44.84180307388306,True,False,3,7.199999999999994
16,17,1128,420.0,479,12529,0.1,0.004363287168813555,48.65862679481506,True,False,3,2.7000000000000024
17,16,1127,620.0,617,12758,0.1,0.0043782119716953855,49.91706871986389,True,False,3,4.6999999999999975
18,18,1129,1170.0,518,13184,0.1,0.005019808208251203,51.78917479515076,True,False,3,10.199999999999989
19,19,1130,290.0,499,13711,0.1,0.005314930235754273,54.6430459022522,True,False,3,1.4000000000000012
20,21,1132,2070.0,544,14934,0.1,0.005721333288152784,63.04482579231262,True,False,3,19.20000000000004
21,23,1134,220.0,320,14991,0.1,0.005839494925021426,63.55211591720581,True,False,3,0.7000000000000004
22,20,1131,1050.0,726,15433,0.1,0.0057890540439142915,66.36372566223145,True,False,3,8.999999999999988
23,24,1135,2080.0,511,16978,0.1,0.0062397075832366705,74.45103001594543,True,False,3,19.300000000000054
24,22,1133,1250.0,1054,17400,0.1,0.005936620265007526,76.35818195343018,True,False,3,10.999999999999982
25,25,1136,1620.0,812,18239,0.1,0.005904505223549359,80.17058682441711,True,False,3,14.699999999999982
26,26,1137,1370.0,727,18341,0.1,0.005880516666130827,82.71006894111633,True,False,3,12.199999999999982
27,27,1138,1320.0,637,19526,0.1,0.005312903252853522,89.1620659828186,True,False,3,11.699999999999983
28,28,1139,660.0,620,19880,0.1,0.005198322050742835,90.83110570907593,True,False,3,5.099999999999994
29,30,1141,660.0,543,20513,0.1,0.004886876269776209,94.05412364006042,True,False,3,5.099999999999997
30,31,1142,1260.0,621,22010,0.1,0.004853010338550395,101.46372771263123,True,False,3,11.099999999999985
31,29,1140,910.0,946,22023,0.1,0.004977602066534195,101.57347202301025,True,False,3,7.599999999999987
32,32,1143,1220.0,614,22336,0.1,0.004949430894415297,103.12884879112244,True,False,3,10.699999999999987
33,33,1144,470.0,560,22753,0.1,0.005037254510742579,105.08762764930725,True,False,3,3.1999999999999993
34,37,1148,910.0,544,24929,0.1,0.0047553182866977295,116.04514980316162,True,False,3,7.599999999999989
35,36,1147,820.0,655,24956,0.1,0.00476006267117763,116.24912285804749,True,False,3,6.699999999999987
36,34,1145,1820.0,842,25378,0.1,0.004770448036155069,118.66817283630371,True,False,3,16.700000000000003
37,35,1146,1570.0,854,25439,0.1,0.004738843726008951,119.07222294807434,True,False,3,14.199999999999976
38,39,1150,460.0,488,26908,0.1,0.004714600404425806,126.3501136302948,True,False,3,3.1000000000000028
39,38,1149,1980.0,888,28481,0.1,0.004727026385840906,134.45455288887024,True,False,3,18.3
40,40,1151,1120.0,862,28826,0.1,0.004786613886123048,136.20297598838806,True,False,3,9.699999999999985
41,41,1152,1980.0,884,28975,0.1,0.004787542385708149,137.02443289756775,True,False,3,18.299999999999997
42,42,1153,970.0,591,29272,0.1,0.0047765728887942715,139.0506627559662,True,False,3,8.199999999999982
43,45,1156,760.0,467,30843,0.1,0.004741575415231232,146.9615716934204,True,False,3,6.099999999999991
44,44,1155,720.0,651,31430,0.1,0.004725271228185144,150.61512875556946,True,False,3,5.69999999999999
45,43,1154,1570.0,815,31741,0.1,0.004797646613503046,152.50477480888367,True,False,3,14.199999999999985
46,46,1157,2140.0,753,32284,0.1,0.004761027135026046,155.21886277198792,True,False,3,19.899999999999984
47,47,1158,1010.0,750,33843,0.1,0.004966861649416387,162.9313669204712,True,False,3,8.599999999999987
48,50,1161,540.0,521,34368,0.1,0.00497734197057898,166.08166575431824,True,False,3,3.9000000000000012
49,48,1159,1050.0,785,34570,0.1,0.004985960919312113,167.22940874099731,True,False,3,8.999999999999988
50,49,1160,1950.0,988,35693,0.1,0.004833971322073435,173.07495188713074,True,False,3,18.000000000000018
51,52,1163,960.0,638,36920,0.1,0.004646130491721044,181.34315085411072,True,False,3,8.099999999999993
52,53,1164,2700.0,604,36986,0.1,0.004485469996572213,181.78811287879944,True,False,3,25.50000000000005
53,51,1162,1370.0,1031,37967,0.1,0.004582885674516662,186.89674282073975,True,False,3,12.199999999999978
54,54,1165,1250.0,698,38485,0.1,0.004597690964136326,189.6038339138031,True,False,3,10.99999999999999
55,55,1166,1070.0,768,39992,0.1,0.00444264967397127,197.73465776443481,True,False,3,9.19999999999998
56,56,1167,1020.0,788,40138,0.1,0.004439656592274396,198.46137499809265,True,False,3,8.699999999999987
57,57,1168,1360.0,817,41235,0.1,0.004435612632071707,204.47745490074158,True,False,3,12.099999999999978
58,58,1169,1240.0,747,41473,0.1,0.004383960763635201,205.65392994880676,True,False,3,10.899999999999984
59,59,1170,1550.0,678,42704,0.1,0.004346811490759781,212.36889696121216,True,False,3,13.999999999999991
60,60,1171,1290.0,803,43350,0.1,0.004438339733094752,216.06785488128662,True,False,3,11.399999999999991
61,61,1172,1360.0,882,44763,0.1,0.004477458402618466,223.9204387664795,True,False,3,12.099999999999985
62,62,1173,1340.0,838,44825,0.1,0.004486509262673614,224.27741074562073,True,False,3,11.899999999999991
63,63,1174,1380.0,625,45204,0.1,0.00472781448578462,226.90888595581055,True,False,3,12.299999999999981
64,64,1175,900.0,617,45818,0.1,0.0047824471655741,230.18566989898682,True,False,3,7.499999999999986
65,67,1178,1010.0,572,47492,0.1,0.004778080109842252,239.5755739212036,True,False,3,8.599999999999987
66,66,1177,1370.0,893,48397,0.1,0.004670405648750423,245.48106479644775,True,False,3,12.199999999999992
67,65,1176,1600.0,928,48475,0.1,0.004699921925466383,245.90394687652588,True,False,3,14.499999999999982
68,68,1179,1480.0,770,48898,0.1,0.0045512653809409685,248.54972076416016,True,False,3,13.299999999999988
69,69,1180,880.0,633,50024,0.1,0.0045047738161018945,254.87467885017395,True,False,3,7.299999999999985
70,72,1183,940.0,623,51390,0.1,0.004645921252735175,262.07411670684814,True,False,3,7.899999999999993
71,71,1182,1320.0,753,51487,0.1,0.004611043458165054,262.62416887283325,True,False,3,11.699999999999978
72,70,1181,880.0,785,51537,0.1,0.004628631996827283,262.9285378456116,True,False,3,7.2999999999999945
73,73,1184,1030.0,739,52980,0.1,0.004499302148243667,270.780366897583,True,False,3,8.799999999999983
74,74,1185,870.0,562,53638,0.1,0.0044753424950885285,274.28023386001587,True,False,3,7.199999999999985
75,75,1186,570.0,809,54723,0.1,0.004446525866486943,279.93679881095886,True,False,3,4.199999999999996
76,76,1187,1070.0,798,54729,0.1,0.00443179354761356,281.83820271492004,True,False,3,9.199999999999994
77,77,1188,1000.0,576,55284,0.1,0.004391195408364486,284.57104992866516,True,False,3,8.49999999999998
78,78,1189,770.0,664,56294,0.1,0.004241900992701083,289.765184879303,True,False,3,6.1999999999999975
79,80,1191,1340.0,673,57421,0.1,0.003999712264022055,295.580100774765,True,False,3,11.899999999999993
80,79,1190,940.0,811,57967,0.1,0.0040301391077583884,298.8493230342865,True,False,3,7.89999999999999
81,81,1192,1600.0,752,58292,0.1,0.004074705636470598,300.4962797164917,True,False,3,14.49999999999999
82,82,1193,1060.0,736,59238,0.1,0.003932806685912985,305.1685838699341,True,False,3,9.099999999999985
83,83,1194,740.0,550,59621,0.1,0.004013519427548586,306.9553039073944,True,False,3,5.8999999999999915
84,85,1196,1030.0,718,61164,0.1,0.003919906815572987,315.03092789649963,True,False,3,8.799999999999981
85,84,1195,1360.0,809,61203,0.1,0.003986145372370693,315.25449991226196,True,False,3,12.099999999999978
86,87,1198,550.0,498,61613,0.1,0.004053969670346111,317.65470576286316,True,False,3,4.000000000000001
87,86,1197,2590.0,852,62646,0.1,0.004211190892091051,323.608012676239,True,False,3,24.400000000000087
88,89,1200,770.0,662,63851,0.1,0.004361832065186308,330.4019458293915,True,False,3,6.199999999999992
89,88,1199,1520.0,844,64540,0.1,0.004250102622726363,334.38892698287964,True,False,3,13.699999999999983
90,90,1201,650.0,781,64737,0.1,0.004248589006277629,335.4725377559662,True,False,3,4.999999999999996
91,91,1202,1170.0,827,65954,0.1,0.004017361062012969,341.8318829536438,True,False,3,10.199999999999983
92,92,1203,1460.0,694,66627,0.1,0.003913986853841204,345.3739347457886,True,False,3,13.099999999999989
93,93,1204,2140.0,658,67172,0.1,0.003990851441356863,348.4651927947998,True,False,3,19.900000000000034
94,94,1205,980.0,658,67369,0.1,0.0039350311372250086,349.963045835495,True,False,3,8.299999999999995
95,96,1207,900.0,606,69051,0.1,0.003821563571601224,359.1660170555115,True,False,3,7.499999999999985
96,95,1206,1390.0,784,69090,0.1,0.003868519479436479,359.4386558532715,True,False,3,12.399999999999991
97,97,1208,1340.0,895,70752,0.1,0.0037428159549619026,368.5885329246521,True,False,3,11.899999999999995
98,98,1209,2520.0,1010,71409,0.1,0.003732051795330083,371.77512979507446,True,False,3,23.700000000000113
99,99,1210,1210.0,653,71663,0.1,0.00368798116785738,373.1517119407654,True,False,3,10.599999999999984
100,100,1211,1140.0,931,72814,0.1,0.0037147140394367087,379.55118680000305,True,False,3,9.899999999999983
101,101,1212,1550.0,806,73976,0.1,0.003835793168104321,390.61807894706726,True,False,3,13.999999999999984
102,103,1214,1190.0,749,74659,0.1,0.003932606013325753,394.9085969924927,True,False,3,10.399999999999983
103,102,1213,2060.0,861,74853,0.1,0.0038804324208861533,396.3557138442993,True,False,3,19.100000000000012
104,104,1215,2170.0,572,75102,0.1,0.003940983075637149,397.92598581314087,True,False,3,20.20000000000007
105,105,1216,920.0,676,76680,0.1,0.004103025551003641,407.7062757015228,True,False,3,7.699999999999992
106,106,1217,1010.0,646,77243,0.1,0.0043051234437815914,411.56656074523926,True,False,3,8.599999999999982
107,107,1218,950.0,640,77413,0.1,0.004437957529626146,412.77230882644653,True,False,3,7.999999999999984
108,108,1219,2160.0,743,78074,0.1,0.004657548837380015,419.19243597984314,True,False,3,20.10000000000004
109,109,1220,630.0,637,79228,0.1,0.0050169986182366155,429.36862802505493,True,False,3,4.799999999999994
110,111,1222,840.0,592,79781,0.1,0.005022032055913351,434.36003589630127,True,False,3,6.899999999999997
111,110,1221,1100.0,728,80155,0.1,0.004974716074414843,438.19327998161316,True,False,3,9.49999999999998
112,113,1224,1180.0,603,81640,0.1,0.004827158657832389,450.8289988040924,True,False,3,10.299999999999995
113,112,1223,1590.0,959,81910,0.1,0.004889168771594662,453.92630672454834,True,False,3,14.399999999999984
114,114,1225,1120.0,685,82521,0.1,0.00488722030443894,459.4962348937988,True,False,3,9.699999999999985
115,115,1226,1590.0,629,82671,0.1,0.004917780054542155,460.50051188468933,True,False,3,14.399999999999983
116,117,1228,960.0,785,85050,0.1,0.004873379987922562,475.80557799339294,True,False,3,8.099999999999994
117,116,1227,1360.0,1023,85732,0.1,0.00489892997046776,480.226509809494,True,False,3,12.099999999999984
118,118,1229,1250.0,822,85809,0.1,0.004847591973791905,480.74324774742126,True,False,3,10.999999999999993
119,119,1230,1520.0,857,86099,0.1,0.004812338506075355,482.8114287853241,True,False,3,13.699999999999985
120,122,1233,990.0,679,88525,0.1,0.005077979087298777,496.66794872283936,True,False,3,8.39999999999999
121,121,1232,1160.0,736,88676,0.1,0.005040953304041582,497.7667577266693,True,False,3,10.099999999999984
122,120,1231,920.0,913,88702,0.1,0.005039276949947074,497.9076328277588,True,False,3,7.699999999999992
123,123,1234,4010.0,1075,90399,0.1,0.00542939770338667,507.13827896118164,True,False,3,38.60000000000004
124,124,1235,1600.0,781,91649,0.1,0.005825785117339529,513.4074907302856,True,False,3,14.499999999999986
125,127,1238,400.0,453,92211,0.1,0.005930494746577743,516.6289618015289,True,False,3,2.5000000000000018
126,125,1236,1490.0,979,92592,0.1,0.005830952040427787,521.1396248340607,True,False,3,13.39999999999998
127,126,1237,1170.0,1076,93006,0.1,0.005803501394990187,523.7938678264618,True,False,3,10.199999999999983
128,128,1239,650.0,559,93885,0.1,0.005467224483376566,528.2973208427429,True,False,3,4.999999999999995
129,129,1240,650.0,541,94375,0.1,0.005224759838511124,530.7691867351532,True,False,3,4.999999999999993
130,131,1242,1030.0,715,95866,0.1,0.005211742736815989,538.5599527359009,True,False,3,8.799999999999983
131,130,1241,920.0,901,96196,0.1,0.005258910022272866,540.4248378276825,True,False,3,7.699999999999987
132,132,1243,880.0,628,96397,0.1,0.005276384408797796,541.6034786701202,True,False,3,7.299999999999986
133,133,1244,1310.0,730,97295,0.1,0.005588761440873759,545.827220916748,True,False,3,11.599999999999996
134,135,1246,730.0,602,98604,0.1,0.005584760613997074,552.1987588405609,True,False,3,5.79999999999999
135,134,1245,810.0,687,98614,0.1,0.005548722965502502,552.2723209857941,True,False,3,6.599999999999997
136,136,1247,980.0,695,99177,0.1,0.005471282537520709,554.8719470500946,True,False,3,8.29999999999999
137,137,1248,690.0,795,100475,0.1,0.005241356096332951,561.4900739192963,True,False,3,5.399999999999995
138,139,1250,1250.0,718,101486,0.1,0.005309007209362488,567.4281327724457,True,False,3,10.999999999999984
139,140,1251,980.0,687,101925,0.1,0.005496241022823202,569.677209854126,True,False,3,8.29999999999999
140,138,1249,1460.0,976,102508,0.1,0.0054103424475617995,572.4553017616272,True,False,3,13.09999999999998
141,141,1252,920.0,656,103099,0.1,0.005555565441637754,575.5041077136993,True,False,3,7.699999999999985
142,142,1253,2260.0,725,104386,0.1,0.0056303465724440995,581.9379878044128,True,False,3,21.100000000000044
143,143,1254,870.0,645,104505,0.1,0.005568765089738854,582.8160059452057,True,False,3,7.199999999999988
144,144,1255,1860.0,750,105508,0.1,0.005713181951238463,587.7373578548431,True,False,3,17.099999999999987
145,145,1256,750.0,716,105963,0.1,0.005785172693164728,590.0141236782074,True,False,3,5.999999999999989
146,146,1257,1230.0,645,106966,0.1,0.006232953369942342,595.0532150268555,True,False,3,10.799999999999983
147,147,1258,1030.0,757,107533,0.1,0.006281972204579859,598.1013338565826,True,False,3,8.799999999999983
148,148,1259,850.0,680,108228,0.1,0.006483856049154009,601.5116398334503,True,False,3,6.999999999999991
149,149,1260,3820.0,713,108815,0.1,0.0065485418483230895,604.8680329322815,True,False,3,36.70000000000008
150,151,1262,1340.0,617,110001,0.1,0.006639876734047247,611.5187630653381,True,False,3,11.899999999999983
151,153,1264,540.0,493,110787,0.1,0.006339905480806986,618.350499868393,True,False,3,3.9000000000000012
152,150,1261,810.0,1015,111026,0.1,0.006497153332640458,619.7092926502228,True,False,3,6.599999999999989
153,152,1263,1570.0,922,111916,0.1,0.006434757725730611,624.4373788833618,True,False,3,14.199999999999978
154,154,1265,990.0,699,112797,0.1,0.006217260982572115,629.0224828720093,True,False,3,8.399999999999991
155,155,1266,1520.0,732,113715,0.1,0.006400153911615279,633.6876637935638,True,False,3,13.699999999999985
156,156,1267,1100.0,771,114110,0.1,0.006166063690915626,635.6144099235535,True,False,3,9.499999999999982
157,157,1268,980.0,654,114532,0.1,0.006218775195804416,637.6610209941864,True,False,3,8.299999999999983
158,159,1270,550.0,538,115867,0.1,0.0059273984466270855,644.1963107585907,True,False,3,4.000000000000001
159,158,1269,2270.0,1025,116897,0.1,0.005937230867083843,649.4383869171143,True,False,3,21.20000000000003
160,160,1271,1120.0,778,117222,0.1,0.005920754400396763,650.9403767585754,True,False,3,9.699999999999978
161,161,1272,1040.0,753,117544,0.1,0.005791420028742853,652.5519468784332,True,False,3,8.89999999999998
162,162,1273,1490.0,587,118215,0.1,0.005917190717893385,655.6529207229614,True,False,3,13.399999999999977
163,164,1275,1280.0,643,119794,0.1,0.005861182292198406,663.7407238483429,True,False,3,11.299999999999994
164,163,1274,1740.0,782,120025,0.1,0.005782517769401941,664.9754939079285,True,False,3,15.899999999999984
165,166,1277,750.0,657,120843,0.1,0.005659429208766045,669.1363787651062,True,False,3,5.999999999999989
166,165,1276,1230.0,1009,121580,0.1,0.005749502039560171,673.3997008800507,True,False,3,10.799999999999983
167,168,1279,3820.0,765,123085,0.1,0.005602705933601029,681.073009967804,True,False,3,36.70000000000008
168,167,1278,1090.0,894,123370,0.1,0.005551642788612123,682.7755908966064,True,False,3,9.399999999999979
169,169,1280,1150.0,775,123943,0.1,0.005556806080238594,686.3799748420715,True,False,3,9.999999999999986
170,170,1281,1310.0,931,125304,0.1,0.005465970473990713,693.6308836936951,True,False,3,11.599999999999989
171,172,1283,1100.0,695,126150,0.1,0.005203456727774452,697.8363757133484,True,False,3,9.49999999999998
172,171,1282,1700.0,925,126785,0.1,0.005170274778093035,701.633544921875,True,False,3,15.499999999999986
173,173,1284,1330.0,746,126927,0.1,0.0050060396994359236,702.4635148048401,True,False,3,11.799999999999978
174,174,1285,1070.0,960,129144,0.1,0.004807571050393259,714.022213935852,True,False,3,9.19999999999998
175,175,1286,2020.0,794,129326,0.1,0.004849788410778531,715.0762989521027,True,False,3,18.700000000000003
176,176,1287,1810.0,842,130153,0.1,0.004914279262570669,721.1987867355347,True,False,3,16.6
177,177,1288,1060.0,835,130267,0.1,0.004886361949137429,721.8485777378082,True,False,3,9.099999999999982
178,178,1289,480.0,405,130764,0.1,0.0048849792025672896,724.6883099079132,True,False,3,3.3000000000000025
179,181,1292,760.0,506,132291,0.1,0.004879408419705566,732.5994918346405,True,False,3,6.09999999999999
180,179,1290,1800.0,820,132606,0.1,0.004835302385476009,734.2951908111572,True,False,3,16.50000000000001
181,180,1291,900.0,818,133425,0.1,0.004703202500909767,738.9788217544556,True,False,3,7.499999999999989
182,182,1293,780.0,688,133516,0.1,0.004749465515487827,739.5294508934021,True,False,3,6.299999999999988
183,183,1294,1250.0,865,135751,0.1,0.0044510824769342355,752.553258895874,True,False,3,10.999999999999979
184,184,1295,1140.0,918,136278,0.1,0.004410881877187964,755.8160948753357,True,False,3,9.899999999999986
185,186,1297,2550.0,890,137076,0.1,0.004253276968845742,760.3168897628784,True,False,3,24.000000000000092
186,185,1296,1260.0,1063,137677,0.1,0.004227158821364015,763.4931938648224,True,False,3,11.099999999999975
187,187,1298,1120.0,745,138731,0.1,0.003755504539823972,768.841552734375,True,False,3,9.699999999999983
188,188,1299,1000.0,720,139158,0.1,0.0036376401086777657,770.9323618412018,True,False,3,8.49999999999999
189,189,1300,1020.0,692,139844,0.1,0.003607598187639432,774.5838248729706,True,False,3,8.699999999999982
190,190,1301,880.0,747,140665,0.1,0.003533616481558326,778.8491327762604,True,False,3,7.2999999999999865
191,192,1303,1110.0,863,142610,0.1,0.00351603414442742,789.8042078018188,True,False,3,9.599999999999978
192,193,1304,1130.0,722,142732,0.1,0.0035111527610054223,790.5961947441101,True,False,3,9.799999999999986
193,191,1302,2480.0,1115,143191,0.1,0.003558904671939215,793.354140996933,True,False,3,23.29999999999999
194,194,1305,810.0,801,143869,0.1,0.00347798750478572,797.1324486732483,True,False,3,6.5999999999999925
195,196,1307,1150.0,851,146136,0.1,0.0036039767690007295,808.0986928939819,True,False,3,9.99999999999998
196,195,1306,2960.0,910,146250,0.1,0.0037010262702376795,808.633220911026,True,False,3,28.09999999999998
197,197,1308,710.0,769,146267,0.1,0.0036540919372428002,808.734356880188,True,False,3,5.5999999999999925
198,198,1309,2120.0,939,147625,0.1,0.0038173399444474095,815.1936209201813,True,False,3,19.699999999999996
199,199,1310,540.0,450,147936,0.1,0.004069603786726172,816.9836468696594,True,False,3,3.9000000000000004
200,200,1311,1020.0,747,149238,0.1,0.00394798791297204,822.9757368564606,True,False,3,8.699999999999982
201,201,1312,910.0,768,149339,0.1,0.003922482846974162,825.6510758399963,True,False,3,7.599999999999996
202,202,1313,880.0,731,150549,0.1,0.003904334027078079,831.7572708129883,True,False,3,7.2999999999999865
203,203,1314,1610.0,824,151232,0.1,0.003875471014589935,835.033609867096,True,False,3,14.599999999999982
204,204,1315,1310.0,699,152034,0.1,0.003838493866204432,838.8666439056396,True,False,3,11.599999999999994
205,205,1316,1550.0,987,153287,0.1,0.003745720096889283,844.5340197086334,True,False,3,13.999999999999977
206,206,1317,1030.0,733,153481,0.1,0.0036805295419566697,845.4670369625092,True,False,3,8.799999999999981
207,207,1318,930.0,711,154076,0.1,0.003567061654135517,848.5794258117676,True,False,3,7.799999999999994
208,208,1319,380.0,511,154078,0.1,0.0035043307525377335,848.6233417987823,True,False,3,2.300000000000002
209,209,1320,910.0,712,156135,0.1,0.003761165682488027,858.3798878192902,True,False,3,7.5999999999999925
210,210,1321,2160.0,894,157057,0.1,0.0037026996013965726,862.875284910202,True,False,3,20.100000000000065
211,212,1323,1500.0,759,157114,0.1,0.0037717452600698953,863.1659758090973,True,False,3,13.499999999999979
212,211,1322,950.0,955,157896,0.1,0.0037296295006935,866.7779839038849,True,False,3,7.999999999999988
213,213,1324,530.0,539,158291,0.1,0.003496204472750819,868.6275007724762,True,False,3,3.8000000000000016
214,214,1325,810.0,738,160009,0.1,0.003525975766117864,878.3418378829956,True,False,3,6.599999999999989
215,215,1326,1710.0,886,160658,0.1,0.003580591490525862,883.4373378753662,True,False,3,15.599999999999987
216,216,1327,960.0,710,160736,0.1,0.0035915285797337147,884.1308219432831,True,False,3,8.099999999999984
217,217,1328,950.0,751,161295,0.1,0.003796236215657821,887.3379127979279,True,False,3,7.999999999999984
218,218,1329,1230.0,848,163401,0.1,0.003858524606533498,899.7117557525635,True,False,3,10.799999999999983
219,219,1330,1510.0,763,163710,0.1,0.0038198746116325346,901.8383967876434,True,False,3,13.59999999999999
220,220,1331,700.0,789,163892,0.1,0.003779341852784048,902.9382078647614,True,False,3,5.499999999999997
221,221,1332,1180.0,848,164687,0.1,0.003619021945303517,908.1576850414276,True,False,3,10.299999999999986
222,224,1335,920.0,696,166676,0.1,0.003462291977651974,919.4872508049011,True,False,3,7.69999999999999
223,223,1334,550.0,746,166694,0.1,0.003436664943789299,919.6083579063416,True,False,3,4.0
224,222,1333,880.0,1056,167625,0.1,0.003487959220695881,924.889438867569,True,False,3,7.2999999999999865
225,225,1336,980.0,810,167927,0.1,0.003499363171853654,926.6956458091736,True,False,3,8.299999999999983
226,227,1338,1310.0,643,169266,0.1,0.003502346515106211,935.9737589359283,True,False,3,11.599999999999984
227,226,1337,950.0,871,170160,0.1,0.0034913668827938043,941.1641838550568,True,False,3,7.999999999999991
228,228,1339,1350.0,773,170717,0.1,0.0034271341007649247,944.3949809074402,True,False,3,11.999999999999993
229,229,1340,1190.0,854,171343,0.1,0.0033538178248023963,947.8658058643341,True,False,3,10.39999999999998
230,230,1341,910.0,694,172042,0.1,0.0033107957872243396,952.1007487773895,True,False,3,7.599999999999987
231,231,1342,820.0,747,173148,0.1,0.003252300971748377,958.2334687709808,True,False,3,6.699999999999989
232,232,1343,940.0,952,174525,0.1,0.0032929665132481,965.8857028484344,True,False,3,7.899999999999988
233,233,1344,920.0,821,174627,0.1,0.0033291182284009156,966.5216987133026,True,False,3,7.699999999999987
234,234,1345,700.0,664,174698,0.1,0.003316268966626516,966.9920289516449,True,False,3,5.499999999999992
235,235,1346,1620.0,722,176036,0.1,0.003342101624212292,975.3725409507751,True,False,3,14.69999999999998
236,237,1348,730.0,752,177635,0.1,0.0032318166188989826,986.0913767814636,True,False,3,5.799999999999992
237,238,1349,780.0,852,178106,0.1,0.003226913757974221,989.4899280071259,True,False,3,6.299999999999992
238,236,1347,1790.0,924,178221,0.1,0.0032078613352244196,990.3545689582825,True,False,3,16.4
239,239,1350,550.0,556,178260,0.1,0.0031398559832340775,990.7077770233154,True,False,3,3.9999999999999964
240,240,1351,690.0,628,180147,0.1,0.002883262924700204,1003.1157038211823,True,False,3,5.399999999999993
241,241,1352,950.0,545,180286,0.1,0.0028221391663681545,1004.1484749317169,True,False,3,7.999999999999989
242,242,1353,1450.0,660,180861,0.1,0.0028345013148447667,1008.2719938755035,True,False,3,12.999999999999988
243,243,1354,1270.0,813,181512,0.1,0.002800431563879786,1012.9518039226532,True,False,3,11.199999999999983
244,245,1356,830.0,706,183110,0.1,0.002840031156706869,1023.3336608409882,True,False,3,6.799999999999995
245,244,1355,1690.0,1051,184351,0.1,0.0028308312349698437,1029.8657808303833,True,False,3,15.399999999999983
246,246,1357,1560.0,873,184353,0.1,0.002821277708075471,1029.9218916893005,True,False,3,14.099999999999978
247,247,1358,1170.0,736,184456,0.1,0.0028528950348592607,1030.466008901596,True,False,3,10.199999999999985
248,248,1359,700.0,694,185886,0.1,0.002955722065826325,1037.1634979248047,True,False,3,5.499999999999993
249,249,1360,800.0,705,187171,0.1,0.0030850478642824907,1043.2540209293365,True,False,3,6.499999999999988
250,251,1362,1030.0,811,187700,0.1,0.0030538861545201267,1046.1982667446136,True,False,3,8.799999999999985
251,250,1361,1710.0,911,187997,0.1,0.0030341180769571244,1063.314475774765,True,False,3,15.599999999999984
252,252,1363,1930.0,1003,189898,0.1,0.0029464815431627317,1072.6119186878204,True,False,3,17.800000000000004
253,253,1364,930.0,825,190471,0.1,0.0029086610144286444,1075.3946948051453,True,False,3,7.799999999999992
254,255,1366,1120.0,781,191121,0.1,0.0029108196055897,1078.7321639060974,True,False,3,9.699999999999983
255,254,1365,1430.0,884,191236,0.1,0.002915035630892372,1079.3216247558594,True,False,3,12.79999999999999
256,256,1367,1390.0,838,193250,0.1,0.002823486037511792,1088.897246837616,True,False,3,12.399999999999983
257,257,1368,880.0,785,193611,0.1,0.0027433559687060727,1090.592477798462,True,False,3,7.299999999999992
258,259,1370,1340.0,836,194580,0.1,0.0027796586866977373,1094.9956979751587,True,False,3,11.899999999999991
259,258,1369,1750.0,947,194909,0.1,0.0027874131160719397,1096.6042199134827,True,False,3,15.999999999999993
260,261,1372,890.0,648,196203,0.1,0.002919070510679488,1102.583322763443,True,False,3,7.399999999999986
261,263,1374,450.0,431,196633,0.1,0.0028296343316680595,1104.6324429512024,True,False,3,3.0000000000000027
262,260,1371,1890.0,1047,197438,0.1,0.0027542861336183936,1108.4992728233337,True,False,3,17.400000000000013
263,262,1373,880.0,766,197644,0.1,0.0026816104858804874,1109.431540966034,True,False,3,7.29999999999999
264,264,1375,1410.0,780,199323,0.1,0.0024486321380558923,1117.6077766418457,True,False,3,12.599999999999984
265,266,1377,510.0,573,199730,0.1,0.002431937397793293,1119.5028319358826,True,False,3,3.5999999999999996
266,265,1376,1190.0,831,199957,0.1,0.002444953589392523,1120.6727747917175,True,False,3,10.399999999999986
267,267,1378,740.0,851,201048,0.1,0.0024396833351109566,1126.2042949199677,True,False,3,5.899999999999993
268,268,1379,1670.0,787,202471,0.1,0.002442103617199196,1132.8664939403534,True,False,3,15.19999999999998
269,269,1380,630.0,717,202598,0.1,0.002429218276473986,1133.5250570774078,True,False,3,4.799999999999995
270,270,1381,1360.0,871,203441,0.1,0.0023913768707666586,1137.6180589199066,True,False,3,12.099999999999987
271,271,1382,2470.0,1092,205416,0.1,0.002459906461655466,1147.4056017398834,True,False,3,23.200000000000074
272,272,1383,1230.0,807,205699,0.1,0.0024904090033490973,1148.746512889862,True,False,3,10.799999999999983
273,273,1384,1000.0,798,205790,0.1,0.0024938761666714725,1149.2113647460938,True,False,3,8.49999999999999
274,274,1385,2350.0,728,206353,0.1,0.002560834077415236,1151.826780796051,True,False,3,22.000000000000064
275,276,1387,500.0,549,207895,0.1,0.0025981700431448635,1158.9029099941254,True,False,3,3.5000000000000027
276,275,1386,550.0,627,207924,0.1,0.00260434957435414,1161.019318819046,True,False,3,3.9999999999999982
277,277,1388,1570.0,701,208594,0.1,0.002562239796760892,1164.3447778224945,True,False,3,14.199999999999983
278,278,1389,900.0,775,209453,0.1,0.0025731709595739603,1168.5403518676758,True,False,3,7.499999999999991
279,280,1391,480.0,523,210016,0.1,0.00252595465876479,1171.1675808429718,True,False,3,3.3000000000000016
280,279,1390,560.0,787,211043,0.1,0.002525523482372788,1176.1366069316864,True,False,3,4.100000000000001
281,281,1392,800.0,712,211442,0.1,0.0025654992645735893,1178.2558767795563,True,False,3,6.49999999999999
282,282,1393,930.0,664,212109,0.1,0.0025004091741326435,1181.3754906654358,True,False,3,7.799999999999985
283,283,1394,1440.0,694,212792,0.1,0.0025452313055143415,1184.4771137237549,True,False,3,12.899999999999984
284,286,1397,800.0,469,213985,0.1,0.002690730500655539,1190.2257647514343,True,False,3,6.499999999999991
285,284,1395,1060.0,741,214007,0.1,0.00260333895655638,1190.3516268730164,True,False,3,9.099999999999987
286,285,1396,1490.0,778,214554,0.1,0.002591128237434761,1192.9472887516022,True,False,3,13.399999999999983
287,287,1398,1090.0,956,216616,0.1,0.0026881395639811747,1203.242167711258,True,False,3,9.399999999999979
288,288,1399,1270.0,758,217017,0.1,0.0026726371823382468,1205.265086889267,True,False,3,11.199999999999996
289,289,1400,1320.0,955,217827,0.1,0.0027411709865067563,1209.0355048179626,True,False,3,11.699999999999992
290,290,1401,2560.0,956,218378,0.1,0.0027829062260120376,1211.8989729881287,True,False,3,24.100000000000087
291,291,1402,3020.0,820,219896,0.1,0.00277215619113654,1218.917237997055,True,False,3,28.700000000000088
292,292,1403,740.0,791,220181,0.1,0.0028346803496805445,1220.3333628177643,True,False,3,5.8999999999999915
293,293,1404,840.0,667,220495,0.1,0.0027961232891879455,1221.754187822342,True,False,3,6.89999999999999
294,294,1405,740.0,666,221042,0.1,0.0028506543447718714,1224.24889087677,True,False,3,5.900000000000002
295,296,1407,2430.0,821,223465,0.1,0.0030034140196070758,1235.1401360034943,True,False,3,22.800000000000075
296,297,1408,2270.0,834,223831,0.1,0.003009741283707238,1237.0979478359222,True,False,3,21.20000000000006
297,295,1406,1280.0,1091,224260,0.1,0.0029974884083774113,1239.729285955429,True,False,3,11.29999999999998
298,298,1409,1390.0,915,224702,0.1,0.002988428351580028,1241.9939668178558,True,False,3,12.399999999999993
299,300,1411,1050.0,730,226751,0.1,0.0028988175907440177,1251.2382218837738,True,False,3,8.999999999999988
300,302,1413,810.0,593,227074,0.1,0.0028436346809791236,1252.7944867610931,True,False,3,6.6000000000000005
301,301,1412,1100.0,802,227468,0.1,0.002873377260772925,1256.1246168613434,True,False,3,9.49999999999998
302,299,1410,1400.0,1067,227733,0.1,0.002877468525633022,1257.5343477725983,True,False,3,12.499999999999979
303,303,1414,670.0,763,229803,0.1,0.002776767319308772,1267.5832448005676,True,False,3,5.199999999999995
304,304,1415,1270.0,866,230538,0.1,0.0028033370700450808,1271.155604839325,True,False,3,11.19999999999998
305,305,1416,1380.0,1004,231484,0.1,0.002830791605121189,1276.4703407287598,True,False,3,12.299999999999986
306,306,1417,770.0,947,231521,0.1,0.0028256563029184136,1276.722583770752,True,False,3,6.199999999999993
307,308,1419,670.0,500,232538,0.1,0.00311215992399957,1281.6315667629242,True,False,3,5.199999999999994
308,310,1421,340.0,390,233081,0.1,0.003381327587741021,1284.243908882141,True,False,3,1.9000000000000012
309,307,1418,1270.0,881,233327,0.1,0.003105033273760031,1285.4307730197906,True,False,3,11.199999999999983
310,309,1420,1520.0,793,234656,0.1,0.003223158450181212,1291.35715675354,True,False,3,13.699999999999978
311,311,1422,1540.0,702,235346,0.1,0.003181958259060114,1294.280292749405,True,False,3,13.899999999999986
312,313,1424,640.0,548,235519,0.1,0.0031203134391154332,1295.075437784195,True,False,3,4.899999999999997
313,312,1423,1050.0,640,235641,0.1,0.0031151063409197376,1295.64413189888,True,False,3,8.999999999999988
314,314,1425,540.0,673,237348,0.1,0.0030752010213627714,1303.308522939682,True,False,3,3.9000000000000012
315,317,1428,1240.0,631,238165,0.1,0.0029985362597631966,1307.1733078956604,True,False,3,10.89999999999999
316,316,1427,880.0,746,238503,0.1,0.0030559669116114944,1308.6575627326965,True,False,3,7.2999999999999865
317,315,1426,1580.0,940,239106,0.1,0.003094836283584145,1311.5779178142548,True,False,3,14.299999999999981
318,318,1429,1000.0,743,240320,0.1,0.0030769138268858173,1317.420284986496,True,False,3,8.499999999999991
319,319,1430,1870.0,899,241761,0.1,0.0030836813441644504,1324.209363937378,True,False,3,17.199999999999996
320,320,1431,950.0,940,242263,0.1,0.00303106229663133,1326.5570938587189,True,False,3,7.999999999999988
321,321,1432,1810.0,830,242426,0.1,0.00299988910443632,1327.379552602768,True,False,3,16.599999999999998
322,322,1433,990.0,820,243600,0.1,0.003100772729362134,1332.9450030326843,True,False,3,8.399999999999995
323,323,1434,460.0,584,244097,0.1,0.0032266027324797894,1335.1663370132446,True,False,3,3.1000000000000014
324,324,1435,2390.0,788,245415,0.1,0.0034107856081945225,1341.8144278526306,True,False,3,22.400000000000023
325,325,1436,1290.0,848,245818,0.1,0.003381166453934538,1343.6156549453735,True,False,3,11.399999999999986
326,326,1437,870.0,701,246404,0.1,0.0033798867344362036,1348.5223598480225,True,False,3,7.199999999999996
327,328,1439,270.0,406,247039,0.1,0.003268686272869153,1351.4272727966309,True,False,3,1.200000000000001
328,327,1438,1190.0,864,247553,0.1,0.0033348527820096395,1354.0280938148499,True,False,3,10.399999999999984
329,329,1440,1070.0,718,248690,0.1,0.0031612174050242984,1359.2509098052979,True,False,3,9.199999999999987
330,330,1441,870.0,600,248804,0.1,0.003195120187786718,1359.8303790092468,True,False,3,7.199999999999995
331,332,1443,330.0,420,249233,0.1,0.0031333183082530186,1361.882179737091,True,False,3,1.8000000000000016
332,331,1442,910.0,777,250147,0.1,0.0031762795283535837,1366.1561999320984,True,False,3,7.599999999999985
333,333,1444,1150.0,781,251814,0.1,0.0032746135684239433,1374.6177599430084,True,False,3,9.999999999999996
334,334,1445,2200.0,771,251888,0.1,0.003245483171291427,1375.019372701645,True,False,3,20.50000000000006
335,335,1446,1220.0,763,252285,0.1,0.0031970859682071483,1376.9928278923035,True,False,3,10.699999999999994
336,336,1447,480.0,707,252975,0.1,0.0031286093150002057,1380.319747686386,True,False,3,3.3000000000000016
337,337,1448,830.0,567,254082,0.1,0.003039810399469842,1386.3389687538147,True,False,3,6.7999999999999865
338,339,1450,1220.0,579,254601,0.1,0.003059956475039574,1389.152230978012,True,False,3,10.699999999999987
339,338,1449,1350.0,948,255680,0.1,0.0030398646354594734,1394.455578804016,True,False,3,11.99999999999999
340,340,1451,750.0,711,255819,0.1,0.0030789859518415325,1395.210828781128,True,False,3,5.999999999999995
341,341,1452,1840.0,657,256710,0.1,0.003077395352651188,1403.2863087654114,True,False,3,16.900000000000013
342,342,1453,1140.0,634,257137,0.1,0.003142858154363695,1407.426552772522,True,False,3,9.899999999999984
343,343,1454,1450.0,766,258744,0.1,0.003076319168315709,1421.000284910202,True,False,3,12.99999999999998
344,344,1455,1030.0,804,259035,0.1,0.00305020670488764,1424.6696939468384,True,False,3,8.799999999999983
345,345,1456,700.0,674,259406,0.1,0.003063039222607135,1428.0292167663574,True,False,3,5.499999999999991
346,346,1457,690.0,646,259721,0.1,0.003000498426920985,1430.5948717594147,True,False,3,5.399999999999993
347,347,1458,870.0,617,261212,0.1,0.0029956471207785622,1441.4811687469482,True,False,3,7.19999999999999
348,349,1460,560.0,586,261750,0.1,0.0029728714745800066,1446.8211138248444,True,False,3,4.099999999999999
349,348,1459,800.0,766,262099,0.1,0.003014780569143165,1449.9126579761505,True,False,3,6.499999999999999
350,350,1461,1370.0,764,262777,0.1,0.003005059291968239,1455.5928938388824,True,False,3,12.199999999999992
351,353,1464,370.0,478,264011,0.1,0.0031026627949514974,1470.924115896225,True,False,3,2.200000000000002
352,351,1462,1500.0,828,264524,0.1,0.0031009839298226085,1476.2903048992157,True,False,3,13.499999999999977
353,352,1463,1610.0,745,264730,0.1,0.003125493446108729,1478.4495849609375,True,False,3,14.599999999999984
354,354,1465,530.0,675,265477,0.1,0.003110899266493679,1484.907096862793,True,False,3,3.8000000000000016
355,355,1466,790.0,813,267263,0.1,0.0029653000785954307,1501.3414747714996,True,False,3,6.399999999999993
356,356,1467,620.0,708,267356,0.1,0.002906446740847465,1502.4384326934814,True,False,3,4.699999999999994
357,357,1468,1340.0,688,267482,0.1,0.002877855332308384,1503.6805987358093,True,False,3,11.899999999999983
358,358,1469,1430.0,843,268849,0.1,0.002793363375867654,1515.9938988685608,True,False,3,12.799999999999985
359,359,1470,500.0,467,269131,0.1,0.002698273659355707,1519.3304209709167,True,False,3,3.5000000000000018
360,360,1471,810.0,591,269720,0.1,0.0026823160495229267,1524.7870819568634,True,False,3,6.599999999999994
361,361,1472,1310.0,816,270746,0.1,0.002657404056092263,1532.4042527675629,True,False,3,11.599999999999985
362,362,1473,780.0,703,271661,0.1,0.0026440745282349885,1542.0765340328217,True,False,3,6.299999999999992
363,363,1474,880.0,724,272027,0.1,0.002646257658762399,1552.048155784607,True,False,3,7.2999999999999865
364,364,1475,1340.0,709,272556,0.1,0.0025946372099961605,1566.5519449710846,True,False,3,11.899999999999988
365,367,1478,1250.0,553,274239,0.1,0.0024505485216354374,1606.3848369121552,True,False,3,10.999999999999986
366,365,1476,900.0,974,274642,0.1,0.0025157176019830413,1618.3973038196564,True,False,3,7.499999999999989
367,366,1477,1080.0,817,274929,0.1,0.0024581947319740785,1625.8476088047028,True,False,3,9.299999999999986
368,368,1479,460.0,652,275164,0.1,0.0024630391304816856,1632.5566799640656,True,False,3,3.1000000000000023
369,369,1480,530.0,553,276451,0.1,0.0025522813031906314,1652.1350347995758,True,False,3,3.8000000000000016
370,370,1481,530.0,632,277170,0.1,0.0024710084361214296,1659.8762879371643,True,False,3,3.799999999999998
371,372,1483,520.0,774,278260,0.1,0.0024132152194474904,1672.139019727707,True,False,3,3.6999999999999993
372,371,1482,1550.0,885,278469,0.1,0.002403180199309573,1674.7596669197083,True,False,3,13.999999999999986
373,373,1484,720.0,584,278787,0.1,0.0022648514871073293,1678.6672966480255,True,False,3,5.699999999999989
374,374,1485,1030.0,776,280274,0.1,0.002353943175566923,1699.1288976669312,True,False,3,8.79999999999999
375,375,1486,630.0,618,280732,0.1,0.002388684862170106,1706.087248802185,True,False,3,4.799999999999999
376,376,1487,610.0,658,281101,0.1,0.0023890985950447566,1713.7588248252869,True,False,3,4.599999999999995
377,377,1488,1730.0,736,281731,0.1,0.0023967667494498132,1721.3428769111633,True,False,3,15.799999999999997
378,378,1489,740.0,813,283526,0.1,0.0024517369281894645,1739.2650167942047,True,False,3,5.8999999999999915
379,380,1491,870.0,732,284029,0.1,0.002469459366892424,1744.9842188358307,True,False,3,7.1999999999999975
380,381,1492,1410.0,691,284495,0.1,0.002474688058557304,1749.3289248943329,True,False,3,12.599999999999984
381,379,1490,1560.0,953,284544,0.1,0.0024467464310438582,1749.9581487178802,True,False,3,14.099999999999993
382,385,1496,480.0,520,286624,0.1,0.00214614887965861,1771.5920016765594,True,False,3,3.300000000000002
383,382,1493,870.0,812,286774,0.1,0.0022194271440115374,1773.7717897891998,True,False,3,7.199999999999996
384,383,1494,1050.0,790,287189,0.1,0.0021922856030685096,1777.6748027801514,True,False,3,8.999999999999993
385,384,1495,790.0,984,288431,0.1,0.002179022032563571,1789.0000457763672,True,False,3,6.399999999999991
386,387,1498,490.0,596,289158,0.1,0.0022464414750657125,1796.5189468860626,True,False,3,3.4000000000000026
387,386,1497,2050.0,781,289748,0.1,0.0022433014936410083,1801.8567366600037,True,False,3,19.00000000000003
388,388,1499,1930.0,776,290293,0.1,0.0022718242831502983,1807.4329738616943,True,False,3,17.800000000000004
389,389,1500,430.0,512,290479,0.1,0.0022998544150141242,1809.1291258335114,True,False,3,2.800000000000002
390,391,1502,590.0,607,292176,0.1,0.002431433379559592,1825.9434719085693,True,False,3,4.399999999999999
391,392,1503,810.0,578,292605,0.1,0.002465591055665739,1829.2205927371979,True,False,3,6.59999999999999
392,390,1501,1970.0,1054,293374,0.1,0.0023933115825434774,1835.692557811737,True,False,3,18.199999999999992
393,393,1504,2310.0,1085,294819,0.1,0.002422906874120021,1849.0694787502289,True,False,3,21.600000000000023
394,395,1506,530.0,554,294821,0.1,0.0023743683814902417,1849.236538887024,True,False,3,3.8000000000000016
395,396,1507,1210.0,642,295942,0.1,0.0022957891907080183,1860.3512136936188,True,False,3,10.599999999999985
396,394,1505,1330.0,989,296132,0.1,0.0023246360655214365,1863.0244598388672,True,False,3,11.799999999999972
397,399,1510,1590.0,599,298338,0.1,0.002449731683966475,1970.304960012436,True,False,3,14.399999999999986
398,398,1509,2480.0,905,298441,0.1,0.0023478446505161114,1975.5920839309692,True,False,3,23.30000000000001
399,400,1511,600.0,638,298684,0.1,0.0024252306277824267,1986.86399269104,True,False,3,4.500000000000001
400,397,1508,2240.0,1118,299291,0.1,0.0023670201277283683,1999.308409690857,True,False,3,20.900000000000063
401,401,1512,950.0,591,300702,0.1,0.002565340410312086,2028.7143468856812,True,False,3,7.999999999999988
402,403,1514,510.0,592,301052,0.1,0.002580919500630714,2033.9426786899567,True,False,3,3.5999999999999996
403,404,1515,710.0,489,301247,0.1,0.0025907425237971914,2036.9403529167175,True,False,3,5.5999999999999925
404,402,1513,2400.0,785,301581,0.1,0.0026063787952587485,2042.2962477207184,True,False,3,22.500000000000064
405,405,1516,1690.0,769,303778,0.1,0.0026916539836499324,2072.105265855789,True,False,3,15.399999999999984
406,407,1518,860.0,666,303911,0.1,0.002756188027546727,2073.958055973053,True,False,3,7.099999999999999
407,408,1519,1450.0,750,304581,0.1,0.0026801580432026335,2084.7188019752502,True,False,3,12.99999999999999
408,406,1517,1420.0,915,304712,0.1,0.002690106897508023,2086.4462168216705,True,False,3,12.699999999999992
409,409,1520,1580.0,782,306906,0.1,0.002512260710465057,2114.074398994446,True,False,3,14.299999999999986
410,410,1521,1130.0,864,307367,0.1,0.002471196264970651,2120.829286813736,True,False,3,9.799999999999986
411,412,1523,710.0,827,308020,0.1,0.0024118603617791874,2129.1127779483795,True,False,3,5.599999999999991
412,411,1522,2370.0,1100,308981,0.1,0.0024280695327218963,2140.9447586536407,True,False,3,22.20000000000008
413,413,1524,790.0,623,309398,0.1,0.0023842436061719103,2145.664566040039,True,False,3,6.399999999999986
414,414,1525,720.0,544,309543,0.1,0.0024186904212162037,2147.461746931076,True,False,3,5.6999999999999895
415,415,1526,490.0,674,310716,0.1,0.002465520253251597,2161.365087032318,True,False,3,3.400000000000002
416,418,1529,780.0,593,311915,0.1,0.0024973038007021515,2174.9823377132416,True,False,3,6.299999999999988
417,416,1527,2160.0,795,312161,0.1,0.00247173085340164,2177.926997900009,True,False,3,20.100000000000016
418,419,1530,500.0,606,313140,0.1,0.0024987946681504633,2190.593680858612,True,False,3,3.5000000000000027
419,417,1528,1300.0,983,313330,0.1,0.002492861459619107,2192.714433670044,True,False,3,11.49999999999998
420,420,1531,1060.0,654,314531,0.1,0.0024752407728136157,2206.402987718582,True,False,3,9.099999999999989
421,421,1532,1540.0,774,315257,0.1,0.0024604825263100528,2215.4306948184967,True,False,3,13.899999999999986
422,422,1533,730.0,633,315672,0.1,0.0024304703282785277,2220.9419536590576,True,False,3,5.799999999999997
423,423,1534,890.0,854,316746,0.1,0.0024144505171745413,2229.79993391037,True,False,3,7.399999999999988
424,426,1537,870.0,610,318112,0.1,0.002397310329108789,2237.495390892029,True,False,3,7.199999999999987
425,424,1535,1390.0,912,318179,0.1,0.0023791035664065645,2237.9295077323914,True,False,3,12.399999999999979
426,425,1536,1190.0,807,318485,0.1,0.002388094673541985,2241.488180875778,True,False,3,10.399999999999983
427,429,1540,1090.0,634,320715,0.1,0.002224175094212596,2253.903259754181,True,False,3,9.399999999999991
428,427,1538,1450.0,1016,320810,0.1,0.00228778777692621,2254.4479649066925,True,False,3,12.999999999999973
429,428,1539,980.0,685,320852,0.1,0.0022440113355813507,2254.728985786438,True,False,3,8.299999999999988
430,430,1541,1000.0,980,322405,0.1,0.0022445960867525155,2263.571333885193,True,False,3,8.499999999999984
431,433,1544,630.0,530,322972,0.1,0.0022640613272878396,2266.718756914139,True,False,3,4.799999999999992
432,431,1542,540.0,708,323547,0.1,0.00230893460598131,2269.921979904175,True,False,3,3.9000000000000012
433,432,1543,1180.0,937,324558,0.1,0.002320522556204166,2275.5800487995148,True,False,3,10.299999999999986
434,434,1545,1690.0,824,325701,0.1,0.0023226953368790525,2281.9047207832336,True,False,3,15.399999999999983
435,435,1546,1000.0,714,325828,0.1,0.0023667365339071376,2282.6557466983795,True,False,3,8.499999999999991
436,436,1547,1370.0,816,326811,0.1,0.0023136967456058996,2288.189558029175,True,False,3,12.199999999999983
437,437,1548,1100.0,890,328118,0.1,0.0022654465977181002,2295.5132868289948,True,False,3,9.499999999999977
438,439,1550,620.0,582,328156,0.1,0.0022417719958388468,2295.795649766922,True,False,3,4.699999999999994
439,438,1549,1180.0,679,328417,0.1,0.002329410650439571,2297.3293027877808,True,False,3,10.299999999999986
440,440,1551,2260.0,744,329787,0.1,0.002347890386097847,2304.883185863495,True,False,3,21.10000000000006
441,441,1552,2010.0,738,331070,0.1,0.002541997957233905,2312.2648577690125,True,False,3,18.60000000000001
442,442,1553,1530.0,774,331252,0.1,0.002517748852103987,2313.3142359256744,True,False,3,13.799999999999983
443,444,1555,1040.0,404,331403,0.1,0.0026174328539325708,2314.3166677951813,True,False,3,8.899999999999993
444,443,1554,3730.0,768,331489,0.1,0.0025042706035189135,2314.886524915695,True,False,3,35.80000000000007
445,446,1557,1330.0,552,333460,0.1,0.002579189642847927,2325.8617889881134,True,False,3,11.799999999999988
446,445,1556,800.0,755,334090,0.1,0.002580494381601472,2329.4809217453003,True,False,3,6.499999999999989
447,448,1559,1090.0,702,334297,0.1,0.002600125226598801,2330.6897809505463,True,False,3,9.39999999999999
448,447,1558,1660.0,801,334607,0.1,0.002587047304313388,2332.4064767360687,True,False,3,15.099999999999982
449,451,1562,480.0,546,336481,0.1,0.00257100605573454,2342.7383348941803,True,False,3,3.3000000000000025
450,449,1560,980.0,762,336508,0.1,0.002596526344449154,2342.934368610382,True,False,3,8.299999999999983
451,450,1561,2760.0,766,337154,0.1,0.0025751296224591734,2350.031537771225,True,False,3,26.10000000000006
452,452,1563,1600.0,749,337603,0.1,0.0026135742883490166,2352.5961589813232,True,False,3,14.499999999999982
453,454,1565,520.0,522,338596,0.1,0.0027257958023409246,2358.158859729767,True,False,3,3.700000000000002
454,453,1564,2780.0,748,339473,0.1,0.0026780257832923816,2363.039568901062,True,False,3,26.300000000000054
455,455,1566,1320.0,863,340606,0.1,0.0026433403004928863,2369.212292909622,True,False,3,11.699999999999976
456,457,1568,1090.0,769,341672,0.1,0.0025182205886805312,2375.254431962967,True,False,3,9.399999999999986
457,456,1567,1890.0,1078,341915,0.1,0.002583063319770374,2376.7789556980133,True,False,3,17.400000000000016
458,458,1569,940.0,628,341985,0.1,0.002485378285455458,2377.2504258155823,True,False,3,7.899999999999984
459,459,1570,1500.0,864,344062,0.1,0.0026194578751730863,2389.1360437870026,True,False,3,13.499999999999986
460,461,1572,1290.0,593,344287,0.1,0.002685469803836159,2390.3876209259033,True,False,3,11.399999999999984
461,460,1571,3640.0,714,344528,0.1,0.0026756311153421693,2391.7505989074707,True,False,3,34.90000000000004
462,462,1573,2310.0,793,345157,0.1,0.0027058930552451817,2395.1821687221527,True,False,3,21.599999999999998
463,463,1574,2060.0,694,346838,0.1,0.002871662830468938,2404.5240116119385,True,False,3,19.100000000000023
464,464,1575,1750.0,781,347411,0.1,0.0029134180606372666,2407.711664915085,True,False,3,15.999999999999996
465,465,1576,3060.0,1034,348664,0.1,0.0029945893361092665,2414.6492738723755,True,False,3,29.1000000000001
466,466,1577,2120.0,1011,349201,0.1,0.003013423060259987,2417.631819009781,True,False,3,19.700000000000003
467,467,1578,1850.0,912,350486,0.1,0.003022191152890548,2424.582352876663,True,False,3,17.000000000000014
468,470,1581,350.0,446,350985,0.1,0.003027477369392124,2427.256732940674,True,False,3,2.0000000000000018
469,468,1579,2250.0,941,351175,0.1,0.0030214383997276472,2428.297601699829,True,False,3,21.0
470,469,1580,1280.0,894,352240,0.1,0.0029285286768845863,2434.037952899933,True,False,3,11.299999999999976
471,472,1583,1740.0,815,354245,0.1,0.002909669910766116,2444.756162881851,True,False,3,15.899999999999999
472,471,1582,2370.0,956,354310,0.1,0.002934478995853949,2445.1241517066956,True,False,3,22.200000000000085
473,473,1584,1860.0,858,354607,0.1,0.002948137543067588,2446.872695684433,True,False,3,17.10000000000002
474,474,1585,2800.0,970,356120,0.1,0.0029511914902352297,2455.036968946457,True,False,3,26.50000000000002
475,475,1586,1790.0,853,357657,0.1,0.0028782583462513313,2462.2493550777435,True,False,3,16.39999999999999
476,476,1587,3740.0,915,357970,0.1,0.0028394155566265063,2465.2725229263306,True,False,3,35.90000000000008
477,477,1588,1090.0,996,358591,0.1,0.0028252424069130457,2467.971586704254,True,False,3,9.399999999999983
478,478,1589,2110.0,965,359980,0.1,0.002794057096612828,2473.83531498909,True,False,3,19.60000000000003
479,481,1592,1440.0,651,361195,0.1,0.003028377708453204,2478.882422685623,True,False,3,12.89999999999998
480,479,1590,3860.0,916,361321,0.1,0.0029681898921923348,2479.497992992401,True,False,3,37.10000000000005
481,480,1591,2410.0,941,361734,0.1,0.003009239148027407,2481.4081268310547,True,False,3,22.60000000000009
482,482,1593,2580.0,869,363456,0.1,0.0031075778140518193,2488.521281003952,True,False,3,24.30000000000002
483,484,1595,880.0,670,364001,0.1,0.0029991854791036015,2490.839413881302,True,False,3,7.299999999999994
484,483,1594,2230.0,754,364211,0.1,0.003014679273574388,2491.7149538993835,True,False,3,20.800000000000022
485,485,1596,1890.0,908,365366,0.1,0.003026856624586446,2496.581378698349,True,False,3,17.399999999999984
486,489,1600,460.0,387,366914,0.1,0.0032836425735420266,2502.9692537784576,True,False,3,3.100000000000002
487,488,1599,870.0,710,367051,0.1,0.003169021194613814,2503.518527984619,True,False,3,7.199999999999985
488,486,1597,2120.0,920,367136,0.1,0.003134660520173265,2503.91685461998,True,False,3,19.70000000000003
489,487,1598,1720.0,906,367625,0.1,0.0031538326095670944,2505.9827167987823,True,False,3,15.699999999999978
490,490,1601,2080.0,621,369398,0.1,0.0032348090505033233,2513.2517578601837,True,False,3,19.300000000000054
491,492,1603,940.0,606,369560,0.1,0.0032381395392581704,2513.971821784973,True,False,3,7.899999999999986
492,491,1602,950.0,880,370571,0.1,0.0031892551065869734,2518.3788888454437,True,False,3,7.999999999999988
493,493,1604,2170.0,946,371409,0.1,0.003241137898626519,2521.931329727173,True,False,3,20.200000000000003
494,494,1605,1190.0,822,372686,0.1,0.003234452351734015,2527.2204790115356,True,False,3,10.399999999999984
495,495,1606,1650.0,790,372720,0.1,0.003256187907676507,2527.4128608703613,True,False,3,14.999999999999984
496,496,1607,2430.0,771,373655,0.1,0.0033778701116930062,2531.2908177375793,True,False,3,22.800000000000068
497,497,1608,870.0,718,374281,0.1,0.0033539467919903253,2533.918028831482,True,False,3,7.199999999999996
498,499,1610,900.0,723,375612,0.1,0.003486189591108382,2539.302546977997,True,False,3,7.499999999999991
499,498,1609,1090.0,865,376146,0.1,0.003543368901457164,2541.51242685318,True,False,3,9.399999999999983
500,500,1611,2790.0,989,377611,0.1,0.0036470024924536017,2547.6906187534332,True,False,3,26.40000000000004
501,501,1612,1390.0,919,377957,0.1,0.003721622529936705,2563.734130859375,True,False,3,12.399999999999979
502,503,1614,1400.0,965,380006,0.1,0.0038413948655114,2572.1365609169006,True,False,3,12.499999999999977
503,502,1613,4760.0,1176,380316,0.1,0.00386142500376861,2573.4832756519318,True,False,3,46.1000000000001
504,505,1616,950.0,611,380401,0.1,0.003922395866384056,2573.8819646835327,True,False,3,7.999999999999986
505,504,1615,1330.0,754,380627,0.1,0.0038706124557178487,2574.8397018909454,True,False,3,11.799999999999978
506,509,1620,450.0,443,382399,0.1,0.0036439247234644574,2582.1488547325134,True,False,3,3.0000000000000027
507,507,1618,1580.0,665,382976,0.1,0.0036471130593357733,2584.763484954834,True,False,3,14.299999999999985
508,508,1619,2510.0,740,383361,0.1,0.0037153393701127905,2586.3946998119354,True,False,3,23.60000000000002
509,506,1617,2480.0,920,383686,0.1,0.0037156594504662993,2587.7565948963165,True,False,3,23.300000000000058
510,510,1621,1550.0,640,384959,0.1,0.0036762637038009415,2593.1229288578033,True,False,3,13.999999999999986
511,511,1622,710.0,656,385600,0.1,0.00370141679040233,2595.737432718277,True,False,3,5.599999999999994
512,512,1623,2140.0,774,386457,0.1,0.00379214856076627,2599.360587835312,True,False,3,19.900000000000063
513,513,1624,3720.0,767,386754,0.1,0.0038320250658778598,2600.576670885086,True,False,3,35.70000000000006
514,514,1625,1540.0,678,387671,0.1,0.003926223197506856,2604.440001010895,True,False,3,13.899999999999991
515,517,1628,1120.0,574,389050,0.1,0.003651270432761166,2610.0473856925964,True,False,3,9.699999999999992
516,515,1626,2470.0,932,389328,0.1,0.0038087418289903087,2611.2510080337524,True,False,3,23.200000000000017
517,516,1627,1630.0,992,390425,0.1,0.003683264395506065,2615.8146917819977,True,False,3,14.799999999999976
518,518,1629,1630.0,843,391043,0.1,0.0036183848395978995,2618.332973718643,True,False,3,14.799999999999974
519,520,1631,1290.0,696,392112,0.1,0.0036596461586773277,2622.699143886566,True,False,3,11.399999999999979
520,519,1630,820.0,772,392138,0.1,0.003682175532590786,2622.827414035797,True,False,3,6.699999999999994
521,521,1632,1820.0,952,394233,0.1,0.003672996349290342,2631.6380138397217,True,False,3,16.700000000000006
522,523,1634,760.0,545,394292,0.1,0.003682683816034381,2631.946208000183,True,False,3,6.099999999999998
523,522,1633,2300.0,899,394639,0.1,0.0037004592872092144,2633.362356901169,True,False,3,21.500000000000014
524,524,1635,2510.0,781,395262,0.1,0.0036570050672564782,2635.8391587734222,True,False,3,23.60000000000008
525,526,1637,670.0,597,396680,0.1,0.003648452807866798,2641.6207258701324,True,False,3,5.199999999999992
526,525,1636,1280.0,767,397301,0.1,0.0035988672500909726,2645.326943874359,True,False,3,11.299999999999994
527,528,1639,610.0,527,397370,0.1,0.003569921634696332,2645.648312807083,True,False,3,4.600000000000001
528,527,1638,1310.0,775,397739,0.1,0.003566567764181884,2647.2665598392487,True,False,3,11.59999999999998
529,532,1643,780.0,653,400351,0.1,0.0035798528073369817,2657.84854888916,True,False,3,6.299999999999995
530,530,1641,2250.0,822,400589,0.1,0.0035740238483519342,2658.857349872589,True,False,3,21.00000000000007
531,531,1642,670.0,820,400650,0.1,0.003588676051642723,2659.1362688541412,True,False,3,5.199999999999991
532,529,1640,2930.0,1006,400704,0.1,0.003549014451445097,2659.4065606594086,True,False,3,27.800000000000097
533,534,1645,480.0,602,402997,0.1,0.0034443865149425793,2668.3985347747803,True,False,3,3.300000000000002
534,536,1647,710.0,653,403316,0.1,0.0034402388441811386,2669.772500038147,True,False,3,5.599999999999998
535,533,1644,830.0,781,403475,0.1,0.0034724749123442693,2670.4179940223694,True,False,3,6.799999999999985
536,535,1646,2540.0,916,404314,0.1,0.0035162287565099694,2673.774761915207,True,False,3,23.900000000000077
537,539,1650,680.0,592,405843,0.1,0.0039278995766811,2679.9817447662354,True,False,3,5.299999999999992
538,537,1648,960.0,830,406317,0.1,0.0038598994359777994,2681.970958709717,True,False,3,8.099999999999985
539,540,1651,420.0,507,406342,0.1,0.003995661780259277,2682.119551897049,True,False,3,2.700000000000002
540,538,1649,2560.0,884,406852,0.1,0.003925265758419494,2684.2056839466095,True,False,3,24.100000000000065
541,541,1652,640.0,531,407967,0.1,0.004059798605875998,2688.6667709350586,True,False,3,4.899999999999995
542,543,1654,790.0,633,408874,0.1,0.004003766906671344,2692.5351998806,True,False,3,6.399999999999988
543,544,1655,1220.0,543,409024,0.1,0.00395932966868117,2693.2000436782837,True,False,3,10.699999999999987
544,542,1653,1310.0,719,409193,0.1,0.003970869843393399,2693.8833746910095,True,False,3,11.599999999999982
545,545,1656,920.0,647,410555,0.1,0.0037545832700795643,2699.056429862976,True,False,3,7.69999999999999
546,547,1658,660.0,607,411452,0.1,0.0036657500210029413,2702.4926207065582,True,False,3,5.099999999999996
547,546,1657,2340.0,881,412398,0.1,0.0036566715830753087,2706.3418209552765,True,False,3,21.900000000000063
548,548,1659,1150.0,916,412857,0.1,0.0036673176148855516,2708.319986820221,True,False,3,9.999999999999982
549,549,1660,550.0,846,413939,0.1,0.0036834674061993777,2712.8775806427,True,False,3,3.9999999999999973
550,550,1661,2090.0,1046,415636,0.1,0.0037704900631758548,2719.319292783737,True,False,3,19.400000000000016
551,552,1663,940.0,803,416069,0.1,0.0037415645812762205,2722.421450853348,True,False,3,7.899999999999993
552,551,1662,5050.0,1074,416694,0.1,0.003770859087700305,2724.811325788498,True,False,3,49.00000000000013
553,553,1664,860.0,940,417699,0.1,0.0038117992626057265,2728.7537479400635,True,False,3,7.099999999999987
554,555,1666,1130.0,548,418261,0.1,0.003885650324523041,2731.005919933319,True,False,3,9.799999999999999
555,554,1665,2440.0,959,419472,0.1,0.0038235698475422796,2735.6316590309143,True,False,3,22.90000000000007
556,556,1667,4090.0,978,420606,0.1,0.0038415670852226364,2739.962656736374,True,False,3,39.40000000000009
557,557,1668,2510.0,783,420831,0.1,0.0038229773745254766,2740.8292717933655,True,False,3,23.600000000000087
558,559,1670,380.0,396,421056,0.1,0.0038094418499656398,2741.879489660263,True,False,3,2.300000000000002
559,558,1669,890.0,786,421405,0.1,0.0038408334609879415,2743.2419776916504,True,False,3,7.3999999999999915
560,560,1671,410.0,633,423138,0.1,0.0038066491611356335,2749.887725830078,True,False,3,2.600000000000002
561,563,1674,420.0,496,423389,0.1,0.003748843834112068,2750.8808357715607,True,False,3,2.700000000000002
562,562,1673,610.0,589,423412,0.1,0.0037650159113061677,2751.0116317272186,True,False,3,4.599999999999994
563,561,1672,720.0,771,423915,0.1,0.00376678519488473,2752.9665999412537,True,False,3,5.6999999999999975
564,565,1676,1350.0,607,425817,0.1,0.00394499398255107,2760.4004158973694,True,False,3,11.999999999999986
565,564,1675,1540.0,771,426222,0.1,0.0038571803960115703,2761.943729877472,True,False,3,13.899999999999984
566,566,1677,890.0,812,426660,0.1,0.0038676506578331593,2763.628497838974,True,False,3,7.399999999999993
567,567,1678,1460.0,740,426875,0.1,0.003867110036977416,2764.552941799164,True,False,3,13.099999999999985
568,570,1681,340.0,482,428588,0.1,0.0036476225934196187,2771.165621995926,True,False,3,1.9000000000000012
569,569,1680,750.0,598,428614,0.1,0.003682875116106534,2771.312336921692,True,False,3,5.999999999999995
570,568,1679,1190.0,731,428741,0.1,0.003642194872376765,2771.839963912964,True,False,3,10.399999999999997
571,571,1682,1780.0,1079,431191,0.1,0.003734731944603716,2781.6041207313538,True,False,3,16.29999999999999
572,573,1684,760.0,699,431410,0.1,0.003785617324874706,2782.4475877285004,True,False,3,6.099999999999994
573,572,1683,1640.0,772,431676,0.1,0.0037484171502792803,2783.543278694153,True,False,3,14.89999999999998
574,574,1685,1140.0,931,432465,0.1,0.0036543929609535093,2786.553510904312,True,False,3,9.89999999999998
575,576,1687,1140.0,725,434310,0.1,0.0033299388471541218,2793.641070842743,True,False,3,9.899999999999979
576,575,1686,1080.0,823,434483,0.1,0.003386239912462752,2795.9257397651672,True,False,3,9.299999999999981
577,577,1688,1660.0,920,435356,0.1,0.0034753480314342914,2799.386326789856,True,False,3,15.099999999999982
578,578,1689,2670.0,840,435825,0.1,0.00354470028195508,2801.1926538944244,True,False,3,25.20000000000002
579,579,1690,760.0,577,436618,0.1,0.0037913538193357606,2804.5705478191376,True,False,3,6.099999999999989
580,580,1691,1430.0,805,437703,0.1,0.00371157445305646,2808.858064889908,True,False,3,12.799999999999988
581,581,1692,570.0,591,437720,0.1,0.0036438082098801715,2808.96843791008,True,False,3,4.200000000000001
582,582,1693,580.0,520,437905,0.1,0.0036280173193797686,2809.718876838684,True,False,3,4.299999999999999
583,583,1694,1160.0,725,439518,0.1,0.003518500176402901,2816.043467760086,True,False,3,10.099999999999985
584,584,1695,890.0,671,440387,0.1,0.003354428401605494,2819.495019674301,True,False,3,7.399999999999993
585,585,1696,910.0,678,440432,0.1,0.003347812943499821,2819.708021879196,True,False,3,7.599999999999989
586,586,1697,1020.0,737,440853,0.1,0.003356046147036064,2821.4041500091553,True,False,3,8.699999999999989
587,588,1699,1190.0,571,442671,0.1,0.0034628054316705272,2828.5632467269897,True,False,3,10.399999999999991
588,589,1700,820.0,684,443168,0.1,0.0033802551023181453,2830.5262248516083,True,False,3,6.699999999999989
589,590,1701,1210.0,629,443369,0.1,0.0033987253237684483,2831.3985228538513,True,False,3,10.599999999999987
590,587,1698,2570.0,968,443390,0.1,0.0033148197512635922,2831.526081800461,True,False,3,24.200000000000095
591,591,1702,1420.0,741,445635,0.1,0.0032159668840713016,2840.590064764023,True,False,3,12.699999999999982
592,593,1704,940.0,693,446141,0.1,0.0032281978748783116,2842.6804196834564,True,False,3,7.8999999999999915
593,594,1705,610.0,706,446214,0.1,0.0032257295282730417,2842.99622297287,True,False,3,4.599999999999996
594,592,1703,2080.0,875,446668,0.1,0.0032831246463714964,2844.8363037109375,True,False,3,19.300000000000004
595,597,1708,410.0,532,448342,0.1,0.0031199004823653574,2851.3494448661804,True,False,3,2.600000000000002
596,596,1707,1300.0,672,448829,0.1,0.003080534117803576,2853.257095813751,True,False,3,11.499999999999991
597,598,1709,500.0,545,448848,0.1,0.002985956819317893,2853.3746597766876,True,False,3,3.500000000000001
598,595,1706,1540.0,883,449167,0.1,0.0031054539078348743,2854.6903607845306,True,False,3,13.899999999999974
599,600,1711,460.0,619,451305,0.1,0.003120598385880832,2863.007631778717,True,False,3,3.1000000000000014
600,601,1712,920.0,662,451496,0.1,0.003096261362174492,2863.8151779174805,True,False,3,7.699999999999992
601,602,1713,710.0,637,451715,0.1,0.0030605796323592074,2866.045898914337,True,False,3,5.599999999999991
602,599,1710,2960.0,1175,453042,0.1,0.0029741477204407465,2870.9535727500916,True,False,3,28.100000000000108
603,603,1714,790.0,510,453345,0.1,0.002865497360129238,2872.121617794037,True,False,3,6.3999999999999915
604,605,1716,690.0,684,454451,0.1,0.0029099552065157195,2876.415272951126,True,False,3,5.399999999999993
605,604,1715,930.0,750,454496,0.1,0.002911102040593202,2876.627717733383,True,False,3,7.799999999999994
606,606,1717,650.0,557,455270,0.1,0.003055026912953056,2879.668874979019,True,False,3,4.999999999999993
607,607,1718,640.0,815,456605,0.1,0.0029892230137862678,2884.7543637752533,True,False,3,4.899999999999997
608,608,1719,490.0,583,456783,0.1,0.0030222883785269695,2885.457680940628,True,False,3,3.400000000000002
609,610,1721,300.0,380,456790,0.1,0.0029810857157970437,2885.5247659683228,True,False,3,1.5000000000000013
610,609,1720,1560.0,865,457956,0.1,0.0030290916658981,2889.921541929245,True,False,3,14.099999999999977
611,613,1724,990.0,689,459546,0.1,0.0030908520990396014,2895.939083814621,True,False,3,8.399999999999983
612,611,1722,1700.0,849,460001,0.1,0.0030719951293332495,2897.9274818897247,True,False,3,15.499999999999975
613,612,1723,1660.0,944,460559,0.1,0.003090832384660351,2900.1212286949158,True,False,3,15.099999999999987
614,614,1725,1550.0,1059,462192,0.1,0.0032240455075122267,2906.488384962082,True,False,3,13.999999999999975
615,615,1726,850.0,858,462978,0.1,0.003281536180944462,2909.610046863556,True,False,3,6.999999999999989
616,616,1727,870.0,774,463097,0.1,0.0033590929571133666,2910.1204607486725,True,False,3,7.19999999999999
617,617,1728,840.0,800,463759,0.1,0.0034127034308039585,2912.7188999652863,True,False,3,6.899999999999993
618,618,1729,1300.0,662,464840,0.1,0.003237593874108086,2916.8274717330933,True,False,3,11.499999999999984
619,620,1731,720.0,602,465505,0.1,0.003200265480784786,2919.4382767677307,True,False,3,5.699999999999989
620,619,1730,740.0,748,465970,0.1,0.0031570488417223545,2921.2600808143616,True,False,3,5.8999999999999915
621,621,1732,1060.0,679,466475,0.1,0.0030147919358633492,2923.2218129634857,True,False,3,9.099999999999987
622,623,1734,1120.0,781,468629,0.1,0.002886205052980192,2931.57373380661,True,False,3,9.699999999999985
623,622,1733,2160.0,1035,468980,0.1,0.002897397971685058,2933.1253848075867,True,False,3,20.10000000000003
624,624,1735,2420.0,758,469002,0.1,0.0028360860046284337,2933.245667695999,True,False,3,22.70000000000006
625,625,1736,1910.0,725,469375,0.1,0.002743487815485047,2934.717290878296,True,False,3,17.600000000000037
626,626,1737,2250.0,675,471329,0.1,0.0025964088775045067,2943.7202529907227,True,False,3,21.000000000000046
627,628,1739,560.0,597,471390,0.1,0.0026408442528333383,2944.0037660598755,True,False,3,4.099999999999998
628,627,1738,1040.0,744,471956,0.1,0.0026184339243705856,2946.248022079468,True,False,3,8.89999999999999
629,629,1740,1670.0,834,472711,0.1,0.0027318879155435417,2949.2745287418365,True,False,3,15.199999999999983
630,632,1743,630.0,542,474124,0.1,0.00286023628481705,2954.924393892288,True,False,3,4.799999999999994
631,631,1742,1020.0,705,474210,0.1,0.0027899804317015916,2955.277021884918,True,False,3,8.69999999999999
632,633,1744,550.0,546,474895,0.1,0.002923189729452986,2957.9382078647614,True,False,3,3.999999999999999
633,630,1741,1180.0,1014,475385,0.1,0.002919831818577703,2959.9189279079437,True,False,3,10.299999999999985
634,635,1746,830.0,595,476590,0.1,0.003039020821334747,2964.6936190128326,True,False,3,6.799999999999988
635,634,1745,2160.0,643,476696,0.1,0.0030221813335735205,2965.171221971512,True,False,3,20.100000000000065
636,636,1747,750.0,519,476971,0.1,0.002977069885638652,2966.4518830776215,True,False,3,5.99999999999999
637,637,1748,1050.0,728,478297,0.1,0.0029009993620323026,2971.7403128147125,True,False,3,8.999999999999995
638,639,1750,910.0,644,479272,0.1,0.0028639679022823164,2975.6270089149475,True,False,3,7.599999999999985
639,640,1751,1270.0,634,479507,0.1,0.0028488116985376432,2976.56498003006,True,False,3,11.199999999999987
640,638,1749,1250.0,906,480214,0.1,0.0028906369788179514,2979.427839040756,True,False,3,10.999999999999982
641,641,1752,940.0,701,481101,0.1,0.002786222534598291,2983.054070711136,True,False,3,7.899999999999986
642,642,1753,1280.0,764,482328,0.1,0.002839699739310525,2987.8039898872375,True,False,3,11.299999999999985
643,645,1756,540.0,459,482937,0.1,0.0027774201418437503,2990.1472618579865,True,False,3,3.8999999999999986
644,643,1754,1210.0,1035,483647,0.1,0.0028021338543121293,2992.948889732361,True,False,3,10.599999999999985
645,644,1755,1120.0,954,484030,0.1,0.0027643895088241043,2994.468335866928,True,False,3,9.699999999999989
646,646,1757,1700.0,922,486016,0.1,0.0027162243164883856,3002.5587997436523,True,False,3,15.499999999999975
647,647,1758,1580.0,918,486609,0.1,0.0026809571436804177,3004.9579939842224,True,False,3,14.299999999999981
648,648,1759,1560.0,938,487399,0.1,0.0026050854857434143,3008.0868649482727,True,False,3,14.099999999999975
649,649,1760,1330.0,907,487658,0.1,0.0025756025255982205,3009.206400871277,True,False,3,11.799999999999981
650,650,1761,1540.0,751,489020,0.1,0.002495254232602742,3014.688784837723,True,False,3,13.899999999999986
651,651,1762,630.0,696,489393,0.1,0.0025515869130539686,3017.267294883728,True,False,3,4.799999999999997
652,652,1763,750.0,665,490059,0.1,0.002596022926456526,3019.9465408325195,True,False,3,5.999999999999989
653,653,1764,1840.0,861,491102,0.1,0.0026042442789093595,3024.056522846222,True,False,3,16.90000000000001
654,655,1766,1060.0,652,492001,0.1,0.002523400801061824,3027.6323850154877,True,False,3,9.099999999999984
655,654,1765,1520.0,784,492156,0.1,0.002543264163027836,3028.2914958000183,True,False,3,13.69999999999998
656,656,1767,1300.0,636,492603,0.1,0.0024187617305389446,3030.1353108882904,True,False,3,11.499999999999986
657,658,1769,470.0,591,494365,0.1,0.00230177908831681,3037.768013715744,True,False,3,3.200000000000002
658,657,1768,1280.0,963,494954,0.1,0.002325936974686796,3040.2575747966766,True,False,3,11.299999999999978
659,660,1771,1130.0,710,495443,0.1,0.0023766226089284035,3042.253654718399,True,False,3,9.799999999999986
660,659,1770,1720.0,1161,496800,0.1,0.002457852569700706,3047.997386932373,True,False,3,15.699999999999978
661,662,1773,2810.0,708,497786,0.1,0.002643290623258878,3052.369339942932,True,False,3,26.600000000000065
662,661,1772,3160.0,919,498041,0.1,0.002597004843592518,3053.443201780319,True,False,3,30.100000000000065
663,663,1774,2400.0,744,498419,0.1,0.002668745660533508,3055.0495319366455,True,False,3,22.500000000000064
664,664,1775,970.0,688,499552,0.1,0.002575302182755644,3059.811292886734,True,False,3,8.199999999999987
665,666,1777,600.0,650,500641,0.1,0.002502802060290168,3064.6149339675903,True,False,3,4.499999999999995
666,665,1776,2130.0,824,501082,0.1,0.002492488823953713,3066.496969938278,True,False,3,19.80000000000002
667,667,1778,1840.0,834,501755,0.1,0.002464411030866862,3069.3017518520355,True,False,3,16.900000000000016
668,668,1779,1120.0,631,502076,0.1,0.0024461494357452067,3070.676661014557,True,False,3,9.699999999999985
669,670,1781,580.0,553,503294,0.1,0.0024316111097140085,3075.8493959903717,True,False,3,4.299999999999997
670,669,1780,1720.0,935,504381,0.1,0.0023993763146625663,3080.6585097312927,True,False,3,15.699999999999978
671,671,1782,1020.0,658,504387,0.1,0.002369236279822855,3080.7140707969666,True,False,3,8.699999999999989
672,672,1783,780.0,755,505096,0.1,0.002361843759843167,3083.6123638153076,True,False,3,6.299999999999994
673,673,1784,1120.0,868,506766,0.1,0.00243780639533314,3090.1004598140717,True,False,3,9.699999999999989
674,675,1786,990.0,612,506835,0.1,0.002472998470515378,3090.406229019165,True,False,3,8.399999999999983
675,674,1785,1760.0,762,507429,0.1,0.0024652154157530966,3092.798202753067,True,False,3,16.099999999999987
676,676,1787,1520.0,876,508600,0.1,0.0025049564889105904,3099.2252748012543,True,False,3,13.699999999999982
677,677,1788,2210.0,919,510442,0.1,0.0025347514037231352,3106.425936937332,True,False,3,20.600000000000023
678,678,1789,1640.0,1042,511003,0.1,0.0025567989957839743,3108.7204596996307,True,False,3,14.899999999999974
679,679,1790,2420.0,966,511293,0.1,0.002575069302141061,3109.9728729724884,True,False,3,22.700000000000067
680,680,1791,1510.0,894,512176,0.1,0.0026029018808668794,3113.452105998993,True,False,3,13.59999999999998
681,682,1793,1450.0,684,513739,0.1,0.0026645531931657846,3119.649990797043,True,False,3,12.99999999999998
682,681,1792,700.0,829,513758,0.1,0.0026697103917543677,3119.772766828537,True,False,3,5.499999999999989
683,683,1794,830.0,767,514361,0.1,0.0026351574036860997,3122.159747838974,True,False,3,6.799999999999988
684,684,1795,1700.0,698,514968,0.1,0.002647874675048008,3124.6173088550568,True,False,3,15.499999999999979
685,685,1796,1170.0,587,516087,0.1,0.0026482934356521137,3129.226423740387,True,False,3,10.199999999999989
686,686,1797,1370.0,774,516854,0.1,0.002654550069592922,3132.277364015579,True,False,3,12.199999999999983
687,688,1799,470.0,519,517044,0.1,0.0026864976907482727,3133.0744330883026,True,False,3,3.2000000000000024
688,687,1798,1350.0,722,517249,0.1,0.0026785589910500586,3133.9241228103638,True,False,3,11.999999999999984
689,689,1800,1330.0,1091,520451,0.1,0.002423085333560922,3146.4083857536316,True,False,3,11.799999999999983
690,692,1803,1160.0,900,520849,0.1,0.002336228038637071,3147.982928752899,True,False,3,10.099999999999987
691,691,1802,870.0,955,520864,0.1,0.0023425620540498673,3148.0821130275726,True,False,3,7.199999999999987
692,690,1801,2370.0,1038,521006,0.1,0.002337234415385786,3148.6753969192505,True,False,3,22.200000000000088
693,695,1806,2110.0,752,523872,0.1,0.0022355516837783496,3159.813734769821,True,False,3,19.600000000000016
694,693,1804,2930.0,889,524007,0.1,0.002224051317420586,3160.388833761215,True,False,3,27.800000000000082
695,696,1807,1030.0,915,524666,0.1,0.0021952040436234873,3163.254462003708,True,False,3,8.799999999999988
696,694,1805,1300.0,1066,525113,0.1,0.002188713522819063,3164.9951548576355,True,False,3,11.49999999999998
697,697,1808,540.0,546,526056,0.1,0.002064482646496649,3168.597575902939,True,False,3,3.9000000000000012
698,698,1809,610.0,603,526419,0.1,0.002103157069699709,3170.062831878662,True,False,3,4.599999999999998
699,699,1810,490.0,576,526970,0.1,0.0021143217019622775,3172.159141778946,True,False,3,3.4000000000000026
700,700,1811,1050.0,734,528049,0.1,0.0020672133251420687,3176.3917219638824,True,False,3,8.999999999999984
701,702,1813,500.0,532,528547,0.1,0.0020579432937775253,3179.6090309619904,True,False,3,3.5000000000000018
702,703,1814,880.0,691,529734,0.1,0.0020941273199277088,3184.299358844757,True,False,3,7.2999999999999865
703,701,1812,1430.0,930,529776,0.1,0.002104174162221131,3184.4978997707367,True,False,3,12.799999999999981
704,704,1815,1120.0,572,530337,0.1,0.0021359571435861616,3186.704286813736,True,False,3,9.69999999999999
705,705,1816,1010.0,715,531407,0.1,0.002177988770548124,3190.832113981247,True,False,3,8.599999999999985
706,706,1817,1370.0,732,532662,0.1,0.0023394168798762114,3196.049797773361,True,False,3,12.199999999999983
707,707,1818,1640.0,872,533264,0.1,0.0023384613980626722,3198.421293735504,True,False,3,14.89999999999998
708,708,1819,1630.0,741,533301,0.1,0.0023843901077607163,3198.613763809204,True,False,3,14.799999999999981
709,709,1820,1660.0,794,534583,0.1,0.002480521229766098,3203.622419834137,True,False,3,15.09999999999998
710,711,1822,440.0,443,535036,0.1,0.0025912888734927297,3205.4654417037964,True,False,3,2.9000000000000026
711,712,1823,1420.0,721,536185,0.1,0.0026536913562485954,3209.986845970154,True,False,3,12.699999999999985
712,710,1821,3090.0,1225,537562,0.1,0.00266861927177643,3215.3506939411163,True,False,3,29.400000000000105
713,713,1824,2050.0,822,537871,0.1,0.0028279187329682248,3216.590967655182,True,False,3,19.00000000000001
714,714,1825,3900.0,897,538624,0.1,0.0028211429161372633,3219.5453310012817,True,False,3,37.500000000000085
715,715,1826,1110.0,808,539417,0.1,0.0028914731391532678,3222.5743119716644,True,False,3,9.599999999999984
716,716,1827,1620.0,670,540242,0.1,0.002955844986457517,3226.066130876541,True,False,3,14.699999999999983
717,717,1828,1090.0,846,541255,0.1,0.0028889963368116823,3230.0425877571106,True,False,3,9.399999999999979
718,718,1829,1770.0,753,541636,0.1,0.0029324951152172518,3231.571779727936,True,False,3,16.199999999999992
719,719,1830,1520.0,803,542629,0.1,0.002866964524404226,3235.545947790146,True,False,3,13.69999999999998
720,720,1831,1280.0,878,543754,0.1,0.002755685304813957,3240.035575866699,True,False,3,11.299999999999986
721,721,1832,1720.0,762,544303,0.1,0.0027247088513440354,3242.19460773468,True,False,3,15.699999999999982
722,722,1833,920.0,810,544876,0.1,0.0026833690747109897,3244.546347618103,True,False,3,7.699999999999987
723,723,1834,790.0,761,545673,0.1,0.00247547927041937,3247.7321417331696,True,False,3,6.399999999999993
724,724,1835,1440.0,859,547190,0.1,0.0022131032427315893,3253.7969448566437,True,False,3,12.89999999999998
725,726,1837,2190.0,666,547540,0.1,0.0019745443910993104,3255.3981478214264,True,False,3,20.400000000000063
726,725,1836,1340.0,964,548159,0.1,0.0020852781669731847,3259.186355829239,True,False,3,11.89999999999998
727,727,1838,2180.0,805,548893,0.1,0.001987244497430771,3262.107825756073,True,False,3,20.30000000000006
728,728,1839,1190.0,671,549874,0.1,0.001911510474191862,3265.977616786957,True,False,3,10.399999999999988
729,729,1840,1290.0,626,550044,0.1,0.001943205957380555,3266.7066037654877,True,False,3,11.399999999999984
730,731,1842,820.0,591,551257,0.1,0.001995321176818126,3271.45725274086,True,False,3,6.699999999999989
731,730,1841,2500.0,836,551503,0.1,0.0020116217009754937,3272.4389996528625,True,False,3,23.500000000000014
732,733,1844,600.0,512,552092,0.1,0.0021249017632385403,3274.8041076660156,True,False,3,4.499999999999998
733,732,1843,2340.0,797,553062,0.1,0.0021384042689759036,3278.5854830741882,True,False,3,21.90000000000008
734,735,1846,520.0,717,554371,0.1,0.0021263218350949433,3283.772681951523,True,False,3,3.700000000000002
735,734,1845,1430.0,822,554545,0.1,0.002138721495871024,3284.495675802231,True,False,3,12.799999999999981
736,736,1847,1570.0,753,555104,0.1,0.0021403455718498983,3286.926501750946,True,False,3,14.199999999999987
737,737,1848,2540.0,792,556230,0.1,0.002106135115988736,3291.3512766361237,True,False,3,23.90000000000008
738,738,1849,4030.0,724,557267,0.1,0.002111367272529545,3295.2883138656616,True,False,3,38.800000000000075
739,739,1850,1370.0,772,557633,0.1,0.002085722927239342,3296.850423812866,True,False,3,12.199999999999982
740,740,1851,1240.0,795,558284,0.1,0.0021176703061188025,3299.4284946918488,True,False,3,10.899999999999986
741,741,1852,1290.0,777,559338,0.1,0.0021277921870389792,3303.6275408267975,True,False,3,11.399999999999983
742,742,1853,1300.0,823,560559,0.1,0.002037263610021167,3308.430830717087,True,False,3,11.49999999999999
743,743,1854,700.0,808,560865,0.1,0.0020229697293321844,3309.6831560134888,True,False,3,5.499999999999995
744,744,1855,1100.0,904,561900,0.1,0.001961966312833726,3313.7084658145905,True,False,3,9.49999999999998
745,745,1856,1500.0,750,562338,0.1,0.0018994543256703764,3315.5540158748627,True,False,3,13.499999999999979
746,747,1858,640.0,738,563817,0.1,0.001972127622365699,3321.720661878586,True,False,3,4.899999999999997
747,748,1859,490.0,547,564088,0.1,0.0019749222392785844,3322.861254930496,True,False,3,3.400000000000003
748,746,1857,1530.0,1061,564803,0.1,0.001987481062464209,3325.7752430438995,True,False,3,13.799999999999985
749,749,1860,770.0,722,565226,0.1,0.0020039952196434937,3327.565685033798,True,False,3,6.19999999999999
750,750,1861,740.0,672,566505,0.1,0.0020081847434041612,3332.8461797237396,True,False,3,5.899999999999999
751,752,1863,1100.0,704,567619,0.1,0.0019920590579700233,3350.352762937546,True,False,3,9.499999999999986
752,751,1862,2390.0,952,567896,0.1,0.0019940899969582413,3351.4421458244324,True,False,3,22.40000000000005
753,753,1864,860.0,722,568114,0.1,0.001992196104206452,3352.363760948181,True,False,3,7.0999999999999925
754,755,1866,870.0,634,570155,0.1,0.0019926233964455125,3360.647862672806,True,False,3,7.199999999999997
755,756,1867,1180.0,647,570484,0.1,0.0020405720769848036,3361.979686975479,True,False,3,10.299999999999986
756,754,1865,2380.0,1123,570997,0.1,0.0020410061382335294,3364.090565919876,True,False,3,22.299999999999983
757,757,1868,2430.0,962,571962,0.1,0.002106897974821977,3368.0686600208282,True,False,3,22.800000000000068
758,759,1870,1190.0,531,572608,0.1,0.002165155434080359,3370.7496190071106,True,False,3,10.399999999999988
759,761,1872,2260.0,727,574870,0.1,0.0021267744833110298,3379.951658010483,True,False,3,21.100000000000072
760,758,1869,3000.0,1243,575127,0.1,0.0021519112127794857,3381.0380568504333,True,False,3,28.500000000000085
761,762,1873,1480.0,672,575296,0.1,0.0021331114493521107,3381.9461708068848,True,False,3,13.299999999999981
762,760,1871,1700.0,1219,575873,0.1,0.002107733720846679,3384.276333808899,True,False,3,15.499999999999986
763,763,1874,920.0,625,577370,0.1,0.002049531835177913,3390.2545607089996,True,False,3,7.699999999999989
764,765,1876,1150.0,855,578716,0.1,0.0020200669447202452,3395.767659664154,True,False,3,9.999999999999984
765,766,1877,1830.0,805,579093,0.1,0.0020245333116498676,3397.291937828064,True,False,3,16.800000000000008
766,764,1875,1970.0,1141,579691,0.1,0.0019893045193590405,3399.6700427532196,True,False,3,18.20000000000003
767,767,1878,1680.0,709,580206,0.1,0.00195855073684502,3401.828054666519,True,False,3,15.29999999999998
768,768,1879,1340.0,680,581436,0.1,0.001988017597614089,3406.913646697998,True,False,3,11.899999999999983
769,769,1880,1390.0,644,581669,0.1,0.0019824863061697878,3407.8772597312927,True,False,3,12.399999999999984
770,771,1882,1430.0,781,583330,0.1,0.0019932580132021897,3414.6082468032837,True,False,3,12.799999999999981
771,770,1881,1280.0,947,583479,0.1,0.002000985932731883,3415.2649009227753,True,False,3,11.299999999999981
772,772,1883,1730.0,918,585108,0.1,0.0019939835324086054,3422.097740650177,True,False,3,15.799999999999983
773,773,1884,1240.0,998,585661,0.1,0.002003013993629053,3424.358585834503,True,False,3,10.899999999999983
774,774,1885,1150.0,698,586122,0.1,0.0019995419370336725,3426.280994653702,True,False,3,9.999999999999984
775,775,1886,1230.0,811,586723,0.1,0.001969218874384928,3428.766807794571,True,False,3,10.799999999999974
776,776,1887,1110.0,544,587284,0.1,0.001895041322153274,3432.6125876903534,True,False,3,9.599999999999993
777,777,1888,2320.0,738,588613,0.1,0.0019032971389739343,3438.0283918380737,True,False,3,21.700000000000053
778,778,1889,1810.0,976,590026,0.1,0.001893378742217882,3443.754502773285,True,False,3,16.6
779,780,1891,1690.0,756,590308,0.1,0.0019308056040370108,3444.944338798523,True,False,3,15.39999999999998
780,779,1890,810.0,949,590519,0.1,0.0019181904125577418,3445.7915139198303,True,False,3,6.5999999999999925
781,781,1892,1000.0,789,591769,0.1,0.00197333638803887,3451.0443630218506,True,False,3,8.499999999999986
782,783,1894,1430.0,609,592744,0.1,0.002090826874127847,3454.9871859550476,True,False,3,12.799999999999981
783,784,1895,1770.0,720,593399,0.1,0.0021097405164457288,3457.680014848709,True,False,3,16.19999999999999
784,782,1893,1090.0,1069,594302,0.1,0.0020929909955603016,3461.3432829380035,True,False,3,9.39999999999998
785,786,1897,720.0,628,595256,0.1,0.002092769258721601,3465.1947178840637,True,False,3,5.700000000000001
786,785,1896,3690.0,919,595445,0.1,0.0021035971084023878,3465.9491968154907,True,False,3,35.40000000000009
787,787,1898,1280.0,711,596243,0.1,0.002078813154158037,3469.311923980713,True,False,3,11.299999999999995
788,788,1899,1290.0,671,596986,0.1,0.002198779099567442,3472.3962168693542,True,False,3,11.399999999999986
789,790,1901,840.0,757,598473,0.1,0.0024396178476073223,3478.589157819748,True,False,3,6.899999999999989
790,789,1900,2330.0,874,598752,0.1,0.0024129553201573195,3479.801292657852,True,False,3,21.800000000000086
791,791,1902,1660.0,800,599443,0.1,0.002538697120071447,3482.9285876750946,True,False,3,15.099999999999977
792,792,1903,2210.0,1213,601838,0.1,0.0025537213191256826,3492.80588889122,True,False,3,20.599999999999987
793,793,1904,2120.0,1038,602625,0.1,0.0025220218025448935,3496.0939116477966,True,False,3,19.700000000000028
794,794,1905,2730.0,969,602628,0.1,0.002529822504423007,3496.144833087921,True,False,3,25.80000000000007
795,795,1906,1260.0,832,602771,0.1,0.002525596987092845,3496.7497668266296,True,False,3,11.099999999999978
796,798,1909,360.0,498,604620,0.1,0.002649772399791,3504.545084953308,True,False,3,2.1000000000000014
797,799,1910,480.0,536,604915,0.1,0.002714649879852737,3505.8099887371063,True,False,3,3.300000000000003
798,796,1907,1720.0,860,605278,0.1,0.0026342132347053847,3507.2752788066864,True,False,3,15.699999999999985
799,797,1908,1460.0,1020,606705,0.1,0.0028421637044897686,3513.1833217144012,True,False,3,13.099999999999978
800,800,1911,970.0,642,607188,0.1,0.003074707132452269,3515.424882888794,True,False,3,8.199999999999989
801,801,1912,1720.0,844,608291,0.1,0.0031031260235313443,3521.5960597991943,True,False,3,15.699999999999989
802,802,1913,1980.0,1004,609294,0.1,0.003156097342556554,3525.7410418987274,True,False,3,18.30000000000001
803,803,1914,1220.0,940,610465,0.1,0.0031436085292296683,3530.5201938152313,True,False,3,10.699999999999983
804,805,1916,610.0,558,610523,0.1,0.0031069239001056867,3530.8007197380066,True,False,3,4.599999999999999
805,804,1915,1340.0,956,611012,0.1,0.0031183345414913417,3532.8452727794647,True,False,3,11.89999999999998
806,806,1917,1630.0,739,612250,0.1,0.003096520112205488,3537.933508872986,True,False,3,14.79999999999998
807,807,1918,1320.0,803,613677,0.1,0.003038826265971375,3543.751114845276,True,False,3,11.69999999999998
808,809,1920,840.0,709,613848,0.1,0.003019678836530114,3544.7270498275757,True,False,3,6.899999999999986
809,810,1921,1930.0,745,615230,0.1,0.002824000977432893,3550.4778707027435,True,False,3,17.800000000000026
810,811,1922,400.0,407,615305,0.1,0.002692625432845013,3550.840411901474,True,False,3,2.5000000000000018
811,808,1919,2120.0,1395,616103,0.1,0.0029368649768863396,3554.080813884735,True,False,3,19.70000000000004
812,812,1923,1120.0,843,617220,0.1,0.002809232875289371,3558.581362962723,True,False,3,9.699999999999989
813,814,1925,560.0,640,617865,0.1,0.002894546765855921,3561.2656178474426,True,False,3,4.1
814,815,1926,820.0,543,618275,0.1,0.0028324289867846537,3562.9588277339935,True,False,3,6.699999999999987
815,813,1924,1230.0,897,618818,0.1,0.0028408879307519185,3565.2380669116974,True,False,3,10.799999999999983
816,817,1928,500.0,526,619969,0.1,0.0026133501620701173,3570.0469818115234,True,False,3,3.500000000000001
817,819,1930,450.0,483,620750,0.1,0.0023539502590154268,3573.208307981491,True,False,3,3.0000000000000027
818,818,1929,920.0,763,621327,0.1,0.00228735385542744,3575.7896049022675,True,False,3,7.699999999999985
819,816,1927,2500.0,1098,621612,0.1,0.0023785105703972393,3577.315294981003,True,False,3,23.500000000000078
820,820,1931,1510.0,661,622613,0.1,0.001846500893738811,3581.5330917835236,True,False,3,13.599999999999985
821,822,1933,840.0,545,623507,0.1,0.0017440829732040916,3585.2025809288025,True,False,3,6.899999999999989
822,821,1932,1670.0,751,623754,0.1,0.0017246430460038098,3586.2509019374847,True,False,3,15.199999999999978
823,823,1934,510.0,638,624164,0.1,0.0017064250175414905,3588.007972717285,True,False,3,3.5999999999999996
824,824,1935,1500.0,934,626349,0.1,0.0016429864730607674,3597.478726863861,True,False,3,13.49999999999998
825,827,1938,700.0,688,626916,0.1,0.0016068957299657362,3599.9026188850403,True,False,3,5.499999999999993
826,826,1937,2830.0,874,627250,0.1,0.0015947556973142482,3602.520678758621,True,False,3,26.800000000000068
827,825,1936,1350.0,1010,627547,0.1,0.001595785334420455,3603.7590098381042,True,False,3,11.999999999999984
828,828,1939,720.0,696,629133,0.1,0.0015780172196528661,3610.590808868408,True,False,3,5.699999999999989
829,829,1940,1010.0,594,629292,0.1,0.0015774251781353061,3611.3099007606506,True,False,3,8.599999999999984
830,830,1941,440.0,536,629394,0.1,0.001599967227002029,3611.946807861328,True,False,3,2.9000000000000026
831,831,1942,1540.0,873,631039,0.1,0.0015756637168360633,3618.829349756241,True,False,3,13.899999999999977
832,832,1943,1630.0,741,632097,0.1,0.001545045615956891,3623.3358538150787,True,False,3,14.799999999999981
833,834,1945,2960.0,725,632294,0.1,0.001542245768219361,3624.207773923874,True,False,3,28.100000000000087
834,833,1944,990.0,901,632896,0.1,0.001552961470384035,3626.798294067383,True,False,3,8.399999999999988
835,835,1946,1280.0,690,633799,0.1,0.0015499527905679618,3630.5109639167786,True,False,3,11.299999999999986
836,838,1949,380.0,474,634792,0.1,0.0015771086301943405,3634.5015296936035,True,False,3,2.300000000000002
837,836,1947,1290.0,910,635737,0.1,0.0015584782404942786,3638.456521987915,True,False,3,11.399999999999984
838,837,1948,2320.0,875,635794,0.1,0.0015644951639696956,3638.737526655197,True,False,3,21.70000000000009
839,839,1950,1580.0,828,637111,0.1,0.0015756674858871938,3644.0601658821106,True,False,3,14.29999999999998
840,840,1951,790.0,825,638092,0.1,0.0015639761150955701,3648.196742773056,True,False,3,6.399999999999988
841,842,1953,810.0,656,638418,0.1,0.0015954293958646126,3649.556633710861,True,False,3,6.599999999999994
842,841,1952,4000.0,683,638469,0.1,0.0016029007359333527,3649.8097727298737,True,False,3,38.50000000000007
843,846,1957,570.0,575,640769,0.1,0.0016065267259356283,3659.2976088523865,True,False,3,4.199999999999999
844,844,1955,950.0,743,641064,0.1,0.0016294131422112039,3660.824234008789,True,False,3,7.999999999999982
845,843,1954,2170.0,1146,641695,0.1,0.0016089287318531457,3663.6822080612183,True,False,3,20.200000000000024
846,845,1956,1210.0,959,642254,0.1,0.0016679188435192185,3666.206929922104,True,False,3,10.599999999999984
847,847,1958,1490.0,789,643925,0.1,0.0019313795986707488,3673.3346297740936,True,False,3,13.399999999999988
848,848,1959,1380.0,840,644424,0.1,0.001942005848277837,3675.284614801407,True,False,3,12.29999999999998
849,850,1961,930.0,590,644614,0.1,0.0020255039305962876,3676.09610080719,True,False,3,7.799999999999997
850,849,1960,1230.0,849,645091,0.1,0.0019949228803858104,3678.0750317573547,True,False,3,10.799999999999981
851,853,1964,510.0,586,646958,0.1,0.001838758372935727,3686.286326646805,True,False,3,3.6000000000000023
852,852,1963,1540.0,712,647272,0.1,0.0018440328928458196,3687.5990908145905,True,False,3,13.899999999999977
853,851,1962,2280.0,850,647325,0.1,0.001844076237278333,3687.8296358585358,True,False,3,21.300000000000047
854,854,1965,1040.0,764,648147,0.1,0.0018042340230959204,3690.9807918071747,True,False,3,8.899999999999993
855,856,1967,1170.0,546,649456,0.1,0.0018363817297617287,3695.9004497528076,True,False,3,10.199999999999989
856,857,1968,950.0,675,650025,0.1,0.0018540880036609316,3698.074039697647,True,False,3,7.999999999999988
857,855,1966,2470.0,810,650198,0.1,0.0018418464798876948,3698.7920298576355,True,False,3,23.20000000000007
858,858,1969,760.0,531,650271,0.1,0.0018754305999608546,3699.1331689357758,True,False,3,6.0999999999999925
859,859,1970,920.0,667,652124,0.1,0.0018552726665159165,3706.069671869278,True,False,3,7.699999999999987
860,861,1972,970.0,493,652170,0.1,0.0018530307518522318,3706.2686038017273,True,False,3,8.199999999999996
861,862,1973,1440.0,718,653143,0.1,0.0018470638179807848,3710.000753879547,True,False,3,12.899999999999979
862,860,1971,4310.0,960,653865,0.1,0.001837810273749104,3712.6602368354797,True,False,3,41.6000000000001
863,863,1974,2400.0,750,655124,0.1,0.0018030172423071538,3717.376854658127,True,False,3,22.500000000000064
864,864,1975,1220.0,993,656142,0.1,0.0018039290490009224,3721.2289428710938,True,False,3,10.699999999999978
865,866,1977,1250.0,742,656833,0.1,0.001781320173875115,3723.739588737488,True,False,3,10.999999999999984
866,865,1976,1580.0,941,656907,0.1,0.001796775711305671,3724.0444469451904,True,False,3,14.299999999999986
867,867,1978,650.0,925,658824,0.1,0.0016824139012464297,3731.0534439086914,True,False,3,4.9999999999999964
868,868,1979,840.0,694,658918,0.1,0.0016214750590650311,3731.4279906749725,True,False,3,6.899999999999986
869,869,1980,1400.0,718,659705,0.1,0.001501931047933189,3734.349979877472,True,False,3,12.499999999999986
870,870,1981,980.0,871,660391,0.1,0.0014538767396864811,3736.867733001709,True,False,3,8.299999999999986
871,872,1983,1460.0,786,662062,0.1,0.0013867389608758713,3743.13831281662,True,False,3,13.099999999999989
872,871,1982,2390.0,990,662784,0.1,0.001400585594908052,3745.821051836014,True,False,3,22.40000000000004
873,873,1984,1810.0,779,662821,0.1,0.0014279732633897956,3745.994555950165,True,False,3,16.599999999999994
874,874,1985,1860.0,668,663063,0.1,0.0014762612749664894,3746.9113368988037,True,False,3,17.10000000000001
875,877,1988,1460.0,677,665529,0.1,0.0015419748465756182,3755.9073667526245,True,False,3,13.099999999999987
876,875,1986,820.0,918,665734,0.1,0.0015277609332821744,3757.941619873047,True,False,3,6.699999999999992
877,878,1989,630.0,682,665791,0.1,0.001531555476559864,3758.1857998371124,True,False,3,4.799999999999995
878,876,1987,2470.0,830,666104,0.1,0.0015206196523167709,3759.459802865982,True,False,3,23.200000000000088
879,880,1991,2260.0,700,668534,0.1,0.001615554908764482,3768.4312646389008,True,False,3,21.100000000000044
880,882,1993,640.0,634,668640,0.1,0.0016583098728545393,3768.873730659485,True,False,3,4.899999999999994
881,881,1992,1100.0,721,668675,0.1,0.0016248705655213021,3769.0637357234955,True,False,3,9.49999999999999
882,879,1990,2050.0,939,669285,0.1,0.0016382134062844537,3771.436239719391,True,False,3,19.000000000000007
883,884,1995,630.0,531,670764,0.1,0.0017451695061294036,3776.9505019187927,True,False,3,4.799999999999994
884,886,1997,610.0,689,672041,0.1,0.0016434200092675692,3781.650009870529,True,False,3,4.599999999999998
885,885,1996,1670.0,857,672103,0.1,0.0016683257773995091,3781.912104845047,True,False,3,15.199999999999982
886,883,1994,1970.0,951,672338,0.1,0.0016502961593806904,3782.812805891037,True,False,3,18.20000000000003
887,887,1998,1090.0,965,674624,0.1,0.0015924040048378352,3791.166900873184,True,False,3,9.399999999999983
888,889,2000,2080.0,636,674647,0.1,0.0016189541683899115,3791.2849159240723,True,False,3,19.300000000000047
889,890,2001,900.0,703,675150,0.1,0.001654995354261729,3793.228694677353,True,False,3,7.499999999999995
890,888,1999,1220.0,1043,676213,0.1,0.0016737287292448485,3797.1450197696686,True,False,3,10.699999999999985
891,891,2002,1360.0,650,677224,0.1,0.0017927002424571233,3800.7535288333893,True,False,3,12.099999999999987
892,892,2003,1810.0,1014,678703,0.1,0.0017984294738926827,3806.103526830673,True,False,3,16.59999999999997
893,893,2004,1690.0,1030,679270,0.1,0.0017868640545237971,3808.2043068408966,True,False,3,15.399999999999972
894,894,2005,1290.0,804,679429,0.1,0.0017883777279949478,3808.826667070389,True,False,3,11.399999999999979
895,895,2006,1120.0,692,679992,0.1,0.001742979405339164,3810.9348707199097,True,False,3,9.69999999999999
896,896,2007,2130.0,735,681643,0.1,0.0017199633049471367,3816.868213891983,True,False,3,19.799999999999997
897,897,2008,1630.0,768,682342,0.1,0.0017428202357526363,3819.4434628486633,True,False,3,14.799999999999981
898,899,2010,780.0,650,682592,0.1,0.0017642103995715913,3820.378433704376,True,False,3,6.299999999999997
899,898,2009,730.0,918,683101,0.1,0.0017434029123052947,3822.2239286899567,True,False,3,5.799999999999995
900,901,2012,630.0,673,685034,0.1,0.0018455139309428022,3829.1564598083496,True,False,3,4.799999999999995
901,900,2011,970.0,889,685199,0.1,0.0018161343917325538,3830.929965734482,True,False,3,8.19999999999999
902,902,2013,860.0,754,685608,0.1,0.0018161025096073164,3832.6078939437866,True,False,3,7.099999999999989
903,903,2014,1310.0,651,685705,0.1,0.0018280590511536578,3832.9993767738342,True,False,3,11.59999999999999
904,904,2015,1290.0,786,688178,0.1,0.0017541501457869898,3841.969887971878,True,False,3,11.39999999999998
905,906,2017,1370.0,672,688296,0.1,0.0017531395327577705,3842.439995765686,True,False,3,12.199999999999982
906,907,2018,1200.0,742,688673,0.1,0.0017662067333819355,3843.83735871315,True,False,3,10.499999999999986
907,905,2016,1460.0,1100,689599,0.1,0.001755239669080104,3847.19326376915,True,False,3,13.09999999999998
908,908,2019,1370.0,850,691578,0.1,0.0017817794297041152,3854.3221638202667,True,False,3,12.199999999999987
909,909,2020,2150.0,871,691780,0.1,0.0017991933963490366,3855.129314661026,True,False,3,20.000000000000014
910,910,2021,1280.0,807,691901,0.1,0.001797630077849986,3855.608125925064,True,False,3,11.299999999999983
911,911,2022,3870.0,814,692855,0.1,0.001803899156553236,3859.0885939598083,True,False,3,37.20000000000009
912,912,2023,900.0,611,694022,0.1,0.0017742922819378054,3863.3401029109955,True,False,3,7.499999999999993
913,914,2025,690.0,648,694493,0.1,0.001809510048823776,3865.210441827774,True,False,3,5.399999999999995
914,913,2024,2280.0,804,694996,0.1,0.0018200555856690618,3867.0675508975983,True,False,3,21.300000000000075
915,915,2026,2320.0,914,696511,0.1,0.0018017889980962438,3872.645167827606,True,False,3,21.700000000000003
916,916,2027,900.0,803,697234,0.1,0.0017952177246480456,3875.3092329502106,True,False,3,7.499999999999988
917,918,2029,770.0,576,697300,0.1,0.0017387497935790937,3875.588127851486,True,False,3,6.1999999999999975
918,917,2028,1430.0,794,697669,0.1,0.0017421198444706634,3876.996095895767,True,False,3,12.799999999999981
919,920,2031,980.0,704,700050,0.1,0.001577863440781419,3885.7777647972107,True,False,3,8.299999999999986
920,921,2032,800.0,706,700124,0.1,0.001563129584399308,3886.118250846863,True,False,3,6.499999999999991
921,919,2030,1340.0,983,700443,0.1,0.0015876630695912388,3887.2846977710724,True,False,3,11.899999999999983
922,922,2033,2010.0,757,700697,0.1,0.0015565105233709925,3888.270669698715,True,False,3,18.600000000000016
923,924,2035,1020.0,710,702964,0.1,0.0015400115592597039,3896.6579377651215,True,False,3,8.69999999999999
924,923,2034,1610.0,793,703222,0.1,0.0015474664580661505,3897.6349108219147,True,False,3,14.599999999999984
925,925,2036,1290.0,863,703895,0.1,0.0015750164681227299,3900.414187669754,True,False,3,11.399999999999977
926,926,2037,1140.0,917,704365,0.1,0.0015640899455935248,3903.2957968711853,True,False,3,9.89999999999999
927,928,2039,650.0,570,705502,0.1,0.0015485834716329058,3907.5899720191956,True,False,3,4.999999999999995
928,929,2040,420.0,444,705671,0.1,0.0015302947561124441,3908.2492139339447,True,False,3,2.7000000000000024
929,927,2038,2990.0,865,706424,0.1,0.0015649592244157816,3911.0507950782776,True,False,3,28.40000000000007
930,930,2041,1570.0,765,707425,0.1,0.0015736239535043175,3914.7683238983154,True,False,3,14.19999999999998
931,931,2042,1260.0,719,708378,0.1,0.0016756798888337106,3918.3181269168854,True,False,3,11.099999999999982
932,932,2043,1020.0,809,708907,0.1,0.0016872022344200665,3920.3314299583435,True,False,3,8.699999999999983
933,933,2044,1250.0,625,708924,0.1,0.0017294947885908186,3920.441252708435,True,False,3,10.999999999999986
934,934,2045,730.0,632,709953,0.1,0.0018014413865244082,3924.230924844742,True,False,3,5.799999999999994
935,936,2047,1110.0,479,710823,0.1,0.001823314357916426,3927.4595289230347,True,False,3,9.599999999999993
936,935,2046,2270.0,675,711078,0.1,0.0017994623396683622,3928.4048058986664,True,False,3,21.200000000000042
937,937,2048,1960.0,727,711832,0.1,0.0017624045985201924,3931.338638782501,True,False,3,18.1
938,938,2049,810.0,572,712241,0.1,0.001736378729900254,3932.856517791748,True,False,3,6.599999999999991
939,939,2050,1250.0,627,713331,0.1,0.0016595910216865102,3937.3114907741547,True,False,3,10.999999999999984
940,940,2051,1550.0,700,713878,0.1,0.0016514998940484864,3939.574615716934,True,False,3,13.999999999999984
941,942,2053,1450.0,500,714241,0.1,0.0016399215335259215,3941.035135984421,True,False,3,12.999999999999993
942,941,2052,1060.0,777,714940,0.1,0.0016474422082985768,3943.871319770813,True,False,3,9.099999999999982
943,943,2054,960.0,665,715991,0.1,0.0016361619827698188,3948.0160677433014,True,False,3,8.099999999999993
944,945,2056,1250.0,732,717169,0.1,0.0016574564005332221,3953.113692998886,True,False,3,10.999999999999984
945,944,2055,980.0,955,717698,0.1,0.0016562053247437818,3955.291656970978,True,False,3,8.299999999999983
946,946,2057,2820.0,937,718688,0.1,0.0016932752419309342,3959.2306077480316,True,False,3,26.700000000000067
947,947,2058,2120.0,693,718763,0.1,0.0017163290048030193,3959.5534069538116,True,False,3,19.700000000000053
948,948,2059,1700.0,676,719873,0.1,0.001773161224350292,3964.1006338596344,True,False,3,15.499999999999979
949,949,2060,2190.0,803,720910,0.1,0.001792717133864707,3968.123570919037,True,False,3,20.400000000000055
950,951,2062,880.0,697,721551,0.1,0.0018044940692955866,3970.5253777503967,True,False,3,7.2999999999999865
951,950,2061,1170.0,794,721864,0.1,0.0018192773789471785,3973.055631875992,True,False,3,10.199999999999983
952,952,2063,1210.0,708,722705,0.1,0.001823329862166396,3976.238574743271,True,False,3,10.599999999999989
953,953,2064,700.0,604,723326,0.1,0.0018532162122443837,3978.62366271019,True,False,3,5.499999999999995
954,954,2065,1800.0,712,724399,0.1,0.0018407612569513077,3982.940354824066,True,False,3,16.49999999999999
955,955,2066,1490.0,852,725272,0.1,0.0018303392902743552,3986.369395971298,True,False,3,13.399999999999983
956,956,2067,2390.0,739,725661,0.1,0.00182240823602319,3987.8230316638947,True,False,3,22.40000000000009
957,957,2068,1910.0,914,726982,0.1,0.0018336401839449663,3992.663373708725,True,False,3,17.600000000000016
958,958,2069,1310.0,813,727651,0.1,0.001867955687908607,3995.2728567123413,True,False,3,11.599999999999984
959,960,2071,2040.0,710,728501,0.1,0.001953160106024088,3998.444450855255,True,False,3,18.9
960,959,2070,850.0,976,729176,0.1,0.0019790604186948526,4000.9641528129578,True,False,3,6.999999999999989
961,961,2072,3080.0,793,730154,0.1,0.002047164940899461,4004.535692691803,True,False,3,29.300000000000068
962,962,2073,1580.0,820,730931,0.1,0.0020827038733575425,4007.3757009506226,True,False,3,14.29999999999998
963,963,2074,670.0,703,731313,0.1,0.0020967936408649705,4008.7871470451355,True,False,3,5.199999999999996
964,964,2075,1520.0,857,732604,0.1,0.0020536299898966173,4013.4844658374786,True,False,3,13.699999999999978
965,965,2076,1140.0,933,733886,0.1,0.002045893185356001,4018.1702048778534,True,False,3,9.89999999999998
966,966,2077,600.0,825,734231,0.1,0.0020217536318920216,4019.4575638771057,True,False,3,4.499999999999999
967,967,2078,1700.0,888,734865,0.1,0.001996247856745335,4021.795095682144,True,False,3,15.49999999999999
968,968,2079,1540.0,836,735948,0.1,0.0020247965875086174,4025.743622779846,True,False,3,13.899999999999984
969,969,2080,2490.0,740,736846,0.1,0.002002305513313921,4029.167737722397,True,False,3,23.400000000000063
970,970,2081,2340.0,813,737483,0.1,0.0019832847003858228,4031.52921295166,True,False,3,21.900000000000052
971,971,2082,840.0,839,738221,0.1,0.001989437651916777,4034.264059782028,True,False,3,6.8999999999999915
972,973,2084,780.0,606,739270,0.1,0.0019654301512892674,4038.0974719524384,True,False,3,6.299999999999988
973,972,2083,1640.0,1015,740008,0.1,0.0019461299729730769,4040.789661884308,True,False,3,14.899999999999977
974,974,2085,1670.0,758,740515,0.1,0.001965757827001125,4042.6964948177338,True,False,3,15.199999999999983
975,975,2086,1600.0,787,741369,0.1,0.0019246992914925011,4045.831239938736,True,False,3,14.499999999999975
976,978,2089,700.0,588,742867,0.1,0.0019552648053813384,4052.498911857605,True,False,3,5.499999999999998
977,976,2087,2330.0,929,742986,0.1,0.0019361267773087656,4052.9715099334717,True,False,3,21.800000000000068
978,979,2090,1850.0,450,743169,0.1,0.001976293743096499,4053.687082052231,True,False,3,17.000000000000014
979,977,2088,1290.0,984,743944,0.1,0.0018763602205196762,4056.5520877838135,True,False,3,11.39999999999998
980,981,2092,1390.0,842,746354,0.1,0.001732614250909515,4065.467695713043,True,False,3,12.399999999999975
981,980,2091,1370.0,962,746715,0.1,0.001749853156819231,4066.825224876404,True,False,3,12.199999999999985
982,982,2093,1850.0,1045,747349,0.1,0.0018007402739968845,4069.155565738678,True,False,3,16.999999999999996
983,983,2094,4670.0,1020,748024,0.1,0.0018589339498373424,4071.6079938411713,True,False,3,45.20000000000011
984,985,2096,610.0,607,749143,0.1,0.0020267250327220035,4075.649334669113,True,False,3,4.599999999999996
985,984,2095,1110.0,700,749154,0.1,0.00201203268827937,4075.7300958633423,True,False,3,9.599999999999989
986,986,2097,1050.0,683,750081,0.1,0.001966719077828464,4079.1110248565674,True,False,3,8.99999999999998
987,987,2098,1390.0,689,750780,0.1,0.002016975420205455,4081.6903870105743,True,False,3,12.39999999999999
988,988,2099,1270.0,848,752535,0.1,0.0020758237528838742,4088.087504863739,True,False,3,11.199999999999987
989,990,2101,980.0,694,752857,0.1,0.0021401618808888365,4089.3389127254486,True,False,3,8.299999999999981
990,991,2102,1430.0,801,753984,0.1,0.002029855099966524,4093.6489808559418,True,False,3,12.799999999999981
991,989,2100,880.0,1209,753990,0.1,0.0020291776006068417,4093.7019917964935,True,False,3,7.299999999999995
992,992,2103,710.0,566,754799,0.1,0.001904143416137655,4096.684668779373,True,False,3,5.599999999999997
993,993,2104,730.0,731,755781,0.1,0.001868072648837821,4100.2684009075165,True,False,3,5.799999999999993
994,996,2107,1430.0,747,757787,0.1,0.001835818651040026,4107.510998725891,True,False,3,12.799999999999983
995,994,2105,1490.0,955,757804,0.1,0.0018418143199225253,4107.617478847504,True,False,3,13.39999999999998
996,995,2106,1040.0,1036,758134,0.1,0.0018164002017206134,4108.843176841736,True,False,3,8.89999999999999
997,997,2108,2120.0,1121,760265,0.1,0.0018150169885988172,4116.637543916702,True,False,3,19.700000000000014
998,998,2109,2330.0,710,760627,0.1,0.0018191596696031948,4117.981058835983,True,False,3,21.800000000000082
999,999,2110,2100.0,790,760964,0.1,0.0017993360872401065,4119.248651027679,True,False,3,19.50000000000005
1000,1000,2111,2350.0,758,761166,0.1,0.001850931930666271,4120.025741815567,True,False,3,22.00000000000007
1001,1001,2112,2160.0,613,762717,0.1,0.0016832751951022392,4138.425634860992,True,False,3,20.100000000000062
1002,1002,2113,1290.0,623,763119,0.1,0.0016789428280486335,4139.942337751389,True,False,3,11.399999999999984
1003,1004,2115,1290.0,726,764070,0.1,0.0016984822581805668,4143.494969844818,True,False,3,11.399999999999979
1004,1003,2114,1460.0,1080,765284,0.1,0.0018227290657739138,4148.016569852829,True,False,3,13.099999999999975
1005,1005,2116,1010.0,727,765625,0.1,0.0019377574468405591,4149.326060771942,True,False,3,8.599999999999982
1006,1007,2118,700.0,405,765690,0.1,0.002082586953456709,4149.608013868332,True,False,3,5.499999999999993
1007,1006,2117,1270.0,786,766263,0.1,0.0019964810852041355,4151.908220767975,True,False,3,11.199999999999978
1008,1009,2120,1020.0,561,767869,0.1,0.0021430270226735376,4157.8655660152435,True,False,3,8.699999999999994
1009,1008,2119,920.0,767,768352,0.1,0.0021254084295896157,4159.683233737946,True,False,3,7.699999999999989
1010,1010,2121,2180.0,1010,769730,0.1,0.0020700908165153043,4164.785828828812,True,False,3,20.300000000000047
1011,1011,2122,1860.0,1085,770603,0.1,0.0020290922224392885,4168.03219294548,True,False,3,17.10000000000001
1012,1013,2124,860.0,586,770696,0.1,0.001914339473708644,4168.425380706787,True,False,3,7.099999999999987
1013,1012,2123,1830.0,836,771213,0.1,0.0019081470674365028,4170.358487844467,True,False,3,16.8
1014,1014,2125,810.0,619,772206,0.1,0.0017772580485964744,4174.03854393959,True,False,3,6.599999999999991
1015,1017,2128,800.0,468,773085,0.1,0.0017526867203951741,4177.399566888809,True,False,3,6.499999999999991
1016,1016,2127,1090.0,708,773528,0.1,0.001714122311830702,4179.07466173172,True,False,3,9.39999999999998
1017,1015,2126,1840.0,804,773819,0.1,0.0017125686829772416,4180.177334785461,True,False,3,16.900000000000006
1018,1018,2129,700.0,603,774618,0.1,0.0015918005712598309,4183.35252571106,True,False,3,5.499999999999991
1019,1019,2130,2230.0,648,775677,0.1,0.0014339422459558175,4187.315634965897,True,False,3,20.800000000000075
1020,1020,2131,1370.0,693,776300,0.1,0.001388518801884602,4189.611084699631,True,False,3,12.199999999999987
1021,1021,2132,1820.0,819,777095,0.1,0.0013255576888609323,4192.550156831741,True,False,3,16.700000000000003
1022,1022,2133,1060.0,869,778094,0.1,0.0013058868328806536,4196.264270782471,True,False,3,9.099999999999982
1023,1023,2134,810.0,808,778909,0.1,0.00130564655309271,4199.269167900085,True,False,3,6.599999999999989
1024,1024,2135,1880.0,725,779200,0.1,0.0013118481318514538,4200.375386714935,True,False,3,17.300000000000015
1025,1025,2136,1230.0,787,780243,0.1,0.001337760331807658,4204.211838006973,True,False,3,10.799999999999981
1026,1026,2137,2520.0,1032,782222,0.1,0.0013049372628725102,4212.741906881332,True,False,3,23.700000000000053
1027,1027,2138,1590.0,843,782281,0.1,0.0012973164961066247,4213.004638910294,True,False,3,14.399999999999984
1028,1028,2139,790.0,789,782356,0.1,0.0012880740244238412,4213.321572780609,True,False,3,6.39999999999999
1029,1029,2140,650.0,743,783215,0.1,0.0012776792402100945,4216.598886966705,True,False,3,4.999999999999995
1030,1032,2143,570.0,764,785412,0.1,0.0012696640812573986,4224.68708896637,True,False,3,4.1999999999999975
1031,1031,2142,1010.0,908,785913,0.1,0.0012616838407806595,4226.523923873901,True,False,3,8.599999999999987
1032,1030,2141,2100.0,978,786134,0.1,0.0012760973752983123,4227.36345076561,True,False,3,19.500000000000014
1033,1033,2144,1240.0,784,786351,0.1,0.0012721005674504748,4228.199867963791,True,False,3,10.899999999999984
1034,1037,2148,510.0,418,788023,0.1,0.0013386573982686828,4234.285756826401,True,False,3,3.6000000000000023
1035,1034,2145,1930.0,900,789012,0.1,0.0013047279143938795,4238.007248878479,True,False,3,17.800000000000015
1036,1035,2146,2670.0,913,789565,0.1,0.0013214216431715552,4240.071369886398,True,False,3,25.20000000000009
1037,1036,2147,1140.0,906,789758,0.1,0.0013023320111090412,4240.818294763565,True,False,3,9.89999999999998
1038,1038,2149,3830.0,744,790999,0.1,0.0013098239077828444,4245.37664270401,True,False,3,36.80000000000007
1039,1040,2151,1090.0,714,792421,0.1,0.001367961275176059,4250.817690849304,True,False,3,9.399999999999988
1040,1039,2150,910.0,883,792544,0.1,0.001361831610236319,4251.308173894882,True,False,3,7.5999999999999925
1041,1041,2152,1890.0,900,793358,0.1,0.0013869265690381225,4254.302698850632,True,False,3,17.400000000000016
1042,1042,2153,1120.0,598,793391,0.1,0.0013868287980500422,4254.461891889572,True,False,3,9.69999999999999
1043,1043,2154,1310.0,624,794917,0.1,0.0014570089880670332,4260.019323825836,True,False,3,11.59999999999998
1044,1044,2155,1190.0,598,794936,0.1,0.001455962601716219,4260.1311728954315,True,False,3,10.39999999999999
1045,1046,2157,1130.0,769,796467,0.1,0.0013979557628067565,4265.780111789703,True,False,3,9.799999999999992
1046,1045,2156,2030.0,796,796542,0.1,0.001400280801825642,4266.102623939514,True,False,3,18.799999999999983
1047,1047,2158,920.0,679,797633,0.1,0.0012937492490982683,4270.1074278354645,True,False,3,7.699999999999987
1048,1048,2159,1390.0,817,798204,0.1,0.0013106596401654357,4272.255267858505,True,False,3,12.399999999999983
1049,1050,2161,810.0,722,799430,0.1,0.0012936916485807078,4277.022021770477,True,False,3,6.599999999999996
1050,1049,2160,1690.0,823,799759,0.1,0.0012924868565493796,4278.358194828033,True,False,3,15.399999999999974
1051,1051,2162,630.0,561,799877,0.1,0.0012974341734272633,4280.553732872009,True,False,3,4.799999999999999
1052,1052,2163,1320.0,871,801688,0.1,0.0012654166752322823,4287.535523891449,True,False,3,11.699999999999983
1053,1053,2164,2680.0,815,802690,0.1,0.0012608455978812467,4291.440060853958,True,False,3,25.30000000000007
1054,1055,2166,1570.0,760,802917,0.1,0.0012648360252282336,4292.38729763031,True,False,3,14.19999999999999
1055,1054,2165,1470.0,793,802931,0.1,0.001262067511414523,4292.471879959106,True,False,3,13.19999999999998
1056,1056,2167,1620.0,770,804768,0.1,0.001257330325413979,4299.353878736496,True,False,3,14.69999999999998
1057,1058,2169,610.0,653,805529,0.1,0.0012725947311919633,4302.163697957993,True,False,3,4.599999999999999
1058,1059,2170,1050.0,854,806347,0.1,0.0012886756451051264,4305.17933177948,True,False,3,8.999999999999993
1059,1057,2168,3710.0,960,806530,0.1,0.0012927421907382572,4305.8620727062225,True,False,3,35.60000000000007
1060,1060,2171,2260.0,771,807852,0.1,0.0013424407965721063,4310.731653928757,True,False,3,21.10000000000007
1061,1061,2172,4240.0,1114,809985,0.1,0.00128069274146346,4318.704323768616,True,False,3,40.9000000000001
1062,1063,2174,1590.0,884,810066,0.1,0.0012629676514063653,4319.048143863678,True,False,3,14.399999999999979
1063,1062,2173,1890.0,1140,810907,0.1,0.0012768240349511249,4322.253269910812,True,False,3,17.400000000000016
1064,1064,2175,3030.0,836,811196,0.1,0.0012497047295229361,4323.350213766098,True,False,3,28.800000000000033
1065,1068,2179,1940.0,562,813444,0.1,0.0013846815468451783,4331.588749885559,True,False,3,17.900000000000027
1066,1065,2176,870.0,888,813537,0.1,0.0013649528219494634,4331.970793962479,True,False,3,7.199999999999985
1067,1066,2177,3040.0,936,813810,0.1,0.0013567322915065219,4333.005127906799,True,False,3,28.900000000000006
1068,1067,2178,2730.0,990,814867,0.1,0.0013677942370196258,4336.872484922409,True,False,3,25.800000000000104
1069,1070,2181,410.0,520,815617,0.1,0.0013742399104208184,4339.644841909409,True,False,3,2.6000000000000023
1070,1071,2182,1550.0,661,816454,0.1,0.0014025650209776844,4342.7142598629,True,False,3,13.999999999999984
1071,1069,2180,2510.0,846,816828,0.1,0.001385710423635583,4344.144919872284,True,False,3,23.600000000000072
1072,1072,2183,1170.0,738,817819,0.1,0.0014380582861935462,4347.9030148983,True,False,3,10.199999999999982
1073,1073,2184,2540.0,824,818913,0.1,0.0014445878247005947,4351.950288772583,True,False,3,23.900000000000077
1074,1074,2185,2340.0,782,819582,0.1,0.0014638126983120918,4354.442402839661,True,False,3,21.900000000000077
1075,1075,2186,1590.0,965,820688,0.1,0.0014653295322280338,4358.511278867722,True,False,3,14.399999999999977
1076,1076,2187,1650.0,722,820707,0.1,0.001467098654036596,4359.970911026001,True,False,3,14.999999999999982
1077,1077,2188,2520.0,774,822009,0.1,0.001510186279359519,4364.734642982483,True,False,3,23.700000000000074
1078,1078,2189,1670.0,734,822518,0.1,0.0015579459127130707,4366.634489774704,True,False,3,15.199999999999982
1079,1079,2190,590.0,535,822828,0.1,0.0016301983228131746,4367.812819957733,True,False,3,4.399999999999995
1080,1080,2191,1180.0,829,824023,0.1,0.0016406492273049684,4372.240937948227,True,False,3,10.299999999999978
1081,1082,2193,2450.0,840,825878,0.1,0.0016132630448694163,4379.207323789597,True,False,3,23.00000000000002
1082,1081,2192,1500.0,984,825945,0.1,0.0016301422042377498,4379.4988486766815,True,False,3,13.499999999999975
1083,1083,2194,1420.0,968,826700,0.1,0.0015709293230948104,4382.321928977966,True,False,3,12.699999999999976
1084,1084,2195,2590.0,994,827999,0.1,0.0015380120135773951,4387.176049947739,True,False,3,24.400000000000098
1085,1085,2196,1990.0,696,828662,0.1,0.0015239098014633824,4389.652174711227,True,False,3,18.40000000000004
1086,1087,2198,510.0,546,828884,0.1,0.0015722511922228474,4390.509994029999,True,False,3,3.6000000000000023
1087,1086,2197,4210.0,923,829637,0.1,0.0015259128819923053,4393.291424751282,True,False,3,40.60000000000008
1088,1088,2199,1220.0,733,830931,0.1,0.0016058865168063912,4398.028837919235,True,False,3,10.699999999999978
1089,1090,2201,1150.0,711,831728,0.1,0.0015785926347549313,4400.996688842773,True,False,3,9.99999999999999
1090,1089,2200,3900.0,902,832270,0.1,0.00159223003139613,4403.008890867233,True,False,3,37.50000000000002
1091,1091,2202,930.0,720,832517,0.1,0.0016099954845736242,4403.938067913055,True,False,3,7.799999999999994
1092,1092,2203,1300.0,690,833691,0.1,0.0015577986519032941,4408.255749940872,True,False,3,11.499999999999982
1093,1093,2204,560.0,667,834396,0.1,0.0015911073589076482,4411.012451887131,True,False,3,4.099999999999998
1094,1094,2205,1520.0,827,835578,0.1,0.0015926809600229795,4415.3600997924805,True,False,3,13.69999999999998
1095,1096,2207,2760.0,802,836899,0.1,0.0016383272814526667,4420.198606729507,True,False,3,26.100000000000076
1096,1095,2206,3650.0,1138,837069,0.1,0.0016182339185672266,4420.8684549331665,True,False,3,35.00000000000007
1097,1097,2208,4320.0,766,837460,0.1,0.0016232932689122482,4422.309948921204,True,False,3,41.70000000000005
1098,1098,2209,1300.0,1007,839606,0.1,0.0016928456710742152,4430.155149698257,True,False,3,11.499999999999975
1099,1099,2210,1500.0,731,839823,0.1,0.0016947770089920096,4430.995970726013,True,False,3,13.499999999999979
1100,1100,2211,1680.0,696,839853,0.1,0.001693425034611063,4431.149432897568,True,False,3,15.299999999999983
1101,1101,2212,2700.0,1036,841604,0.1,0.0016772257184122534,4438.816498994827,True,False,3,25.5000000000001
1102,1102,2213,920.0,637,842154,0.1,0.0015856330217194146,4440.9623029232025,True,False,3,7.699999999999985
1103,1103,2214,2150.0,814,843079,0.1,0.001572448264075791,4444.401880741119,True,False,3,20.00000000000002
1104,1104,2215,1810.0,872,843341,0.1,0.0015720288802102238,4445.384480714798,True,False,3,16.599999999999994
1105,1105,2216,1070.0,671,844288,0.1,0.0015250782603078734,4448.851981878281,True,False,3,9.19999999999998
1106,1107,2218,670.0,432,844807,0.1,0.00157130599473021,4450.804404020309,True,False,3,5.199999999999992
1107,1106,2217,1810.0,805,845374,0.1,0.0015461811927792194,4452.890988826752,True,False,3,16.6
1108,1108,2219,1260.0,682,846069,0.1,0.0015586782070583474,4455.4498517513275,True,False,3,11.099999999999982
1109,1109,2220,1130.0,662,846936,0.1,0.0015580314918919932,4458.601890802383,True,False,3,9.799999999999988
1110,1111,2222,1490.0,651,847978,0.1,0.001509807068600996,4462.392742872238,True,False,3,13.399999999999979
1111,1110,2221,1210.0,912,848455,0.1,0.0014988800923770452,4464.150321960449,True,False,3,10.59999999999998
1112,1112,2223,1210.0,645,848649,0.1,0.0014776486490109516,4464.901414871216,True,False,3,10.599999999999985
1113,1115,2226,500.0,568,850727,0.1,0.001500253683920625,4472.653065919876,True,False,3,3.500000000000001
1114,1113,2224,1590.0,949,850732,0.1,0.001487145701454446,4472.716244935989,True,False,3,14.399999999999983
1115,1114,2225,1560.0,711,850822,0.1,0.0014915855495984838,4473.081899642944,True,False,3,14.09999999999998
1116,1116,2227,1570.0,935,852389,0.1,0.0015066941002916724,4478.843302965164,True,False,3,14.199999999999987
1117,1117,2228,1530.0,650,853327,0.1,0.001519478849054744,4482.238947868347,True,False,3,13.79999999999999
1118,1118,2229,2030.0,807,853960,0.1,0.0015152806058108272,4484.565839767456,True,False,3,18.800000000000015
1119,1119,2230,1610.0,846,854206,0.1,0.0015062200735696321,4485.469470977783,True,False,3,14.599999999999975
1120,1121,2232,1740.0,679,856043,0.1,0.0015225430658369686,4492.110097885132,True,False,3,15.899999999999991
1121,1120,2231,1610.0,958,856221,0.1,0.00152010358600257,4492.785756826401,True,False,3,14.599999999999982
1122,1122,2233,1440.0,814,857216,0.1,0.0015085648433665725,4496.381843805313,True,False,3,12.899999999999979
1123,1123,2234,4130.0,914,857862,0.1,0.0015020931032088869,4498.73467874527,True,False,3,39.8000000000001
1124,1124,2235,2730.0,906,859667,0.1,0.0014641002841061495,4505.316741943359,True,False,3,25.800000000000054
1125,1125,2236,2550.0,897,859809,0.1,0.0014707961423014195,4505.876656770706,True,False,3,24.000000000000078
1126,1127,2238,1260.0,739,860818,0.1,0.001460396328804566,4511.116813659668,True,False,3,11.099999999999987
1127,1126,2237,2400.0,1012,861264,0.1,0.0014524424566290058,4512.801444768906,True,False,3,22.500000000000085
1128,1129,2240,1750.0,805,863029,0.1,0.0014867232184385684,4519.257681846619,True,False,3,15.99999999999999
1129,1128,2239,3160.0,892,863235,0.1,0.0014883478220347043,4520.044644832611,True,False,3,30.10000000000008
1130,1130,2241,3600.0,625,863318,0.1,0.0015132292104419322,4520.380723953247,True,False,3,34.50000000000004
1131,1131,2242,1370.0,783,864396,0.1,0.0015210452746620134,4524.309560775757,True,False,3,12.199999999999987
1132,1132,2243,1180.0,518,865101,0.1,0.0015403587522473308,4526.8679938316345,True,False,3,10.299999999999988
1133,1134,2245,2460.0,707,866146,0.1,0.0015511258972592684,4530.75719499588,True,False,3,23.100000000000087
1134,1133,2244,1450.0,857,866663,0.1,0.0015530223100904761,4532.678827762604,True,False,3,12.999999999999977
1135,1135,2246,1230.0,915,868056,0.1,0.0016191039483452246,4537.8182599544525,True,False,3,10.799999999999985
1136,1136,2247,1130.0,796,868285,0.1,0.001624059803206497,4538.715435028076,True,False,3,9.799999999999985
1137,1138,2249,730.0,540,868823,0.1,0.0016801123132204844,4540.8681898117065,True,False,3,5.799999999999998
1138,1137,2248,2350.0,849,869542,0.1,0.0016351911838611234,4543.557226896286,True,False,3,22.000000000000078
1139,1140,2251,1480.0,735,871225,0.1,0.0014967293475380763,4549.694576740265,True,False,3,13.299999999999985
1140,1139,2250,1430.0,841,871420,0.1,0.0015007907020803775,4550.455367803574,True,False,3,12.799999999999985
1141,1141,2252,1320.0,824,872119,0.1,0.0014612767972368283,4553.045931816101,True,False,3,11.699999999999983
1142,1142,2253,1380.0,877,873050,0.1,0.0014560009579885987,4556.594202756882,True,False,3,12.299999999999978
1143,1143,2254,1580.0,629,873741,0.1,0.0014801049318924526,4559.252635955811,True,False,3,14.299999999999985
1144,1144,2255,1480.0,731,874344,0.1,0.0014692053611125293,4561.558708906174,True,False,3,13.299999999999978
1145,1145,2256,850.0,816,875383,0.1,0.0014408316226620752,4565.47089266777,True,False,3,6.999999999999988
1146,1146,2257,1650.0,751,876054,0.1,0.0014296699359178414,4567.993616819382,True,False,3,14.999999999999984
1147,1147,2258,1640.0,661,876385,0.1,0.001425258636790921,4569.307678937912,True,False,3,14.89999999999998
1148,1148,2259,1710.0,809,877580,0.1,0.001453520999842914,4573.987702846527,True,False,3,15.599999999999977
1149,1149,2260,630.0,795,878563,0.1,0.0014571681482872616,4577.745225906372,True,False,3,4.799999999999994
1150,1150,2261,560.0,652,878662,0.1,0.0014565861990594624,4578.156735897064,True,False,3,4.1000000000000005
1151,1151,2262,2760.0,801,879589,0.1,0.0014493113056859455,4582.96435379982,True,False,3,26.100000000000072
1152,1152,2263,830.0,657,880208,0.1,0.001438392004055925,4585.35344004631,True,False,3,6.7999999999999865
1153,1153,2264,1170.0,687,881311,0.1,0.001448294951953604,4589.515733957291,True,False,3,10.199999999999985
1154,1154,2265,1100.0,739,881618,0.1,0.0014297271354365918,4590.701428890228,True,False,3,9.499999999999993
1155,1156,2267,1500.0,675,882908,0.1,0.0014669112375661456,4595.565054893494,True,False,3,13.499999999999979
1156,1157,2268,1410.0,556,883535,0.1,0.001501175879868059,4597.923673868179,True,False,3,12.599999999999982
1157,1155,2266,2660.0,1075,883889,0.1,0.0014835815601386563,4599.33475279808,True,False,3,25.100000000000033
1158,1158,2269,2050.0,805,884838,0.1,0.001563225157908887,4603.069574832916,True,False,3,19.000000000000004
1159,1159,2270,2450.0,858,886340,0.1,0.0015318226666552815,4608.76162981987,True,False,3,22.999999999999993
1160,1161,2272,1870.0,810,887129,0.1,0.0014998797403453033,4611.82536482811,True,False,3,17.200000000000003
1161,1160,2271,2900.0,922,887223,0.1,0.0015039206385246827,4612.218535900116,True,False,3,27.500000000000025
1162,1162,2273,1030.0,648,887430,0.1,0.0014532360577122969,4613.028711795807,True,False,3,8.799999999999992
1163,1165,2276,940.0,603,889635,0.1,0.0014500068136719464,4621.269487857819,True,False,3,7.8999999999999915
1164,1166,2277,880.0,564,889686,0.1,0.0014365747734468351,4621.517586946487,True,False,3,7.299999999999987
1165,1163,2274,2510.0,919,890016,0.1,0.001430701572785987,4622.76408290863,True,False,3,23.600000000000083
1166,1164,2275,1000.0,767,890197,0.1,0.0014356363308145464,4623.481927871704,True,False,3,8.499999999999993
1167,1167,2278,710.0,631,892159,0.1,0.0013895455501820868,4630.919857978821,True,False,3,5.599999999999994
1168,1170,2281,840.0,639,892753,0.1,0.0014158829208882453,4633.333200931549,True,False,3,6.899999999999987
1169,1169,2280,1690.0,736,892960,0.1,0.0014018037391392484,4634.131714820862,True,False,3,15.39999999999998
1170,1168,2279,1640.0,874,893182,0.1,0.0013970046724939775,4635.015824794769,True,False,3,14.899999999999975
1171,1173,2284,710.0,560,895200,0.1,0.0013809184699701811,4642.5694308280945,True,False,3,5.599999999999993
1172,1174,2285,1320.0,638,895734,0.1,0.0013706704286338767,4644.6487057209015,True,False,3,11.699999999999994
1173,1171,2282,1690.0,917,895827,0.1,0.0013783978565985533,4645.05863404274,True,False,3,15.399999999999986
1174,1172,2283,1670.0,890,896313,0.1,0.0013529339704526527,4646.901978731155,True,False,3,15.199999999999978
1175,1176,2287,400.0,468,897606,0.1,0.001297390475805996,4651.79630279541,True,False,3,2.500000000000002
1176,1175,2286,1140.0,671,897884,0.1,0.0013064951311027278,4654.050909996033,True,False,3,9.899999999999986
1177,1177,2288,1460.0,664,898483,0.1,0.0012883817195749971,4656.31325173378,True,False,3,13.099999999999977
1178,1178,2289,2930.0,767,899381,0.1,0.001273558504826048,4659.725536823273,True,False,3,27.799999999999997
1179,1179,2290,1740.0,900,901206,0.1,0.0013109811829700548,4666.722249984741,True,False,3,15.899999999999984
1180,1180,2291,1000.0,860,901324,0.1,0.0013134751103068484,4667.22434091568,True,False,3,8.499999999999991
1181,1181,2292,830.0,727,901391,0.1,0.00133072401649457,4667.517285823822,True,False,3,6.7999999999999865
1182,1182,2293,1400.0,659,902017,0.1,0.001352019582847515,4669.944082975388,True,False,3,12.499999999999982
1183,1183,2294,930.0,711,904050,0.1,0.0013982708266338283,4677.6589686870575,True,False,3,7.799999999999992
1184,1184,2295,2720.0,812,904572,0.1,0.001398326472983996,4679.647811889648,True,False,3,25.700000000000095
1185,1185,2296,1650.0,962,905239,0.1,0.0013808610328359882,4682.161716938019,True,False,3,14.999999999999975
1186,1186,2297,1500.0,954,905833,0.1,0.0013907971707174157,4684.416551828384,True,False,3,13.499999999999988
1187,1188,2299,1680.0,705,907392,0.1,0.0013380039326437083,4690.462593793869,True,False,3,15.299999999999981
1188,1187,2298,2660.0,1219,908926,0.1,0.0013589204554845234,4696.290508747101,True,False,3,25.10000000000002
1189,1190,2301,1800.0,844,909209,0.1,0.0013734724820769167,4697.376876831055,True,False,3,16.499999999999996
1190,1189,2300,2730.0,1016,909303,0.1,0.0013656631320294206,4697.876395702362,True,False,3,25.800000000000015
1191,1192,2303,1530.0,651,911530,0.1,0.001333689671896753,4706.359749794006,True,False,3,13.799999999999985
1192,1191,2302,2590.0,1062,911640,0.1,0.0013539703794864222,4706.8372757434845,True,False,3,24.400000000000027
1193,1193,2304,2410.0,717,912077,0.1,0.0013032548742971514,4708.504485845566,True,False,3,22.600000000000076
1194,1194,2305,1460.0,856,912727,0.1,0.0012735888226543637,4711.006319761276,True,False,3,13.099999999999987
1195,1196,2307,2850.0,728,914552,0.1,0.0011922560460244402,4718.002739906311,True,False,3,27.000000000000014
1196,1195,2306,880.0,814,914786,0.1,0.0011948789848533576,4718.973185062408,True,False,3,7.299999999999988
1197,1197,2308,1750.0,757,915105,0.1,0.0011911348467741943,4720.2123436927795,True,False,3,15.99999999999999
1198,1198,2309,2800.0,1047,916915,0.1,0.0011812490791092611,4727.186128854752,True,False,3,26.500000000000103
1199,1200,2311,790.0,682,917514,0.1,0.0011394367953962128,4729.736969947815,True,False,3,6.3999999999999915
1200,1199,2310,1000.0,906,918176,0.1,0.0011352339526606264,4732.364162683487,True,False,3,8.499999999999984
1201,1201,2312,2890.0,870,918585,0.1,0.00113113658322388,4735.184090852737,True,False,3,27.40000000000004
1202,1203,2314,2450.0,724,920410,0.1,0.0012048300618893667,4741.869061946869,True,False,3,23.000000000000057
1203,1202,2313,1360.0,946,920699,0.1,0.0011899775717178326,4742.989347696304,True,False,3,12.099999999999984
1204,1204,2315,4500.0,948,921968,0.1,0.0012710203175280215,4747.949278831482,True,False,3,43.50000000000009
1205,1205,2316,2830.0,1028,922697,0.1,0.0012886534746331326,4750.772400856018,True,False,3,26.8000000000001
1206,1206,2317,1260.0,726,923314,0.1,0.0013205538350769984,4753.155469894409,True,False,3,11.099999999999984
1207,1207,2318,1200.0,719,923575,0.1,0.0013298471117024963,4754.209939002991,True,False,3,10.499999999999982
1208,1208,2319,2740.0,801,925172,0.1,0.001331632653652131,4760.307169675827,True,False,3,25.900000000000105
1209,1209,2320,1120.0,627,925205,0.1,0.001336528474353239,4760.466565847397,True,False,3,9.699999999999985
1210,1210,2321,810.0,599,925710,0.1,0.001352180901206237,4762.585803031921,True,False,3,6.599999999999985
1211,1211,2322,1080.0,994,927551,0.1,0.0013780981340383272,4769.631968021393,True,False,3,9.299999999999986
1212,1212,2323,2950.0,711,928016,0.1,0.0014144480959499195,4771.511615991592,True,False,3,28.000000000000007
1213,1213,2324,1950.0,713,928057,0.1,0.0014147895067795682,4771.717218875885,True,False,3,18.000000000000043
1214,1214,2325,1460.0,836,929054,0.1,0.0014408292377584293,4775.536695718765,True,False,3,13.099999999999977
1215,1215,2326,1190.0,528,929663,0.1,0.0014888614733177801,4777.890033960342,True,False,3,10.39999999999999
1216,1217,2328,1660.0,723,930949,0.1,0.00150837615936773,4782.8362147808075,True,False,3,15.09999999999998
1217,1219,2330,710.0,432,931391,0.1,0.0015259350044895352,4784.53310585022,True,False,3,5.599999999999992
1218,1216,2327,1850.0,887,931564,0.1,0.0015259101658966602,4785.219722986221,True,False,3,17.00000000000001
1219,1218,2329,4320.0,1016,933118,0.1,0.0015462402682421422,4791.167048931122,True,False,3,41.70000000000008
1220,1220,2331,1450.0,682,933677,0.1,0.001547434458391648,4793.490003824234,True,False,3,12.999999999999982
1221,1222,2333,4480.0,893,935136,0.1,0.0015160197122643044,4799.123362779617,True,False,3,43.300000000000004
1222,1221,2332,2880.0,946,935175,0.1,0.0015328505943306813,4799.310126781464,True,False,3,27.300000000000093
1223,1224,2335,550.0,547,935865,0.1,0.0017421869342398389,4801.9633758068085,True,False,3,3.9999999999999982
1224,1223,2334,1050.0,777,936226,0.1,0.001746393430672713,4803.343370914459,True,False,3,8.999999999999991
1225,1225,2336,1430.0,701,937940,0.1,0.0021885318160385888,4809.843572854996,True,False,3,12.799999999999985
1226,1226,2337,1260.0,724,938071,0.1,0.0021802765179058225,4811.963448762894,True,False,3,11.099999999999984
1227,1227,2338,1420.0,734,938801,0.1,0.002088597131224047,4814.802422046661,True,False,3,12.699999999999978
1228,1228,2339,3040.0,897,939814,0.1,0.0020174311519454576,4818.714753627777,True,False,3,28.90000000000008
1229,1229,2340,1630.0,759,940976,0.1,0.0019226799504227117,4823.1070857048035,True,False,3,14.799999999999981
1230,1230,2341,1360.0,765,941131,0.1,0.0019159259999724824,4823.722034931183,True,False,3,12.099999999999985
1231,1231,2342,1470.0,636,941345,0.1,0.001930548342709201,4824.703007936478,True,False,3,13.199999999999983
1232,1232,2343,2310.0,885,943354,0.1,0.0017154646677946367,4832.338726758957,True,False,3,21.60000000000002
1233,1235,2346,1190.0,573,943637,0.1,0.0014701824436721231,4833.48824095726,True,False,3,10.399999999999997
1234,1234,2345,1170.0,825,944431,0.1,0.001420922240711551,4836.708719730377,True,False,3,10.199999999999985
1235,1233,2344,2640.0,915,944636,0.1,0.001418656227035738,4837.579580783844,True,False,3,24.900000000000084
1236,1236,2347,770.0,505,945374,0.1,0.0011103159439401922,4840.563540935516,True,False,3,6.19999999999999
1237,1239,2350,1100.0,604,947052,0.1,0.0011323366188602244,4847.499091863632,True,False,3,9.499999999999993
1238,1240,2351,790.0,569,947650,0.1,0.0011477806681713092,4849.947690010071,True,False,3,6.399999999999988
1239,1238,2349,2160.0,842,947799,0.1,0.0011341617398908043,4850.74542593956,True,False,3,20.100000000000033
1240,1237,2348,1000.0,1150,948237,0.1,0.0011308715529942319,4852.578266859055,True,False,3,8.499999999999984
1241,1241,2352,750.0,477,948960,0.1,0.001128118462087899,4855.483505964279,True,False,3,5.999999999999992
1242,1242,2353,1060.0,679,950366,0.1,0.0011535372283475664,4861.4504227638245,True,False,3,9.099999999999994
1243,1243,2354,1320.0,660,950439,0.1,0.001156240218772313,4861.7649528980255,True,False,3,11.699999999999985
1244,1244,2355,1840.0,972,952125,0.1,0.0011697091055191276,4868.326189756393,True,False,3,16.90000000000001
1245,1245,2356,2490.0,825,952260,0.1,0.0011727860991165718,4868.878192901611,True,False,3,23.40000000000007
1246,1246,2357,1060.0,714,953222,0.1,0.0011723629456256055,4872.559294939041,True,False,3,9.099999999999982
1247,1247,2358,2400.0,912,954087,0.1,0.0011722402344100389,4876.1258890628815,True,False,3,22.500000000000036
1248,1249,2360,2310.0,725,955160,0.1,0.0011808202242687472,4880.442899942398,True,False,3,21.60000000000005
1249,1248,2359,2550.0,867,955593,0.1,0.0011869419393378859,4882.1416709423065,True,False,3,24.00000000000006
1250,1250,2361,3690.0,1009,957258,0.1,0.0012613291505122386,4888.521863937378,True,False,3,35.40000000000009
1251,1251,2362,3370.0,981,958011,0.1,0.0013067336076532114,4905.213405847549,True,False,3,32.200000000000024
1252,1253,2364,1400.0,625,958093,0.1,0.0013575535154435783,4905.561429023743,True,False,3,12.49999999999999
1253,1252,2363,2360.0,831,958484,0.1,0.0013380796630280125,4907.063747882843,True,False,3,22.100000000000065
1254,1254,2365,480.0,556,959482,0.1,0.001302660299254005,4910.860516786575,True,False,3,3.3000000000000025
1255,1256,2367,2320.0,671,960777,0.1,0.0013189142427286451,4915.821806907654,True,False,3,21.700000000000028
1256,1255,2366,1700.0,716,960875,0.1,0.0013117998363739581,4916.216640949249,True,False,3,15.499999999999982
1257,1257,2368,2870.0,911,962128,0.1,0.001310650013039874,4920.9302887916565,True,False,3,27.20000000000009
1258,1258,2369,2570.0,707,962310,0.1,0.0013256371584411347,4921.645395994186,True,False,3,24.200000000000085
1259,1259,2370,2390.0,802,963985,0.1,0.001229096750084002,4928.230901956558,True,False,3,22.40000000000006
1260,1260,2371,970.0,878,964387,0.1,0.001229099508454219,4929.819244861603,True,False,3,8.199999999999989
1261,1261,2372,620.0,606,964552,0.1,0.001218655961757778,4930.48312497139,True,False,3,4.699999999999995
1262,1262,2373,810.0,666,964974,0.1,0.001209696824688607,4932.16662979126,True,False,3,6.599999999999992
1263,1264,2375,890.0,607,966815,0.1,0.0011770339390029746,4939.135382652283,True,False,3,7.399999999999987
1264,1263,2374,1080.0,828,967297,0.1,0.001188887583488623,4941.024986743927,True,False,3,9.299999999999986
1265,1266,2377,1430.0,754,967990,0.1,0.001176443648375126,4943.643590927124,True,False,3,12.799999999999988
1266,1265,2376,3060.0,1320,969832,0.1,0.0011470264234517483,4950.6747789382935,True,False,3,29.100000000000065
1267,1268,2379,1610.0,673,969989,0.1,0.0011225003155336175,4951.313289880753,True,False,3,14.599999999999982
1268,1267,2378,2250.0,839,970171,0.1,0.001133750359587015,4952.031085729599,True,False,3,21.00000000000007
1269,1269,2380,1330.0,815,971250,0.1,0.0010831576611516722,4956.293019771576,True,False,3,11.799999999999992
1270,1271,2382,570.0,632,972517,0.1,0.0011076616675738846,4961.112146854401,True,False,3,4.2
1271,1270,2381,1020.0,681,972556,0.1,0.0011005352784844633,4961.315901994705,True,False,3,8.699999999999994
1272,1273,2384,1050.0,711,974094,0.1,0.0011182944219934056,4967.1854836940765,True,False,3,8.99999999999998
1273,1272,2383,1840.0,1139,974727,0.1,0.0010880975957411644,4969.63246679306,True,False,3,16.90000000000001
1274,1274,2385,720.0,759,975553,0.1,0.001072916261451773,4972.76658987999,True,False,3,5.699999999999995
1275,1275,2386,1780.0,846,975940,0.1,0.0010763783432445851,4974.251700878143,True,False,3,16.29999999999999
1276,1276,2387,390.0,522,976182,0.1,0.001052279114579136,4976.326114654541,True,False,3,2.400000000000002
1277,1277,2388,1500.0,919,978403,0.1,0.0010789551363045134,4984.716903924942,True,False,3,13.499999999999977
1278,1278,2389,1360.0,819,978829,0.1,0.0010908346941974072,4986.533288002014,True,False,3,12.099999999999985
1279,1279,2390,1620.0,888,979492,0.1,0.0010918380019837321,4989.121886968613,True,False,3,14.69999999999999
1280,1280,2391,2020.0,899,979778,0.1,0.0010986056092079444,4990.2194747924805,True,False,3,18.70000000000002
1281,1283,2394,730.0,628,982004,0.1,0.0010976926449561717,4998.7295570373535,True,False,3,5.799999999999992
1282,1281,2392,1530.0,1072,982691,0.1,0.0011012634416269365,5001.315800666809,True,False,3,13.799999999999976
1283,1282,2393,4400.0,1033,982961,0.1,0.001089918602919269,5002.36306476593,True,False,3,42.50000000000012
1284,1284,2395,1600.0,807,983006,0.1,0.0010834662549548506,5002.5796937942505,True,False,3,14.499999999999979
1285,1288,2399,930.0,558,985238,0.1,0.001417842005748981,5010.924704790115,True,False,3,7.799999999999985
1286,1285,2396,1330.0,823,985296,0.1,0.0013151823633081956,5011.182797670364,True,False,3,11.799999999999974
1287,1286,2397,750.0,721,985575,0.1,0.0013893532690286297,5012.263931751251,True,False,3,5.999999999999993
1288,1287,2398,840.0,758,985993,0.1,0.0014458171444713742,5013.845633029938,True,False,3,6.899999999999987
1289,1291,2402,1000.0,747,988563,0.1,0.0015846117909008406,5023.399613857269,True,False,3,8.499999999999991
1290,1289,2400,920.0,917,988906,0.1,0.001577570398844425,5024.733912706375,True,False,3,7.699999999999985
1291,1290,2401,2660.0,953,989108,0.1,0.0015748009387198992,5025.654932022095,True,False,3,25.100000000000065
1292,1292,2403,4840.0,826,989297,0.1,0.0016004887328327569,5026.4218118190765,True,False,3,46.900000000000055
1293,1294,2405,560.0,633,991438,0.1,0.002320041647410803,5034.3574867248535,True,False,3,4.1
1294,1293,2404,2210.0,798,991755,0.1,0.002238254357808571,5035.606009721756,True,False,3,20.600000000000072
1295,1295,2406,1390.0,761,992152,0.1,0.0023903264169233673,5037.123948812485,True,False,3,12.39999999999998
1296,1296,2407,2630.0,952,993105,0.1,0.0023810647726655713,5040.664064884186,True,False,3,24.80000000000009
1297,1297,2408,690.0,677,994146,0.1,0.002135913960380821,5044.560639858246,True,False,3,5.399999999999993
1298,1298,2409,2330.0,634,994291,0.1,0.0020896074913786607,5045.150421857834,True,False,3,21.800000000000082
1299,1299,2410,1440.0,710,994992,0.1,0.001848496583333029,5047.823273897171,True,False,3,12.899999999999988
1300,1300,2411,1050.0,766,996169,0.1,0.0015562693437597259,5052.2008509635925,True,False,3,8.999999999999979
1301,1303,2414,860.0,579,997308,0.1,0.0014399360729737726,5058.048544645309,True,False,3,7.099999999999986
1302,1302,2413,3100.0,810,997531,0.1,0.0014228081327423247,5058.973138809204,True,False,3,29.500000000000064
1303,1301,2412,1270.0,1016,998210,0.1,0.0014283033495761572,5061.543190717697,True,False,3,11.19999999999999
1304,1305,2416,950.0,672,999996,0.1,0.0014828409970331926,5068.191264629364,True,False,3,7.999999999999984
1305,1306,2417,630.0,649,1000127,0.1,0.0014704174723297512,5068.713922739029,True,False,3,4.799999999999995
1306,1304,2415,2800.0,1043,1000341,0.1,0.001467160579481913,5069.569769859314,True,False,3,26.500000000000107
1307,1307,2418,1630.0,765,1001270,0.1,0.0014327363771526448,5073.0753128528595,True,False,3,14.799999999999985
1308,1310,2421,4750.0,839,1003697,0.1,0.001379820858960204,5082.123991727829,True,False,3,46.00000000000001
1309,1309,2420,4260.0,970,1004007,0.1,0.0013847363184562634,5083.294900894165,True,False,3,41.10000000000008
1310,1308,2419,2760.0,1224,1004892,0.1,0.0014041358312158016,5086.6070997715,True,False,3,26.100000000000094
1311,1311,2422,3270.0,1023,1005362,0.1,0.001415698197438702,5088.512486934662,True,False,3,31.200000000000063
1312,1312,2423,910.0,694,1006473,0.1,0.001437004400752364,5092.702836036682,True,False,3,7.599999999999987
1313,1313,2424,1160.0,997,1007995,0.1,0.0014020530267890895,5098.414240837097,True,False,3,10.099999999999982
1314,1315,2426,3910.0,715,1008222,0.1,0.0013905855459470458,5099.282477855682,True,False,3,37.60000000000002
1315,1314,2425,1280.0,1002,1008900,0.1,0.001384601900032201,5101.839256763458,True,False,3,11.299999999999974
1316,1316,2427,1570.0,750,1009473,0.1,0.0014025130843510851,5103.982008695602,True,False,3,14.19999999999998
1317,1317,2428,1040.0,551,1010199,0.1,0.0014693002325749725,5106.705899715424,True,False,3,8.899999999999993
1318,1318,2429,460.0,670,1010902,0.1,0.001441106980374611,5109.388056755066,True,False,3,3.1000000000000014
1319,1319,2430,1010.0,795,1012080,0.1,0.0014485769831566668,5113.76939702034,True,False,3,8.599999999999984
1320,1321,2432,1600.0,778,1013311,0.1,0.0014802276596280622,5118.432099819183,True,False,3,14.499999999999979
1321,1320,2431,1880.0,1233,1014405,0.1,0.001499594119075302,5122.671710014343,True,False,3,17.300000000000015
1322,1322,2433,2960.0,1056,1015126,0.1,0.0015554675283607194,5125.324886083603,True,False,3,28.100000000000094
1323,1323,2434,4220.0,937,1015828,0.1,0.0016199113476258358,5127.988061904907,True,False,3,40.70000000000009
1324,1324,2435,3200.0,901,1016915,0.1,0.0016903362524595946,5132.003015995026,True,False,3,30.50000000000007
1325,1325,2436,1120.0,747,1017393,0.1,0.0017061558546982469,5133.847507953644,True,False,3,9.699999999999985
1326,1327,2438,2430.0,824,1019124,0.1,0.0016474983329899965,5141.687174797058,True,False,3,22.80000000000008
1327,1326,2437,4200.0,1061,1019370,0.1,0.0016493354715962309,5142.689617872238,True,False,3,40.50000000000011
1328,1328,2439,2530.0,754,1019931,0.1,0.0015334565935419275,5144.91704082489,True,False,3,23.800000000000075
1329,1329,2440,3340.0,934,1021129,0.1,0.0014697034508353837,5149.407844781876,True,False,3,31.900000000000105
1330,1331,2442,4210.0,702,1022178,0.1,0.001378395482158969,5153.381371974945,True,False,3,40.60000000000009
1331,1332,2443,1150.0,722,1022819,0.1,0.0014106053976499129,5155.741259813309,True,False,3,9.999999999999986
1332,1330,2441,2170.0,952,1022932,0.1,0.0014166110326370182,5156.203128814697,True,False,3,20.20000000000001
1333,1333,2444,620.0,658,1023761,0.1,0.0014583062959355826,5159.257107973099,True,False,3,4.699999999999998
1334,1334,2445,1450.0,842,1025546,0.1,0.0015070675860686979,5165.906941890717,True,False,3,12.999999999999982
1335,1336,2447,980.0,725,1025832,0.1,0.0015043691843186087,5166.989904880524,True,False,3,8.299999999999986
1336,1335,2446,2550.0,827,1026127,0.1,0.0015012137873727206,5168.102666854858,True,False,3,24.00000000000006
1337,1337,2448,3460.0,909,1027397,0.1,0.001540364235468215,5172.751431941986,True,False,3,33.1000000000001
1338,1338,2449,1440.0,674,1028242,0.1,0.0015668835936049248,5175.866063833237,True,False,3,12.899999999999984
1339,1340,2451,2180.0,696,1028911,0.1,0.0015257681481315735,5178.436952829361,True,False,3,20.300000000000004
1340,1339,2450,2880.0,913,1029484,0.1,0.0015163438635720664,5180.618162870407,True,False,3,27.30000000000006
1341,1341,2452,1320.0,830,1030717,0.1,0.0014891277814244694,5185.341505765915,True,False,3,11.69999999999998
1342,1344,2455,1350.0,519,1031560,0.1,0.001437065587468761,5188.610609769821,True,False,3,11.999999999999984
1343,1342,2453,1200.0,851,1031646,0.1,0.0014284664680732613,5188.963062763214,True,False,3,10.499999999999984
1344,1343,2454,2330.0,769,1031987,0.1,0.0014471087981105064,5190.258362770081,True,False,3,21.800000000000058
1345,1345,2456,2130.0,891,1034281,0.1,0.0014404237768680743,5199.140192747116,True,False,3,19.80000000000002
1346,1348,2459,2160.0,722,1034875,0.1,0.0014737529306539652,5201.612147808075,True,False,3,20.10000000000003
1347,1346,2457,1900.0,870,1035040,0.1,0.0014776421525186441,5202.34438085556,True,False,3,17.500000000000014
1348,1347,2458,3030.0,893,1035218,0.1,0.0014659771458795951,5203.080295801163,True,False,3,28.80000000000005
1349,1351,2462,500.0,504,1037056,0.1,0.0014431430320814437,5210.305036783218,True,False,3,3.5
1350,1349,2460,1740.0,708,1037113,0.1,0.0014651744032629218,5210.566565752029,True,False,3,15.899999999999984
1351,1352,2463,1980.0,525,1037318,0.1,0.001473170925663518,5212.747111797333,True,False,3,18.300000000000036
1352,1350,2461,1330.0,786,1038019,0.1,0.0014565557293056536,5215.564304828644,True,False,3,11.799999999999978
1353,1355,2466,1410.0,635,1039858,0.1,0.0013980749175255003,5222.534111022949,True,False,3,12.599999999999994
1354,1353,2464,1380.0,730,1039976,0.1,0.0014009793100628223,5223.011351823807,True,False,3,12.29999999999999
1355,1354,2465,1450.0,824,1040409,0.1,0.0014033274662315573,5224.7323298454285,True,False,3,12.999999999999988
1356,1356,2467,1210.0,656,1040643,0.1,0.0013737752535190539,5225.659960746765,True,False,3,10.599999999999989
1357,1357,2468,390.0,452,1041666,0.1,0.001396671685352056,5229.619666814804,True,False,3,2.400000000000002
1358,1358,2469,1140.0,608,1042408,0.1,0.001406290391586433,5232.444559812546,True,False,3,9.899999999999995
1359,1359,2470,1130.0,605,1042829,0.1,0.00139236669575657,5234.048530817032,True,False,3,9.79999999999999
1360,1360,2471,790.0,591,1043007,0.1,0.0013985636765405209,5234.774657011032,True,False,3,6.399999999999989
1361,1361,2472,1270.0,615,1044126,0.1,0.0013813847877043564,5238.963455915451,True,False,3,11.199999999999985
1362,1362,2473,1280.0,731,1045332,0.1,0.0013733386576399284,5243.566056966782,True,False,3,11.299999999999986
1363,1363,2474,2400.0,821,1046113,0.1,0.00143190714681377,5246.805816888809,True,False,3,22.499999999999993
1364,1364,2475,2420.0,951,1046811,0.1,0.0014638643145703707,5249.515058994293,True,False,3,22.700000000000088
1365,1365,2476,960.0,711,1046970,0.1,0.0015006569874752575,5250.200917959213,True,False,3,8.099999999999994
1366,1366,2477,780.0,779,1048448,0.1,0.0016127209500702568,5255.782121896744,True,False,3,6.299999999999994
1367,1367,2478,2380.0,846,1049497,0.1,0.0016327612756695884,5259.846891641617,True,False,3,22.300000000000022
1368,1369,2480,1890.0,870,1050450,0.1,0.0016656818039295124,5263.361979961395,True,False,3,17.400000000000027
1369,1370,2481,1260.0,729,1051364,0.1,0.0016966996676066892,5266.855043888092,True,False,3,11.099999999999982
1370,1368,2479,1560.0,1141,1051375,0.1,0.001673003628859778,5266.934643983841,True,False,3,14.09999999999998
1371,1371,2482,1550.0,636,1052041,0.1,0.0016932290952737625,5269.464816808701,True,False,3,13.999999999999988
1372,1372,2483,1260.0,717,1053318,0.1,0.001604469396465236,5274.336781740189,True,False,3,11.099999999999982
1373,1373,2484,670.0,632,1053892,0.1,0.0015705790587323659,5276.855221033096,True,False,3,5.199999999999993
1374,1374,2485,1530.0,937,1055123,0.1,0.0015703164643432602,5281.579325914383,True,False,3,13.799999999999976
1375,1375,2486,1180.0,776,1055145,0.1,0.0015558508099068782,5281.701726913452,True,False,3,10.299999999999985
1376,1376,2487,1470.0,922,1057006,0.1,0.001592661550196813,5290.084157943726,True,False,3,13.199999999999976
1377,1377,2488,1220.0,858,1057324,0.1,0.0015956203020145217,5291.2945737838745,True,False,3,10.699999999999982
1378,1378,2489,1020.0,815,1058383,0.1,0.0015904575302422709,5295.449850797653,True,False,3,8.699999999999985
1379,1379,2490,1430.0,878,1058657,0.1,0.001579424482571377,5296.574841737747,True,False,3,12.799999999999976
1380,1381,2492,670.0,534,1059460,0.1,0.0014894103505696634,5299.801172018051,True,False,3,5.19999999999999
1381,1380,2491,870.0,736,1059950,0.1,0.0015210596570598325,5301.756668806076,True,False,3,7.199999999999994
1382,1382,2493,880.0,849,1061779,0.1,0.0014571516740108973,5309.021406888962,True,False,3,7.299999999999994
1383,1383,2494,1120.0,809,1061893,0.1,0.0014546566334298647,5309.5410368442535,True,False,3,9.69999999999998
1384,1384,2495,1610.0,719,1062336,0.1,0.0014606202221608311,5311.50306892395,True,False,3,14.599999999999977
1385,1385,2496,1620.0,822,1063238,0.1,0.0014036295097377921,5315.065421819687,True,False,3,14.699999999999982
1386,1386,2497,410.0,434,1063515,0.1,0.0013380897634293592,5316.088609695435,True,False,3,2.600000000000002
1387,1387,2498,2310.0,718,1064765,0.1,0.0013676673287158043,5321.211838006973,True,False,3,21.600000000000065
1388,1388,2499,3890.0,696,1065120,0.1,0.0013484682837780833,5322.637043952942,True,False,3,37.40000000000009
1389,1389,2500,1020.0,706,1066062,0.1,0.0013671436952187933,5326.271046876907,True,False,3,8.699999999999983
1390,1390,2501,700.0,648,1066107,0.1,0.001371136954135799,5326.494293928146,True,False,3,5.499999999999991
1391,1391,2502,2440.0,889,1068321,0.1,0.001315078460946637,5334.899600744247,True,False,3,22.900000000000013
1392,1392,2503,1540.0,844,1068496,0.1,0.0013148674869802846,5335.654721021652,True,False,3,13.899999999999975
1393,1393,2504,1100.0,720,1068942,0.1,0.0012898040184558745,5337.421709775925,True,False,3,9.49999999999999
1394,1394,2505,860.0,721,1068991,0.1,0.0012895691062174556,5337.6601758003235,True,False,3,7.099999999999997
1395,1395,2506,960.0,626,1070825,0.1,0.0012282581184711754,5344.671929836273,True,False,3,8.099999999999985
1396,1397,2508,1480.0,668,1071614,0.1,0.0012261066350508704,5347.717550754547,True,False,3,13.29999999999999
1397,1398,2509,1460.0,827,1072299,0.1,0.001223292447961056,5350.379589796066,True,False,3,13.099999999999978
1398,1396,2507,3190.0,957,1072324,0.1,0.0012255189677273667,5350.521037817001,True,False,3,30.400000000000027
1399,1399,2510,880.0,442,1072593,0.1,0.0012030440305751575,5351.584904909134,True,False,3,7.29999999999999
1400,1400,2511,630.0,690,1074374,0.1,0.0011345276436127345,5358.3037650585175,True,False,3,4.799999999999995
1401,1403,2514,1020.0,702,1075401,0.1,0.0011405466781780548,5363.734206914902,True,False,3,8.699999999999985
1402,1401,2512,760.0,951,1076103,0.1,0.0011166579949830637,5366.388278007507,True,False,3,6.0999999999999925
1403,1402,2513,3450.0,1055,1076544,0.1,0.0011098598797090564,5368.155193805695,True,False,3,33.0000000000001
1404,1404,2515,2090.0,1049,1078570,0.1,0.001080970160530066,5375.5477929115295,True,False,3,19.400000000000023
1405,1405,2516,1420.0,863,1078853,0.1,0.0010408020226009944,5376.613214969635,True,False,3,12.699999999999983
1406,1406,2517,610.0,716,1078967,0.1,0.0010380918686998444,5377.214518070221,True,False,3,4.599999999999996
1407,1407,2518,1320.0,662,1079192,0.1,0.001028376297953678,5378.057634830475,True,False,3,11.699999999999985
1408,1409,2520,1050.0,705,1081673,0.1,0.0008089139044296379,5387.105219841003,True,False,3,8.999999999999986
1409,1411,2522,2070.0,789,1082348,0.1,0.0007919284683803901,5389.542395830154,True,False,3,19.200000000000003
1410,1408,2519,1490.0,994,1082546,0.1,0.0008200253509298919,5390.300673007965,True,False,3,13.39999999999999
1411,1410,2521,950.0,985,1082907,0.1,0.000801500418299672,5391.633145809174,True,False,3,7.999999999999993
1412,1412,2523,540.0,503,1083685,0.1,0.0007721322796515339,5394.45024895668,True,False,3,3.8999999999999995
1413,1413,2524,1810.0,807,1085576,0.1,0.0007869257420576103,5401.277055978775,True,False,3,16.599999999999994
1414,1414,2525,2670.0,781,1085670,0.1,0.0007864019136131167,5401.650494813919,True,False,3,25.200000000000085
1415,1415,2526,1360.0,774,1086003,0.1,0.0007828497721931539,5402.8987159729,True,False,3,12.099999999999982
1416,1416,2527,1100.0,875,1087185,0.1,0.0007807671477452719,5407.221078634262,True,False,3,9.499999999999979
1417,1418,2529,990.0,786,1088814,0.1,0.0007335402061256317,5413.32493686676,True,False,3,8.399999999999983
1418,1417,2528,810.0,840,1088936,0.1,0.0007330376675132097,5413.829012870789,True,False,3,6.599999999999996
1419,1419,2530,1870.0,959,1089839,0.1,0.000718520419988116,5417.124217748642,True,False,3,17.199999999999996
1420,1420,2531,1380.0,760,1090225,0.1,0.0006940802100871224,5418.554231643677,True,False,3,12.299999999999976
1421,1421,2532,1690.0,671,1091498,0.1,0.0006713734608925684,5423.228921890259,True,False,3,15.399999999999975
1422,1422,2533,1150.0,722,1091824,0.1,0.0006745076088339266,5424.470718860626,True,False,3,9.99999999999998
1423,1423,2534,950.0,780,1092959,0.1,0.0006877021630479691,5428.593976736069,True,False,3,7.999999999999989
1424,1424,2535,2460.0,827,1093533,0.1,0.0007007906018861061,5430.744804859161,True,False,3,23.10000000000005
1425,1426,2537,990.0,620,1094304,0.1,0.0007254883443707631,5433.604672908783,True,False,3,8.399999999999984
1426,1425,2536,1000.0,718,1094370,0.1,0.0007235859203955591,5435.22181391716,True,False,3,8.499999999999991
1427,1428,2539,1260.0,776,1096637,0.1,0.0006964045187299975,5443.62470293045,True,False,3,11.099999999999985
1428,1427,2538,2620.0,951,1096763,0.1,0.0007002743307448929,5444.1185710430145,True,False,3,24.70000000000002
1429,1430,2541,1200.0,721,1097254,0.1,0.0006733507527640391,5445.915987968445,True,False,3,10.499999999999988
1430,1429,2540,1100.0,738,1097256,0.1,0.0006757872672496,5445.986976623535,True,False,3,9.499999999999986
1431,1431,2542,690.0,577,1098945,0.1,0.0006318402955939257,5452.070417881012,True,False,3,5.3999999999999915
1432,1433,2544,870.0,510,1099294,0.1,0.0006252529484781382,5453.367495775223,True,False,3,7.199999999999987
1433,1432,2543,1400.0,784,1099899,0.1,0.0006347863183543027,5455.587525844574,True,False,3,12.499999999999973
1434,1434,2545,1250.0,669,1099932,0.1,0.0006339959199677788,5455.753410816193,True,False,3,10.999999999999988
1435,1435,2546,1600.0,828,1102257,0.1,0.0006705208461557893,5464.246609926224,True,False,3,14.499999999999977
1436,1436,2547,1760.0,763,1102346,0.1,0.000672426145443074,5464.606810808182,True,False,3,16.099999999999987
1437,1437,2548,1410.0,764,1102955,0.1,0.0006668275336921459,5466.861273765564,True,False,3,12.599999999999982
1438,1438,2549,1570.0,767,1103000,0.1,0.000665371512357908,5467.0729060173035,True,False,3,14.199999999999983
1439,1439,2550,1100.0,796,1105441,0.1,0.0006633619517166911,5476.204858779907,True,False,3,9.499999999999982
1440,1441,2552,2540.0,689,1105711,0.1,0.0006747186071442505,5477.244525671005,True,False,3,23.90000000000008
1441,1440,2551,1880.0,845,1105726,0.1,0.0006668101489707861,5477.350814819336,True,False,3,17.300000000000008
1442,1442,2553,1090.0,720,1105880,0.1,0.0006746791880585887,5477.959865808487,True,False,3,9.399999999999988
1443,1444,2555,710.0,614,1108167,0.1,0.0006637060438856901,5486.344621658325,True,False,3,5.599999999999998
1444,1443,2554,2890.0,732,1108369,0.1,0.0006644425216630926,5487.129310846329,True,False,3,27.40000000000001
1445,1446,2557,1050.0,721,1108764,0.1,0.0006652038250794704,5488.622855901718,True,False,3,8.999999999999982
1446,1445,2556,2250.0,842,1109094,0.1,0.0006684546494447779,5489.855459690094,True,False,3,21.00000000000005
1447,1447,2558,1520.0,886,1111711,0.1,0.0006690299078215357,5499.4137506484985,True,False,3,13.699999999999983
1448,1449,2560,2490.0,847,1112152,0.1,0.0006664644993206381,5501.049123764038,True,False,3,23.40000000000009
1449,1450,2561,2630.0,929,1112810,0.1,0.0006699916165493994,5503.4806299209595,True,False,3,24.800000000000036
1450,1448,2559,1940.0,1154,1112985,0.1,0.0006703569261518395,5504.158508777618,True,False,3,17.9
1451,1451,2562,4180.0,790,1114871,0.1,0.000674949551779995,5512.672315835953,True,False,3,40.30000000000009
1452,1452,2563,2940.0,817,1115420,0.1,0.0006761421519338759,5514.716542005539,True,False,3,27.900000000000073
1453,1453,2564,1180.0,831,1116134,0.1,0.0006724112587221635,5517.313289880753,True,False,3,10.299999999999978
1454,1455,2566,980.0,657,1117499,0.1,0.0007144123444452746,5522.287973880768,True,False,3,8.299999999999988
1455,1454,2565,1550.0,1214,1117841,0.1,0.0006955572589354465,5523.578086853027,True,False,3,13.999999999999984
1456,1457,2568,2050.0,620,1118614,0.1,0.0007367202645259714,5526.6470448970795,True,False,3,19.000000000000043
1457,1456,2567,1390.0,934,1119156,0.1,0.0007365398711508201,5528.768675804138,True,False,3,12.399999999999986
1458,1459,2570,1670.0,872,1121329,0.1,0.0008697703946248304,5537.020209789276,True,False,3,15.199999999999974
1459,1458,2569,2400.0,1153,1122111,0.1,0.000861756537027426,5540.323661804199,True,False,3,22.500000000000057
1460,1461,2572,3150.0,849,1122552,0.1,0.0009087509452269354,5542.079433917999,True,False,3,30.0000000000001
1461,1460,2571,2680.0,1073,1122906,0.1,0.0009004926685847512,5543.4604296684265,True,False,3,25.300000000000054
1462,1462,2573,1680.0,649,1123925,0.1,0.0009018097845772898,5547.304683685303,True,False,3,15.299999999999981
1463,1463,2574,1820.0,792,1125279,0.1,0.0009009809098165304,5552.409091711044,True,False,3,16.700000000000006
1464,1465,2576,1980.0,744,1125882,0.1,0.0009201489979547063,5554.774048805237,True,False,3,18.299999999999997
1465,1464,2575,2640.0,837,1125900,0.1,0.0009249229747145531,5554.89163684845,True,False,3,24.900000000000084
1466,1466,2577,4450.0,890,1127485,0.1,0.0009157636295742449,5560.840116977692,True,False,3,43.0000000000001
1467,1467,2578,1750.0,620,1127759,0.1,0.000924608572325181,5561.945784807205,True,False,3,15.99999999999999
1468,1469,2580,860.0,787,1129048,0.1,0.000915832947560212,5566.802440881729,True,False,3,7.099999999999991
1469,1468,2579,2940.0,1037,1130030,0.1,0.0009167364477361808,5570.540038824081,True,False,3,27.900000000000006
1470,1470,2581,820.0,812,1130733,0.1,0.0009456416721392097,5573.406458854675,True,False,3,6.699999999999992
1471,1471,2582,2140.0,903,1131371,0.1,0.000954989892986767,5575.919168949127,True,False,3,19.90000000000003
1472,1472,2583,1160.0,824,1132344,0.1,0.0009742341750910059,5579.59872674942,True,False,3,10.099999999999978
1473,1473,2584,1560.0,888,1133582,0.1,0.0009917649709546691,5584.296332836151,True,False,3,14.099999999999982
1474,1475,2586,2040.0,687,1134119,0.1,0.0009772055550013076,5586.424618005753,True,False,3,18.90000000000004
1475,1474,2585,1100.0,882,1134261,0.1,0.000976185699290086,5587.035782814026,True,False,3,9.499999999999988
1476,1476,2587,1380.0,699,1135140,0.1,0.000947822256785523,5591.987948656082,True,False,3,12.299999999999983
1477,1477,2588,2140.0,934,1137318,0.1,0.0009373283919752915,5600.854465007782,True,False,3,19.900000000000055
1478,1479,2590,2370.0,839,1137617,0.1,0.000936374658558027,5602.124444961548,True,False,3,22.200000000000028
1479,1478,2589,1180.0,876,1137623,0.1,0.0009323058996884339,5602.191922903061,True,False,3,10.3
1480,1480,2591,1540.0,898,1138732,0.1,0.0009404060975695133,5606.604385852814,True,False,3,13.899999999999975
1481,1481,2592,1060.0,750,1140318,0.1,0.0009587676804706765,5612.72069478035,True,False,3,9.099999999999989
1482,1483,2594,1590.0,780,1140743,0.1,0.0009894819493824914,5614.3925948143005,True,False,3,14.399999999999984
1483,1482,2593,1070.0,1012,1141665,0.1,0.0009970530995869274,5618.129604816437,True,False,3,9.199999999999987
1484,1484,2595,1900.0,918,1142404,0.1,0.0010192507371735813,5621.007541894913,True,False,3,17.50000000000001
1485,1485,2596,1860.0,864,1143774,0.1,0.0010896166278076566,5626.280405044556,True,False,3,17.10000000000001
1486,1486,2597,1690.0,897,1144331,0.1,0.001086588716896904,5628.435050010681,True,False,3,15.39999999999998
1487,1487,2598,4140.0,941,1145429,0.1,0.00115324449579466,5632.7575578689575,True,False,3,39.900000000000105
1488,1488,2599,1640.0,762,1145452,0.1,0.0011922687957362148,5632.903126716614,True,False,3,14.89999999999998
1489,1490,2601,820.0,533,1146463,0.1,0.0012466599118016051,5636.838248968124,True,False,3,6.699999999999994
1490,1489,2600,4220.0,1035,1147914,0.1,0.001212895015515567,5642.3696756362915,True,False,3,40.700000000000095
1491,1491,2602,3270.0,845,1148809,0.1,0.001196936370247628,5645.849911689758,True,False,3,31.200000000000017
1492,1493,2604,870.0,724,1149359,0.1,0.0011773602157453002,5648.057569742203,True,False,3,7.199999999999992
1493,1492,2603,2560.0,1034,1149588,0.1,0.0011962319099711573,5649.0036590099335,True,False,3,24.10000000000008
1494,1494,2605,2010.0,845,1151294,0.1,0.0011840116927853493,5655.618954896927,True,False,3,18.600000000000023
1495,1496,2607,880.0,752,1152367,0.1,0.0011979327906529046,5659.7947199344635,True,False,3,7.2999999999999865
1496,1497,2608,1310.0,806,1152812,0.1,0.0011952099394913769,5661.625802993774,True,False,3,11.599999999999985
1497,1495,2606,2000.0,1120,1153289,0.1,0.0011965417206868422,5663.744743824005,True,False,3,18.500000000000032
1498,1499,2610,1030.0,646,1154951,0.1,0.0012766455146343513,5670.499916791916,True,False,3,8.799999999999985
1499,1498,2609,2450.0,1034,1155430,0.1,0.0012583069617470917,5672.527048826218,True,False,3,23.00000000000003
1500,1500,2611,1580.0,658,1155444,0.1,0.0012898517562547772,5672.629954814911,True,False,3,14.299999999999985
1501,1501,2612,1730.0,726,1156193,0.1,0.0012899868180627355,5687.758244752884,True,False,3,15.799999999999994
1502,1504,2615,930.0,788,1158596,0.1,0.001210788776994645,5697.630318880081,True,False,3,7.799999999999992
1503,1502,2613,2700.0,914,1158607,0.1,0.0012214875835642582,5697.708693027496,True,False,3,25.500000000000092
1504,1503,2614,1530.0,886,1158974,0.1,0.0011990219157209628,5699.388787984848,True,False,3,13.799999999999974
1505,1505,2616,600.0,719,1159069,0.1,0.0011863290241869912,5699.843142747879,True,False,3,4.499999999999995
1506,1506,2617,1430.0,711,1161440,0.1,0.0012289217193745228,5709.4596118927,True,False,3,12.799999999999978
1507,1507,2618,4030.0,833,1161939,0.1,0.0012725092102253601,5711.469145774841,True,False,3,38.80000000000005
1508,1509,2620,800.0,765,1162129,0.1,0.0013044587085008304,5712.246330738068,True,False,3,6.49999999999999
1509,1508,2619,3110.0,884,1162510,0.1,0.0012912638393247592,5713.709114789963,True,False,3,29.600000000000072
1510,1510,2621,930.0,667,1164108,0.1,0.0012270467057347652,5719.638842821121,True,False,3,7.79999999999999
1511,1511,2622,1210.0,713,1164791,0.1,0.0011378057635309917,5722.2898869514465,True,False,3,10.599999999999982
1512,1512,2623,1970.0,747,1165117,0.1,0.0011240597623997273,5723.65917801857,True,False,3,18.200000000000045
1513,1513,2624,1290.0,1008,1166542,0.1,0.001107493123137309,5729.161115884781,True,False,3,11.39999999999998
1514,1514,2625,1570.0,741,1167072,0.1,0.0010943519994206462,5731.394056797028,True,False,3,14.199999999999978
1515,1516,2627,1180.0,542,1167285,0.1,0.0011140311102636718,5732.247570991516,True,False,3,10.299999999999988
1516,1515,2626,1600.0,764,1167847,0.1,0.001106992505982345,5734.63632273674,True,False,3,14.499999999999975
1517,1517,2628,630.0,618,1169014,0.1,0.0011526075243645853,5739.278687000275,True,False,3,4.799999999999997
1518,1518,2629,2090.0,892,1170640,0.1,0.001186520960755545,5745.857753753662,True,False,3,19.400000000000013
1519,1520,2631,620.0,880,1171367,0.1,0.001182950807990644,5748.82146191597,True,False,3,4.699999999999994
1520,1521,2632,840.0,697,1171802,0.1,0.001157987705698114,5750.568140745163,True,False,3,6.899999999999999
1521,1519,2630,3340.0,1143,1171857,0.1,0.001154791908093715,5750.8349578380585,True,False,3,31.90000000000009
1522,1522,2633,1000.0,745,1173620,0.1,0.0011541120207949772,5758.236214637756,True,False,3,8.499999999999988
1523,1525,2636,560.0,535,1173997,0.1,0.0011905628619345654,5759.809376001358,True,False,3,4.099999999999994
1524,1523,2634,750.0,780,1174487,0.1,0.0011761091055888801,5762.067943811417,True,False,3,5.999999999999989
1525,1524,2635,1680.0,736,1174746,0.1,0.0011909462135245913,5763.162066936493,True,False,3,15.29999999999998
1526,1527,2638,2060.0,535,1176137,0.1,0.0011764903291711741,5770.519580841064,True,False,3,19.100000000000044
1527,1526,2637,2250.0,723,1176512,0.1,0.0011640567233319682,5772.007280826569,True,False,3,21.00000000000007
1528,1528,2639,1150.0,836,1177831,0.1,0.0011295171867224442,5777.155399799347,True,False,3,9.999999999999988
1529,1529,2640,760.0,785,1177886,0.1,0.001118157556166303,5777.42604970932,True,False,3,6.0999999999999925
1530,1530,2641,2220.0,906,1179761,0.1,0.001118564116048974,5784.569263935089,True,False,3,20.70000000000001
1531,1531,2642,1850.0,845,1179892,0.1,0.0011183510185563772,5785.126355886459,True,False,3,17.000000000000004
1532,1533,2644,640.0,635,1180426,0.1,0.0011197689081923522,5787.232545852661,True,False,3,4.899999999999999
1533,1532,2643,1120.0,831,1181155,0.1,0.0011018129201450695,5790.10146689415,True,False,3,9.699999999999985
1534,1534,2645,2120.0,1032,1183889,0.1,0.0010708244486565047,5800.89247584343,True,False,3,19.700000000000014
1535,1537,2648,2420.0,770,1184235,0.1,0.001070663986584722,5802.357494831085,True,False,3,22.700000000000067
1536,1535,2646,1330.0,1107,1184320,0.1,0.0010676639270995026,5802.726478815079,True,False,3,11.799999999999972
1537,1536,2647,3990.0,1198,1185218,0.1,0.0010641672976478469,5806.219872713089,True,False,3,38.40000000000008
1538,1540,2651,440.0,656,1186944,0.1,0.0011055188625926726,5812.709668874741,True,False,3,2.900000000000002
1539,1538,2649,2590.0,771,1186973,0.1,0.0010966640434982244,5812.856091976166,True,False,3,24.40000000000009
1540,1539,2650,1510.0,797,1187423,0.1,0.0010908686597843234,5814.491993904114,True,False,3,13.599999999999994
1541,1541,2652,820.0,836,1188562,0.1,0.0010648137936034377,5818.651590824127,True,False,3,6.699999999999992
1542,1543,2654,1160.0,771,1190057,0.1,0.0009953221212966844,5824.3961317539215,True,False,3,10.099999999999994
1543,1542,2653,1260.0,981,1190868,0.1,0.0009951531537215127,5827.699201822281,True,False,3,11.099999999999987
1544,1544,2655,2570.0,872,1190911,0.1,0.0009956711321071094,5827.887481927872,True,False,3,24.200000000000088
1545,1545,2656,1680.0,760,1191602,0.1,0.0009956407117370921,5830.432032823563,True,False,3,15.29999999999998
1546,1546,2657,920.0,699,1192853,0.1,0.0009734123401964704,5835.008397817612,True,False,3,7.699999999999994
1547,1547,2658,910.0,600,1193268,0.1,0.0009511344079025245,5836.5444757938385,True,False,3,7.599999999999987
1548,1548,2659,1580.0,839,1194267,0.1,0.0009427170962583955,5840.205468893051,True,False,3,14.299999999999972
1549,1549,2660,980.0,784,1194738,0.1,0.0009431241543301884,5841.957521915436,True,False,3,8.29999999999999
1550,1551,2662,1700.0,815,1196528,0.1,0.0009586056298897688,5848.502264738083,True,False,3,15.499999999999996
1551,1553,2664,1820.0,644,1197314,0.1,0.0009912242386455761,5852.670386791229,True,False,3,16.699999999999996
1552,1552,2663,1240.0,871,1197751,0.1,0.0009766218640118994,5854.316207885742,True,False,3,10.899999999999988
1553,1550,2661,1670.0,1379,1198369,0.1,0.0009275603286994241,5856.751878976822,True,False,3,15.199999999999985
1554,1555,2666,720.0,628,1199826,0.1,0.0006725349205666204,5862.101269006729,True,False,3,5.699999999999999
1555,1554,2665,2940.0,857,1199956,0.1,0.0007576001276741078,5862.626306772232,True,False,3,27.900000000000027
1556,1556,2667,880.0,675,1200451,0.1,0.0006463025957216612,5864.408733844757,True,False,3,7.299999999999992
1557,1557,2668,560.0,561,1200613,0.1,0.000633432610044895,5865.039256811142,True,False,3,4.099999999999997
1558,1558,2669,2370.0,684,1202562,0.1,0.0006313701279496956,5872.126190900803,True,False,3,22.20000000000004
1559,1559,2670,1060.0,795,1203136,0.1,0.0006187203724805629,5874.2583928108215,True,False,3,9.099999999999978
1560,1560,2671,3130.0,849,1203847,0.1,0.0006053433321363313,5876.8770978450775,True,False,3,29.800000000000047
1561,1561,2672,1810.0,884,1204149,0.1,0.0006010314245200353,5878.0058157444,True,False,3,16.6
1562,1562,2673,1490.0,786,1205706,0.1,0.000582798681018694,5883.6424078941345,True,False,3,13.399999999999986
1563,1563,2674,1560.0,837,1206484,0.1,0.0005799884907171084,5886.471523761749,True,False,3,14.099999999999989
1564,1564,2675,2460.0,983,1207779,0.1,0.0005853314411802509,5891.26967382431,True,False,3,23.100000000000087
1565,1565,2676,2630.0,910,1207789,0.1,0.0005854446246802991,5891.3510410785675,True,False,3,24.80000000000001
1566,1567,2678,540.0,557,1208712,0.1,0.0006017038029041919,5894.677939891815,True,False,3,3.9000000000000004
1567,1566,2677,4080.0,797,1208894,0.1,0.0005931172495930768,5895.3807537555695,True,False,3,39.3000000000001
1568,1568,2679,1790.0,739,1210735,0.1,0.0005771198239620443,5901.967226743698,True,False,3,16.399999999999995
1569,1571,2682,570.0,512,1210942,0.1,0.000578829490393673,5902.761350870132,True,False,3,4.1999999999999975
1570,1569,2680,2640.0,805,1211009,0.1,0.0005856679640753739,5903.039771795273,True,False,3,24.90000000000002
1571,1570,2681,970.0,818,1211984,0.1,0.0005698656097908668,5906.574177742004,True,False,3,8.199999999999983
1572,1573,2684,800.0,604,1213358,0.1,0.0005587775158948945,5911.501089811325,True,False,3,6.499999999999996
1573,1574,2685,1610.0,708,1213841,0.1,0.0005508090016519418,5913.307435035706,True,False,3,14.599999999999984
1574,1572,2683,1080.0,832,1214063,0.1,0.0005618311644709068,5914.160824775696,True,False,3,9.299999999999986
1575,1575,2686,1270.0,611,1214428,0.1,0.0005590622262353209,5915.524985790253,True,False,3,11.199999999999983
1576,1576,2687,1830.0,765,1216418,0.1,0.0005728807311552255,5924.301332950592,True,False,3,16.8
1577,1577,2688,1910.0,935,1217581,0.1,0.0005718783439740285,5928.543489694595,True,False,3,17.60000000000001
1578,1578,2689,2350.0,936,1217807,0.1,0.0005723528867716425,5929.401859760284,True,False,3,22.000000000000018
1579,1579,2690,1320.0,912,1218076,0.1,0.0005659838609796695,5930.424453735352,True,False,3,11.699999999999973
1580,1581,2692,670.0,532,1219709,0.1,0.0005421546974455276,5936.409468889236,True,False,3,5.199999999999994
1581,1580,2691,3120.0,1050,1220618,0.1,0.0005540434880891726,5939.745624780655,True,False,3,29.700000000000095
1582,1582,2693,1480.0,724,1220703,0.1,0.0005526398803119178,5940.0986869335175,True,False,3,13.29999999999998
1583,1583,2694,1130.0,994,1222052,0.1,0.0005677555392017158,5944.973589897156,True,False,3,9.79999999999999
1584,1584,2695,2180.0,606,1222133,0.1,0.0005826517546737894,5945.308146953583,True,False,3,20.300000000000054
1585,1585,2696,2610.0,723,1223510,0.1,0.0006319234197140371,5950.282960891724,True,False,3,24.600000000000065
1586,1586,2697,4220.0,859,1224139,0.1,0.0006260036055689268,5952.787246704102,True,False,3,40.700000000000074
1587,1588,2699,980.0,650,1224733,0.1,0.0006406252326940795,5955.014312982559,True,False,3,8.299999999999988
1588,1587,2698,2830.0,892,1225620,0.1,0.0006262981523139086,5958.281676769257,True,False,3,26.80000000000009
1589,1591,2702,1230.0,579,1227049,0.1,0.0006017674701676393,5963.540033817291,True,False,3,10.799999999999986
1590,1589,2700,1930.0,892,1227078,0.1,0.0005947562781227945,5963.685760974884,True,False,3,17.80000000000002
1591,1590,2701,1160.0,742,1227107,0.1,0.000598858230738418,5963.826970815659,True,False,3,10.099999999999982
1592,1592,2703,1380.0,909,1229256,0.1,0.000630345970737503,5971.625617980957,True,False,3,12.299999999999986
1593,1595,2706,1210.0,717,1229975,0.1,0.0006308915922249378,5974.276257753372,True,False,3,10.599999999999987
1594,1594,2705,1000.0,772,1230166,0.1,0.0006304914510638183,5975.012878894806,True,False,3,8.499999999999991
1595,1593,2704,2840.0,1038,1231201,0.1,0.0006269801676365649,5978.75789475441,True,False,3,26.900000000000095
1596,1596,2707,1240.0,755,1232276,0.1,0.0005998142440714688,5982.6987199783325,True,False,3,10.899999999999974
1597,1598,2709,840.0,780,1233286,0.1,0.0006081715431112874,5986.5610818862915,True,False,3,6.899999999999992
1598,1597,2708,1250.0,857,1233403,0.1,0.0006030426191833971,5987.03188085556,True,False,3,10.999999999999977
1599,1599,2710,1270.0,782,1234329,0.1,0.0005948575396436717,5990.4021236896515,True,False,3,11.199999999999983
1600,1600,2711,1020.0,828,1235588,0.1,0.0006160897884937172,5995.017024040222,True,False,3,8.699999999999983
1601,1601,2712,910.0,609,1235722,0.1,0.0006169387217420299,5996.867807865143,True,False,3,7.599999999999994
1602,1603,2714,1630.0,698,1237121,0.1,0.000623559475961701,6002.034168720245,True,False,3,14.799999999999981
1603,1602,2713,3200.0,1037,1237551,0.1,0.0006254716127958323,6003.646521806717,True,False,3,30.500000000000014
1604,1604,2715,870.0,855,1239008,0.1,0.0006231542790124101,6009.014564752579,True,False,3,7.199999999999987
1605,1605,2716,3130.0,948,1239514,0.1,0.0006136193699331144,6010.884671926498,True,False,3,29.800000000000104
1606,1606,2717,860.0,769,1240197,0.1,0.0006231734050400416,6013.43604683876,True,False,3,7.099999999999996
1607,1607,2718,1150.0,909,1241187,0.1,0.0006144956072036928,6017.259517908096,True,False,3,9.999999999999984
1608,1608,2719,1660.0,771,1242092,0.1,0.0005982705425275079,6020.6764087677,True,False,3,15.09999999999998
1609,1610,2721,680.0,598,1242589,0.1,0.0005902041952608716,6022.536764860153,True,False,3,5.299999999999994
1610,1609,2720,920.0,895,1243094,0.1,0.0006035789887615293,6024.401855945587,True,False,3,7.699999999999983
1611,1613,2724,470.0,464,1244445,0.1,0.0005912972859544519,6029.385202884674,True,False,3,3.2000000000000024
1612,1611,2722,1670.0,914,1244843,0.1,0.0005832368927614594,6030.8529579639435,True,False,3,15.199999999999983
1613,1612,2723,1240.0,707,1244920,0.1,0.0005937710702967602,6031.186372756958,True,False,3,10.899999999999988
1614,1614,2725,2150.0,863,1246546,0.1,0.0006052423077847254,6037.0812838077545,True,False,3,20.000000000000014
1615,1616,2727,1740.0,774,1247939,0.1,0.0006449420682442777,6042.184525728226,True,False,3,15.899999999999984
1616,1617,2728,1490.0,779,1248036,0.1,0.0006395469811233597,6042.583726882935,True,False,3,13.399999999999979
1617,1615,2726,1490.0,922,1248133,0.1,0.000635030650427169,6042.971869945526,True,False,3,13.399999999999974
1618,1618,2729,1370.0,886,1250090,0.1,0.0006442721129978984,6050.099376916885,True,False,3,12.19999999999998
1619,1620,2731,1110.0,754,1251052,0.1,0.0006392129934831357,6053.781492948532,True,False,3,9.599999999999987
1620,1619,2730,2420.0,842,1251307,0.1,0.0006458709156292771,6054.746389865875,True,False,3,22.70000000000008
1621,1621,2732,2460.0,896,1251717,0.1,0.0006582459653827755,6056.271686792374,True,False,3,23.100000000000097
1622,1624,2735,380.0,472,1253195,0.1,0.0006917958642712249,6061.7060396671295,True,False,3,2.300000000000002
1623,1622,2733,2660.0,878,1253602,0.1,0.000681491628897685,6063.240572929382,True,False,3,25.10000000000009
1624,1625,2736,2480.0,748,1254709,0.1,0.000667528033223536,6067.301950931549,True,False,3,23.300000000000075
1625,1623,2734,2820.0,998,1255044,0.1,0.0006755865695464046,6068.576605796814,True,False,3,26.70000000000006
1626,1626,2737,2500.0,761,1256239,0.1,0.0006392785441046262,6074.288389921188,True,False,3,23.500000000000078
1627,1627,2738,1330.0,677,1256310,0.1,0.0006376587462242131,6074.5871758461,True,False,3,11.79999999999998
1628,1629,2740,2860.0,658,1257676,0.1,0.0006194680003965228,6079.612892866135,True,False,3,27.10000000000006
1629,1628,2739,1860.0,863,1258161,0.1,0.0006244247838604422,6081.435667991638,True,False,3,17.10000000000001
1630,1630,2741,600.0,704,1259055,0.1,0.0006121931826948474,6084.884608030319,True,False,3,4.499999999999997
1631,1631,2742,2030.0,901,1259914,0.1,0.0006229353077265462,6088.075288772583,True,False,3,18.800000000000022
1632,1632,2743,2790.0,800,1260876,0.1,0.0006207603253278648,6091.639876842499,True,False,3,26.400000000000063
1633,1633,2744,1260.0,737,1261109,0.1,0.000622224210865898,6092.521520853043,True,False,3,11.099999999999985
1634,1634,2745,990.0,658,1261687,0.1,0.000632626437912037,6094.617609977722,True,False,3,8.399999999999991
1635,1635,2746,1810.0,842,1263282,0.1,0.00063672198917206,6100.46123790741,True,False,3,16.6
1636,1636,2747,1700.0,814,1264132,0.1,0.0006648265691218796,6103.587060928345,True,False,3,15.499999999999979
1637,1638,2749,2130.0,641,1264251,0.1,0.0006699468689526987,6104.064333677292,True,False,3,19.800000000000054
1638,1637,2748,4400.0,875,1264609,0.1,0.0006591533558592866,6105.423053741455,True,False,3,42.50000000000011
1639,1642,2753,340.0,382,1266137,0.1,0.0006532826237971724,6111.027956008911,True,False,3,1.9000000000000017
1640,1639,2750,1390.0,791,1266446,0.1,0.0006620711916120129,6112.187067747116,True,False,3,12.399999999999983
1641,1640,2751,1700.0,767,1267200,0.1,0.0006470407365449137,6115.141488790512,True,False,3,15.499999999999979
1642,1641,2752,1110.0,955,1268071,0.1,0.0006398226695070628,6118.416532993317,True,False,3,9.599999999999984
1643,1644,2755,1000.0,853,1269858,0.1,0.0006111275586650345,6125.038605690002,True,False,3,8.499999999999984
1644,1645,2756,1060.0,699,1269996,0.1,0.0006003006393401663,6125.59747672081,True,False,3,9.09999999999998
1645,1646,2757,640.0,540,1270231,0.1,0.0005952320573366402,6126.486021757126,True,False,3,4.899999999999993
1646,1643,2754,2020.0,1046,1270321,0.1,0.0006111109668282564,6126.860699892044,True,False,3,18.700000000000017
1647,1648,2759,1270.0,780,1273116,0.1,0.0005700559170248035,6137.08553981781,True,False,3,11.199999999999978
1648,1647,2758,2660.0,894,1273434,0.1,0.0005661241117984908,6138.283189058304,True,False,3,25.100000000000094
1649,1649,2760,890.0,1050,1274431,0.1,0.0005579706034318189,6141.960193634033,True,False,3,7.399999999999986
1650,1650,2761,1890.0,1240,1275281,0.1,0.0005564967243586697,6145.079628705978,True,False,3,17.40000000000001
1651,1652,2763,570.0,550,1275634,0.1,0.0005442989234738475,6148.070166826248,True,False,3,4.1999999999999975
1652,1651,2762,1980.0,785,1276256,0.1,0.0005436154206340485,6150.367964982986,True,False,3,18.300000000000008
1653,1653,2764,1660.0,996,1278415,0.1,0.0005262686714106174,6158.278209686279,True,False,3,15.099999999999975
1654,1654,2765,980.0,812,1278529,0.1,0.0005176801842294996,6158.759522676468,True,False,3,8.299999999999983
1655,1655,2766,1400.0,827,1278942,0.1,0.0005056697716474749,6160.318946838379,True,False,3,12.499999999999977
1656,1656,2767,3060.0,984,1280192,0.1,0.0004938834049758819,6165.030817747116,True,False,3,29.10000000000008
1657,1658,2769,1860.0,831,1281853,0.1,0.0004883430457586971,6171.174786806107,True,False,3,17.099999999999994
1658,1659,2770,1560.0,904,1282558,0.1,0.0004910724710900902,6173.746909856796,True,False,3,14.09999999999998
1659,1657,2768,2460.0,1157,1283043,0.1,0.00048584018475306644,6175.596701860428,True,False,3,23.100000000000023
1660,1660,2771,840.0,725,1283092,0.1,0.0004937722104208158,6175.825598955154,True,False,3,6.8999999999999915
1661,1662,2773,1460.0,692,1285326,0.1,0.0005263278893982579,6184.300083875656,True,False,3,13.09999999999998
1662,1663,2774,3720.0,808,1286275,0.1,0.0005257887624334262,6187.812431812286,True,False,3,35.700000000000074
1663,1661,2772,2020.0,1119,1286329,0.1,0.0005138510741411303,6188.090742826462,True,False,3,18.700000000000017
1664,1664,2775,1650.0,883,1286624,0.1,0.0005197142732993748,6189.177446842194,True,False,3,14.999999999999975
1665,1665,2776,1160.0,813,1288578,0.1,0.0005032088438081607,6196.289041757584,True,False,3,10.099999999999978
1666,1667,2778,1890.0,813,1289581,0.1,0.0005065328943807182,6200.001937866211,True,False,3,17.4
1667,1666,2777,1780.0,847,1289663,0.1,0.0005069931001713612,6200.342137813568,True,False,3,16.3
1668,1668,2779,1480.0,808,1289856,0.1,0.0005119854077288483,6201.108076810837,True,False,3,13.299999999999981
1669,1670,2781,1050.0,747,1292569,0.1,0.0005247770550754607,6210.98544383049,True,False,3,8.999999999999998
1670,1671,2782,1960.0,759,1292699,0.1,0.0005262711222500728,6211.4925236701965,True,False,3,18.10000000000002
1671,1669,2780,1350.0,1032,1292706,0.1,0.0005246020793224876,6211.5628888607025,True,False,3,11.999999999999975
1672,1672,2783,1700.0,781,1292980,0.1,0.0005311768719958971,6212.749475717545,True,False,3,15.499999999999979
1673,1673,2784,3010.0,842,1295937,0.1,0.0007646803967790892,6224.175330877304,True,False,3,28.60000000000009
1674,1674,2785,2520.0,813,1295951,0.1,0.0007719176613405973,6224.262766838074,True,False,3,23.700000000000074
1675,1675,2786,1570.0,913,1296358,0.1,0.0007774702000424959,6225.885535955429,True,False,3,14.19999999999998
1676,1676,2787,1650.0,851,1296384,0.1,0.000790364493151974,6227.8213839530945,True,False,3,14.999999999999975
1677,1677,2788,2160.0,580,1298257,0.1,0.0006630856054157605,6235.124175786972,True,False,3,20.10000000000004
1678,1678,2789,2010.0,861,1299395,0.1,0.0006389879479950362,6239.486480951309,True,False,3,18.60000000000001
1679,1679,2790,1950.0,930,1300078,0.1,0.0006152988933712139,6242.23343372345,True,False,3,18.000000000000036
1680,1681,2792,2220.0,786,1301401,0.1,0.000574148277672936,6247.536182641983,True,False,3,20.700000000000035
1681,1680,2791,2340.0,1274,1301480,0.1,0.0005982486559968117,6247.915050029755,True,False,3,21.900000000000045
1682,1682,2793,1890.0,960,1303235,0.1,0.0005422180507366648,6254.686136722565,True,False,3,17.40000000000001
1683,1685,2796,1780.0,791,1304644,0.1,0.0004784777679301942,6260.1763508319855,True,False,3,16.299999999999997
1684,1683,2794,2720.0,1162,1304726,0.1,0.0004996364365639698,6260.5312259197235,True,False,3,25.700000000000088
1685,1684,2795,1290.0,839,1304757,0.1,0.00048201959516702686,6260.701138973236,True,False,3,11.399999999999977
1686,1686,2797,1250.0,708,1306067,0.1,0.0004424748512357868,6265.818091630936,True,False,3,10.999999999999982
1687,1689,2800,1160.0,751,1307761,0.1,0.0004633771565329834,6272.402516841888,True,False,3,10.099999999999984
1688,1688,2799,960.0,807,1307954,0.1,0.00046172945100143024,6273.213594913483,True,False,3,8.099999999999985
1689,1687,2798,1620.0,829,1307960,0.1,0.00046110522416667433,6273.333603858948,True,False,3,14.69999999999998
1690,1690,2801,2960.0,731,1308991,0.1,0.0004855168475775034,6277.411984920502,True,False,3,28.100000000000072
1691,1692,2803,2720.0,766,1311018,0.1,0.0005251509660636695,6285.372818946838,True,False,3,25.70000000000009
1692,1691,2802,3130.0,875,1311261,0.1,0.0005165822370742847,6286.373105764389,True,False,3,29.80000000000007
1693,1693,2804,4580.0,857,1311388,0.1,0.0005226476450472181,6286.907877922058,True,False,3,44.30000000000009
1694,1696,2807,250.0,306,1312485,0.1,0.000541807996579735,6291.1588480472565,True,False,3,1.0000000000000009
1695,1694,2805,1070.0,908,1312623,0.1,0.0005317236580931462,6291.723467826843,True,False,3,9.199999999999982
1696,1695,2806,1010.0,702,1313826,0.1,0.0005250770844063261,6296.44152879715,True,False,3,8.599999999999984
1697,1697,2808,1430.0,698,1314180,0.1,0.0005298439233870223,6297.913469791412,True,False,3,12.799999999999986
1698,1699,2810,2190.0,694,1315399,0.1,0.0005287359920104728,6302.613262891769,True,False,3,20.399999999999984
1699,1698,2809,1410.0,925,1316185,0.1,0.0005247220845430511,6305.961205005646,True,False,3,12.599999999999987
1700,1700,2811,670.0,600,1316226,0.1,0.0005247590011761835,6306.189076900482,True,False,3,5.199999999999992
1701,1701,2812,1570.0,790,1317340,0.1,0.0005018716864066811,6311.870496034622,True,False,3,14.199999999999978
1702,1703,2814,840.0,689,1318941,0.1,0.0004840709907155658,6318.143914937973,True,False,3,6.899999999999988
1703,1702,2813,1930.0,898,1318991,0.1,0.0004924372792984063,6318.370239973068,True,False,3,17.800000000000026
1704,1704,2815,2040.0,876,1319730,0.1,0.0005012248686946568,6321.287045955658,True,False,3,18.90000000000002
1705,1705,2816,970.0,780,1320460,0.1,0.0005238726130930725,6324.2313759326935,True,False,3,8.199999999999992
1706,1706,2817,1610.0,726,1321845,0.1,0.0005380783023954255,6329.6503937244415,True,False,3,14.599999999999984
1707,1707,2818,2310.0,830,1322311,0.1,0.0005298111610642652,6331.501177787781,True,False,3,21.600000000000055
1708,1708,2819,1720.0,716,1322594,0.1,0.000519501675072262,6332.674428939819,True,False,3,15.699999999999992
1709,1709,2820,1950.0,976,1324364,0.1,0.0005356037857560951,6339.807890892029,True,False,3,18.00000000000001
1710,1711,2822,2170.0,640,1324871,0.1,0.0005562597643802292,6341.7965388298035,True,False,3,20.20000000000006
1711,1710,2821,1800.0,905,1325465,0.1,0.0005497375578434304,6344.216370820999,True,False,3,16.499999999999993
1712,1712,2823,2580.0,768,1325666,0.1,0.000562756092070534,6345.03399682045,True,False,3,24.30000000000009
1713,1714,2825,1210.0,801,1328075,0.1,0.0005392366186193901,6354.3515548706055,True,False,3,10.599999999999977
1714,1713,2824,1430.0,985,1328304,0.1,0.0005421617629743999,6355.282922029495,True,False,3,12.79999999999998
1715,1715,2826,1960.0,868,1328937,0.1,0.0005374911253069354,6357.933099031448,True,False,3,18.1
1716,1716,2827,1340.0,921,1329350,0.1,0.0005353393888281229,6359.53236579895,True,False,3,11.899999999999979
1717,1718,2829,600.0,519,1330380,0.1,0.000552617982516661,6363.573092699051,True,False,3,4.499999999999995
1718,1717,2828,2430.0,732,1331003,0.1,0.0005599843749879539,6366.175065755844,True,False,3,22.80000000000006
1719,1719,2830,2420.0,724,1331833,0.1,0.0005630221417778653,6369.464139699936,True,False,3,22.70000000000001
1720,1721,2832,1760.0,851,1333784,0.1,0.0005549481222888928,6377.118057012558,True,False,3,16.099999999999987
1721,1720,2831,4750.0,1203,1334162,0.1,0.000556854320305275,6378.617290973663,True,False,3,46.00000000000009
1722,1722,2833,1790.0,839,1334359,0.1,0.0005464784003547487,6379.421056032181,True,False,3,16.400000000000002
1723,1723,2834,1070.0,756,1334857,0.1,0.0005376528578857514,6381.391822814941,True,False,3,9.199999999999987
1724,1726,2837,1630.0,737,1337307,0.1,0.0005626234739806865,6390.881793022156,True,False,3,14.799999999999981
1725,1724,2835,1160.0,892,1337352,0.1,0.0005618480170784349,6391.097543954849,True,False,3,10.099999999999985
1726,1725,2836,3280.0,911,1337806,0.1,0.0005676856074993612,6394.239895820618,True,False,3,31.30000000000008
1727,1727,2838,2710.0,898,1338449,0.1,0.0005710171653906232,6396.968989849091,True,False,3,25.6000000000001
1728,1728,2839,980.0,673,1339999,0.1,0.0005583080424969382,6403.0093739032745,True,False,3,8.299999999999985
1729,1730,2841,3900.0,772,1340894,0.1,0.0005463702099230695,6406.5176248550415,True,False,3,37.500000000000085
1730,1729,2840,1180.0,993,1341324,0.1,0.0005516941493087751,6408.231938838959,True,False,3,10.299999999999985
1731,1731,2842,1840.0,768,1341521,0.1,0.0005416966535847223,6409.068563938141,True,False,3,16.900000000000002
1732,1732,2843,1690.0,759,1343035,0.1,0.0005486990539961383,6415.0346047878265,True,False,3,15.39999999999998
1733,1733,2844,1320.0,695,1343674,0.1,0.0005771934999933587,6417.495612859726,True,False,3,11.699999999999985
1734,1735,2846,750.0,646,1344105,0.1,0.0006100285110068717,6419.247126817703,True,False,3,5.999999999999991
1735,1734,2845,1840.0,842,1344692,0.1,0.0006142207070353613,6421.593652009964,True,False,3,16.90000000000001
1736,1736,2847,1540.0,688,1345787,0.1,0.0006739176121067599,6425.863862752914,True,False,3,13.89999999999998
1737,1738,2849,850.0,547,1346293,0.1,0.0006746849258727406,6428.074699640274,True,False,3,6.9999999999999885
1738,1737,2848,1540.0,728,1346586,0.1,0.0006762103347992397,6429.27992606163,True,False,3,13.899999999999977
1739,1739,2850,970.0,668,1347364,0.1,0.0006676183431169672,6432.318002939224,True,False,3,8.199999999999992
1740,1740,2851,770.0,748,1348779,0.1,0.0006835566801457126,6437.934508800507,True,False,3,6.199999999999989
1741,1743,2854,2070.0,565,1349624,0.1,0.000702003925197564,6441.284373044968,True,False,3,19.200000000000053
1742,1741,2852,1860.0,930,1350013,0.1,0.0006944872491951702,6442.812669992447,True,False,3,17.10000000000001
1743,1742,2853,1400.0,950,1350386,0.1,0.0006932336117575974,6444.328761816025,True,False,3,12.499999999999991
1744,1744,2855,1950.0,787,1351927,0.1,0.0007143310703822528,6450.402252674103,True,False,3,18.00000000000001
1745,1745,2856,1480.0,674,1352320,0.1,0.0007254333029221674,6451.99275803566,True,False,3,13.299999999999978
1746,1746,2857,2100.0,925,1353713,0.1,0.000726161839651271,6457.3965430259705,True,False,3,19.500000000000018
1747,1747,2858,2460.0,936,1354130,0.1,0.00073150914092685,6459.19300198555,True,False,3,23.100000000000044
1748,1748,2859,3550.0,715,1354787,0.1,0.0007293025648768444,6461.812649965286,True,False,3,34.00000000000005
1749,1749,2860,2020.0,718,1355192,0.1,0.000719150600057941,6463.482978820801,True,False,3,18.70000000000004
1750,1750,2861,750.0,731,1356637,0.1,0.0007237876762165249,6469.061779975891,True,False,3,5.999999999999994
1751,1751,2862,1550.0,695,1356910,0.1,0.0007250366995459516,6483.272820949554,True,False,3,13.999999999999988
1752,1753,2864,690.0,560,1357432,0.1,0.0007450400847509237,6485.343411922455,True,False,3,5.3999999999999915
1753,1752,2863,1150.0,717,1357655,0.1,0.0007391484362172934,6486.2170996665955,True,False,3,9.99999999999999
1754,1755,2866,3040.0,850,1360310,0.1,0.000643761641900603,6496.509377002716,True,False,3,28.90000000000007
1755,1754,2865,1290.0,936,1360381,0.1,0.0006473531865416061,6496.91207075119,True,False,3,11.399999999999984
1756,1756,2867,1120.0,795,1360612,0.1,0.0006221727899139536,6497.917132854462,True,False,3,9.699999999999992
1757,1757,2868,1010.0,810,1360895,0.1,0.0006137058037522904,6499.015142917633,True,False,3,8.599999999999989
1758,1760,2871,2080.0,697,1363400,0.1,0.0005938810847700978,6508.778198719025,True,False,3,19.30000000000002
1759,1759,2870,1200.0,826,1363685,0.1,0.0005934425725619372,6509.9154098033905,True,False,3,10.499999999999982
1760,1761,2872,2160.0,845,1364275,0.1,0.0005910702730486302,6512.1894018650055,True,False,3,20.1
1761,1758,2869,4790.0,1075,1364610,0.1,0.0005969367093720668,6513.503712654114,True,False,3,46.40000000000012
1762,1762,2873,2730.0,798,1366592,0.1,0.000597658622785259,6521.232325792313,True,False,3,25.799999999999997
1763,1763,2874,2340.0,841,1367049,0.1,0.0006014179871553239,6523.121987819672,True,False,3,21.900000000000063
1764,1765,2876,1700.0,800,1367810,0.1,0.00061386668439809,6526.07156085968,True,False,3,15.499999999999982
1765,1764,2875,1080.0,901,1367879,0.1,0.0006117332162503225,6526.400324821472,True,False,3,9.29999999999999
1766,1767,2878,1460.0,652,1369657,0.1,0.0006562831355274892,6533.508255958557,True,False,3,13.099999999999985
1767,1766,2877,3880.0,879,1370108,0.1,0.0006469834239289124,6535.335218906403,True,False,3,37.300000000000075
1768,1768,2879,1560.0,726,1370714,0.1,0.0006355259066159624,6537.6438620090485,True,False,3,14.099999999999985
1769,1769,2880,1130.0,856,1371303,0.1,0.0006291051093489204,6540.010969877243,True,False,3,9.799999999999985
1770,1770,2881,1570.0,691,1372421,0.1,0.0006079039680756367,6544.377005815506,True,False,3,14.199999999999983
1771,1771,2882,1160.0,662,1372756,0.1,0.0006033392733679043,6545.768580913544,True,False,3,10.09999999999999
1772,1772,2883,820.0,628,1373226,0.1,0.0006040109556530169,6547.61487698555,True,False,3,6.699999999999996
1773,1773,2884,1750.0,884,1374839,0.1,0.000614147941250108,6553.891763925552,True,False,3,15.999999999999996
1774,1776,2887,1070.0,647,1375814,0.1,0.0006104724416274461,6557.774941921234,True,False,3,9.199999999999992
1775,1775,2886,910.0,783,1375888,0.1,0.0006053499683483068,6558.117508888245,True,False,3,7.599999999999985
1776,1774,2885,3010.0,1164,1377077,0.1,0.0005961574010693594,6564.317309856415,True,False,3,28.6000000000001
1777,1777,2888,2590.0,980,1378759,0.1,0.000584145752487084,6570.908973693848,True,False,3,24.400000000000084
1778,1780,2891,880.0,519,1379153,0.1,0.0005887923914731008,6572.4729018211365,True,False,3,7.2999999999999865
1779,1778,2889,1130.0,852,1379222,0.1,0.0005829060349716316,6572.766257762909,True,False,3,9.799999999999986
1780,1779,2890,3580.0,1034,1380024,0.1,0.0005787397132886639,6575.915713071823,True,False,3,34.300000000000104
1781,1783,2894,1150.0,490,1381182,0.1,0.0005855652070378562,6580.390305757523,True,False,3,9.99999999999999
1782,1781,2892,1550.0,702,1381567,0.1,0.0005804469091995178,6581.940856695175,True,False,3,13.999999999999977
1783,1782,2893,1670.0,774,1382249,0.1,0.0005774612952550471,6584.611088752747,True,False,3,15.199999999999978
1784,1785,2896,620.0,512,1383230,0.1,0.0005627954799365398,6588.420403957367,True,False,3,4.699999999999994
1785,1786,2897,620.0,624,1384063,0.1,0.0005528317573734034,6591.759178876877,True,False,3,4.6999999999999975
1786,1784,2895,2600.0,1063,1384276,0.1,0.0005671629528696837,6592.6186146736145,True,False,3,24.50000000000008
1787,1787,2898,680.0,535,1384389,0.1,0.0005519252461131018,6593.10489487648,True,False,3,5.299999999999994
1788,1788,2899,1250.0,854,1386646,0.1,0.0005319620789099862,6601.868677854538,True,False,3,10.999999999999975
1789,1791,2902,770.0,620,1386869,0.1,0.0005235891943870698,6602.75857591629,True,False,3,6.199999999999994
1790,1790,2901,2860.0,777,1387384,0.1,0.0005158215338373832,6604.767292976379,True,False,3,27.100000000000072
1791,1789,2900,1170.0,1045,1388243,0.1,0.0005076779143547229,6608.115821838379,True,False,3,10.199999999999978
1792,1792,2903,1120.0,679,1389362,0.1,0.00046379551610064836,6612.413806915283,True,False,3,9.699999999999989
1793,1793,2904,1740.0,893,1390441,0.1,0.00046277507392590247,6616.595216751099,True,False,3,15.900000000000006
1794,1794,2905,990.0,801,1390588,0.1,0.00045915233174165406,6617.178885936737,True,False,3,8.399999999999986
1795,1795,2906,890.0,683,1390975,0.1,0.0004594649293279789,6618.723222732544,True,False,3,7.399999999999995
1796,1796,2907,1510.0,736,1392306,0.1,0.00046840559296311847,6624.097549676895,True,False,3,13.599999999999987
1797,1797,2908,1260.0,569,1392717,0.1,0.0004759546637233111,6625.741482019424,True,False,3,11.099999999999987
1798,1798,2909,2230.0,791,1393752,0.1,0.0004801919060289317,6629.850759983063,True,False,3,20.800000000000068
1799,1799,2910,1340.0,768,1394047,0.1,0.0004840471027497036,6631.0558269023895,True,False,3,11.899999999999977
1800,1801,2912,700.0,628,1395229,0.1,0.00047855572164196605,6635.826073884964,True,False,3,5.499999999999991
1801,1800,2911,1090.0,788,1395458,0.1,0.00048043417852111327,6638.673060894012,True,False,3,9.399999999999979
1802,1803,2914,720.0,501,1396051,0.1,0.00046963403607612226,6641.165670871735,True,False,3,5.699999999999996
1803,1802,2913,830.0,865,1397212,0.1,0.0004933390518158507,6646.030488729477,True,False,3,6.799999999999995
1804,1805,2916,1200.0,699,1398254,0.1,0.0005347345924671595,6650.385746955872,True,False,3,10.499999999999986
1805,1804,2915,2150.0,786,1398373,0.1,0.0005317643765436691,6650.9961268901825,True,False,3,19.999999999999996
1806,1806,2917,610.0,759,1399087,0.1,0.0005703621135819219,6654.258049726486,True,False,3,4.599999999999999
1807,1809,2920,440.0,464,1400229,0.1,0.0005628999358656263,6659.096123933792,True,False,3,2.900000000000002
1808,1807,2918,1200.0,788,1400364,0.1,0.0005696494402395659,6659.74057674408,True,False,3,10.499999999999986
1809,1808,2919,3000.0,903,1401866,0.1,0.0005493284960714161,6665.997409820557,True,False,3,28.500000000000085
1810,1810,2921,1290.0,854,1402503,0.1,0.0005186091743770057,6668.542496681213,True,False,3,11.399999999999979
1811,1811,2922,1340.0,832,1403557,0.1,0.0005080936241396417,6672.717462778091,True,False,3,11.89999999999998
1812,1812,2923,1250.0,801,1403568,0.1,0.0005025260066809034,6672.8117089271545,True,False,3,10.999999999999984
1813,1813,2924,4160.0,792,1405034,0.1,0.0004803548805982861,6678.604556798935,True,False,3,40.10000000000008
1814,1814,2925,1650.0,852,1405911,0.1,0.00048476275674681215,6682.424780845642,True,False,3,14.999999999999975
1815,1815,2926,1930.0,834,1406893,0.1,0.00048546651094389477,6686.53618979454,True,False,3,17.799999999999983
1816,1816,2927,1760.0,937,1407316,0.1,0.0004885266367722504,6688.265932798386,True,False,3,16.099999999999987
1817,1818,2929,590.0,520,1407991,0.1,0.0004962229454926833,6690.968149900436,True,False,3,4.399999999999999
1818,1817,2928,1550.0,879,1408550,0.1,0.0004954798770480418,6693.146812915802,True,False,3,13.999999999999977
1819,1819,2930,2280.0,749,1409889,0.1,0.0005013087146227106,6698.034413814545,True,False,3,21.30000000000007
1820,1820,2931,2400.0,767,1410384,0.1,0.000504207813854583,6700.001367807388,True,False,3,22.50000000000009
1821,1821,2932,1280.0,673,1410683,0.1,0.000506589410769567,6701.211381912231,True,False,3,11.299999999999983
1822,1822,2933,1320.0,790,1411710,0.1,0.0005104245953877085,6705.354473829269,True,False,3,11.69999999999998
1823,1823,2934,880.0,798,1413081,0.1,0.0005086550627858291,6710.753356695175,True,False,3,7.299999999999987
1824,1824,2935,1200.0,730,1413304,0.1,0.0005038190754955756,6711.67728471756,True,False,3,10.499999999999984
1825,1825,2936,2090.0,739,1413639,0.1,0.000499937522189795,6712.979475975037,True,False,3,19.400000000000055
1826,1826,2937,1250.0,708,1414542,0.1,0.0004850984865687406,6717.917563915253,True,False,3,10.999999999999982
1827,1827,2938,1450.0,837,1416429,0.1,0.000475249505350981,6725.600918769836,True,False,3,12.999999999999977
1828,1829,2940,1320.0,862,1417087,0.1,0.00047813573186000833,6728.170630931854,True,False,3,11.699999999999994
1829,1828,2939,1620.0,1020,1417384,0.1,0.00048189243864851284,6729.403515815735,True,False,3,14.699999999999973
1830,1830,2941,5540.0,988,1418494,0.1,0.0005008454009961136,6733.720218896866,True,False,3,53.900000000000084
1831,1831,2942,1950.0,737,1419377,0.1,0.0005292639082529565,6737.198193788528,True,False,3,18.0
1832,1833,2944,1310.0,1029,1421500,0.1,0.0005318035029695211,6745.418388843536,True,False,3,11.599999999999982
1833,1832,2943,1510.0,1118,1421559,0.1,0.0005325454302837182,6745.687522888184,True,False,3,13.599999999999975
1834,1835,2946,1790.0,776,1422481,0.1,0.0005160583073636199,6749.431280851364,True,False,3,16.39999999999999
1835,1834,2945,2560.0,1144,1423070,0.1,0.0005151559646126682,6751.72100687027,True,False,3,24.10000000000003
1836,1836,2947,1360.0,696,1424284,0.1,0.0004919542186363632,6756.522993803024,True,False,3,12.09999999999998
1837,1837,2948,1310.0,932,1425287,0.1,0.0004921757794629089,6760.41970205307,True,False,3,11.59999999999998
1838,1839,2950,1170.0,775,1426170,0.1,0.0005063593908280675,6763.904658794403,True,False,3,10.199999999999985
1839,1841,2952,1350.0,705,1428107,0.1,0.0005332423560032356,6771.3811647892,True,False,3,11.999999999999984
1840,1838,2949,3390.0,1539,1428637,0.1,0.0005101705410493092,6773.464544057846,True,False,3,32.40000000000013
1841,1840,2951,2940.0,1165,1428944,0.1,0.0005163680320498713,6774.665899038315,True,False,3,27.900000000000077
1842,1842,2953,1840.0,849,1429566,0.1,0.0005214949027154961,6777.028918027878,True,False,3,16.900000000000002
1843,1844,2955,1470.0,692,1431405,0.1,0.0006180094992460997,6784.391094684601,True,False,3,13.19999999999998
1844,1843,2954,1150.0,846,1431491,0.1,0.0006004101767921083,6784.784651756287,True,False,3,9.999999999999988
1845,1845,2956,2940.0,758,1431976,0.1,0.0006352243379436035,6786.705867052078,True,False,3,27.90000000000008
1846,1846,2957,1690.0,872,1433054,0.1,0.0006575049794114295,6790.866404771805,True,False,3,15.399999999999979
1847,1848,2959,1650.0,711,1434335,0.1,0.0006242013566398014,6795.796157836914,True,False,3,14.99999999999998
1848,1849,2960,860.0,790,1435136,0.1,0.0005827362963758833,6798.947184801102,True,False,3,7.09999999999999
1849,1847,2958,2340.0,1044,1435581,0.1,0.0005787127942925808,6800.709261894226,True,False,3,21.900000000000084
1850,1850,2961,2370.0,901,1436658,0.1,0.0005156037737868006,6804.919261932373,True,False,3,22.20000000000008
1851,1852,2963,820.0,572,1437424,0.1,0.0004673271308035567,6809.090923070908,True,False,3,6.699999999999996
1852,1853,2964,560.0,542,1437749,0.1,0.0004592037808075521,6810.423258781433,True,False,3,4.099999999999996
1853,1851,2962,3310.0,1251,1439339,0.1,0.0004606941886760628,6816.795687913895,True,False,3,31.600000000000016
1854,1854,2965,1770.0,707,1439486,0.1,0.0004576757382841081,6817.398385763168,True,False,3,16.19999999999999
1855,1855,2966,2230.0,861,1440868,0.1,0.0005293219456857213,6822.7356288433075,True,False,3,20.800000000000043
1856,1856,2967,3780.0,804,1440965,0.1,0.0005449510104763837,6823.163813829422,True,False,3,36.300000000000075
1857,1858,2969,590.0,698,1442278,0.1,0.000680441168121217,6828.275975942612,True,False,3,4.399999999999997
1858,1857,2968,2160.0,826,1442643,0.1,0.0006750389845428998,6829.76688170433,True,False,3,20.100000000000016
1859,1860,2971,1690.0,792,1444133,0.1,0.0007104628479135849,6835.557480812073,True,False,3,15.399999999999979
1860,1859,2970,2650.0,852,1444276,0.1,0.0007218368476961233,6836.157918930054,True,False,3,25.000000000000085
1861,1861,2972,2390.0,705,1445098,0.1,0.0007428427095564598,6839.338662862778,True,False,3,22.40000000000009
1862,1862,2973,2650.0,805,1445863,0.1,0.000749788246578855,6842.498776674271,True,False,3,25.0000000000001
1863,1864,2975,2350.0,735,1447216,0.1,0.0008002546516114047,6847.79735994339,True,False,3,22.000000000000085
1864,1863,2974,1170.0,933,1447865,0.1,0.0008128808491663919,6850.318508863449,True,False,3,10.199999999999985
1865,1865,2976,1840.0,929,1448814,0.1,0.0007902586697336372,6854.073176860809,True,False,3,16.9
1866,1866,2977,2540.0,1029,1449979,0.1,0.0007697876310004266,6858.539808034897,True,False,3,23.900000000000034
1867,1867,2978,4150.0,898,1450808,0.1,0.0007486144586153565,6861.747522830963,True,False,3,40.00000000000009
1868,1868,2979,1750.0,764,1450921,0.1,0.0007316296259363374,6862.237529754639,True,False,3,15.99999999999999
1869,1870,2981,610.0,552,1452187,0.1,0.0007885026013710834,6867.083203792572,True,False,3,4.599999999999994
1870,1869,2980,2640.0,857,1452242,0.1,0.000754759047445507,6867.361302852631,True,False,3,24.90000000000007
1871,1872,2983,1050.0,746,1453905,0.1,0.0007353303109077349,6873.730054855347,True,False,3,8.99999999999998
1872,1873,2984,710.0,574,1454483,0.1,0.0006873361709144758,6876.14218878746,True,False,3,5.599999999999993
1873,1874,2985,730.0,681,1454966,0.1,0.0006863817416561258,6878.057347774506,True,False,3,5.7999999999999945
1874,1871,2982,3350.0,1315,1456068,0.1,0.0007258108980321155,6882.3189079761505,True,False,3,32.00000000000007
1875,1876,2987,770.0,532,1456611,0.1,0.000682330914347212,6884.391439914703,True,False,3,6.199999999999992
1876,1877,2988,950.0,646,1457550,0.1,0.0006107991519755317,6888.950851678848,True,False,3,7.999999999999984
1877,1875,2986,3250.0,943,1457677,0.1,0.0006237431001997121,6889.531086683273,True,False,3,31.000000000000036
1878,1879,2990,1490.0,749,1459607,0.1,0.00047034425628328017,6896.901450872421,True,False,3,13.399999999999984
1879,1878,2989,2530.0,960,1459908,0.1,0.000481372175818251,6898.107107877731,True,False,3,23.80000000000006
1880,1881,2992,1220.0,737,1460625,0.1,0.0004672805994473116,6900.877217769623,True,False,3,10.69999999999998
1881,1880,2991,1720.0,1008,1461582,0.1,0.0004617404134146382,6904.533878087997,True,False,3,15.699999999999989
1882,1882,2993,1240.0,711,1462451,0.1,0.0004560599498600246,6908.076739788055,True,False,3,10.89999999999998
1883,1884,2995,870.0,748,1463617,0.1,0.0004626945123903019,6912.717740774155,True,False,3,7.199999999999992
1884,1883,2994,1150.0,949,1463704,0.1,0.0004673078606667947,6913.093802928925,True,False,3,9.999999999999986
1885,1886,2997,2430.0,726,1465355,0.1,0.0004951264128761145,6919.442233800888,True,False,3,22.800000000000065
1886,1885,2996,4050.0,978,1465494,0.1,0.00048277135629512573,6920.034777879715,True,False,3,39.000000000000085
1887,1888,2999,2180.0,739,1466660,0.1,0.0004997716506973667,6924.514621973038,True,False,3,20.30000000000001
1888,1887,2998,2300.0,801,1466821,0.1,0.0004993802662358937,6925.163532733917,True,False,3,21.50000000000002
1889,1890,3001,1580.0,787,1468642,0.1,0.0005121315352164127,6932.141892910004,True,False,3,14.299999999999981
1890,1889,3000,2850.0,906,1468979,0.1,0.0005121610333894921,6933.507195949554,True,False,3,27.00000000000009
1891,1891,3002,780.0,643,1469232,0.1,0.0005227335972262801,6934.549440860748,True,False,3,6.2999999999999945
1892,1892,3003,2350.0,966,1470685,0.1,0.0005146094168202906,6940.314319849014,True,False,3,22.00000000000007
1893,1894,3005,1210.0,773,1472071,0.1,0.0005040122797733166,6945.697755813599,True,False,3,10.599999999999982
1894,1893,3004,1000.0,950,1472442,0.1,0.0005037523509542409,6947.171938657761,True,False,3,8.499999999999982
1895,1896,3007,1590.0,732,1473613,0.1,0.00048083379869105975,6951.715117692947,True,False,3,14.399999999999983
1896,1895,3006,1290.0,1104,1473648,0.1,0.00048613128490325073,6951.890934705734,True,False,3,11.399999999999984
1897,1897,3008,1330.0,780,1475191,0.1,0.0004486926575247288,6957.732897758484,True,False,3,11.799999999999983
1898,1898,3009,1150.0,703,1475254,0.1,0.00044446264164978345,6958.018187046051,True,False,3,9.999999999999982
1899,1899,3010,2260.0,739,1476569,0.1,0.00043898251571297756,6963.04492688179,True,False,3,21.10000000000002
1900,1900,3011,2060.0,919,1477324,0.1,0.0004432396452338232,6965.955070972443,True,False,3,19.1
1901,1901,3012,1920.0,805,1478411,0.1,0.0004558843686332151,6972.028914928436,True,False,3,17.70000000000001
1902,1902,3013,4050.0,860,1478694,0.1,0.00045576944335047045,6973.150132894516,True,False,3,39.00000000000009
1903,1903,3014,1130.0,770,1479649,0.1,0.00045532502844217594,6976.865998744965,True,False,3,9.799999999999981
1904,1904,3015,1480.0,700,1480124,0.1,0.0004545194856577187,6978.700632810593,True,False,3,13.299999999999978
1905,1905,3016,790.0,526,1480515,0.1,0.0004464492343368138,6980.282362937927,True,False,3,6.399999999999989
1906,1906,3017,1050.0,696,1481478,0.1,0.0004617299267209447,6983.987818002701,True,False,3,8.999999999999982
1907,1907,3018,1280.0,703,1482461,0.1,0.00046609633738903,6987.768026828766,True,False,3,11.299999999999986
1908,1908,3019,2120.0,723,1483016,0.1,0.0004649546000420407,6989.936637878418,True,False,3,19.700000000000017
1909,1910,3021,850.0,555,1483698,0.1,0.00044138012293973717,6992.578048944473,True,False,3,6.999999999999995
1910,1909,3020,830.0,796,1483699,0.1,0.00045461027703690225,6992.617241859436,True,False,3,6.799999999999988
1911,1911,3022,860.0,750,1485461,0.1,0.00042497834904740254,6999.656272888184,True,False,3,7.099999999999996
1912,1913,3024,1690.0,908,1487330,0.1,0.0004223126149117728,7006.882667064667,True,False,3,15.399999999999974
1913,1912,3023,2670.0,1135,1487556,0.1,0.00042469217898406184,7007.844728708267,True,False,3,25.200000000000095
1914,1914,3025,940.0,965,1487559,0.1,0.00042599014580639447,7007.891934871674,True,False,3,7.899999999999984
1915,1915,3026,2550.0,660,1488101,0.1,0.0004398351755133428,7010.045269012451,True,False,3,24.00000000000007
1916,1917,3028,1410.0,683,1490288,0.1,0.00043996273779268015,7018.450083732605,True,False,3,12.599999999999985
1917,1918,3029,1630.0,814,1490815,0.1,0.00043479976677360114,7020.5830998420715,True,False,3,14.799999999999981
1918,1916,3027,1380.0,922,1491018,0.1,0.0004388325549986611,7021.3963878154755,True,False,3,12.299999999999976
1919,1919,3030,2250.0,991,1492065,0.1,0.00043281466567921277,7025.45382976532,True,False,3,21.000000000000014
1920,1920,3031,1000.0,633,1492820,0.1,0.00043013846699595687,7028.418116807938,True,False,3,8.499999999999986
1921,1921,3032,1300.0,529,1492931,0.1,0.00043251560632056257,7028.893400669098,True,False,3,11.499999999999986
1922,1922,3033,1200.0,814,1494274,0.1,0.00042681830423324616,7034.235374689102,True,False,3,10.49999999999999
1923,1924,3035,1180.0,599,1495216,0.1,0.0004195948801280733,7037.9309668540955,True,False,3,10.299999999999988
1924,1923,3034,970.0,793,1495237,0.1,0.0004190527409093289,7038.0563588142395,True,False,3,8.199999999999989
1925,1925,3036,2610.0,738,1495883,0.1,0.00042349103404842203,7040.56850194931,True,False,3,24.600000000000087
1926,1926,3037,1360.0,651,1496878,0.1,0.00043043594193523576,7045.71767282486,True,False,3,12.099999999999984
1927,1928,3039,1150.0,634,1497773,0.1,0.00044937620035801244,7049.249482870102,True,False,3,9.999999999999988
1928,1929,3040,1090.0,781,1499007,0.1,0.0004490954393595332,7053.970179796219,True,False,3,9.39999999999998
1929,1931,3042,1000.0,489,1499729,0.1,0.0004215854330972534,7056.81535077095,True,False,3,8.499999999999993
1930,1927,3038,3650.0,1133,1499748,0.1,0.0004373753705898457,7056.933178901672,True,False,3,35.00000000000002
1931,1930,3041,910.0,738,1499830,0.1,0.0004397848389067449,7057.311024904251,True,False,3,7.599999999999987
1932,1933,3044,940.0,649,1502325,0.1,0.00044148416514320083,7067.02393078804,True,False,3,7.8999999999999915
1933,1932,3043,1840.0,848,1502399,0.1,0.0004301647358741595,7067.379520893097,True,False,3,16.900000000000013
1934,1934,3045,1760.0,825,1503048,0.1,0.000444168819663129,7070.123461723328,True,False,3,16.09999999999999
1935,1935,3046,5910.0,1180,1504550,0.1,0.00042997811876791843,7075.886321783066,True,False,3,57.600000000000115
1936,1937,3048,1360.0,734,1505335,0.1,0.0004227530897747407,7078.913477897644,True,False,3,12.099999999999984
1937,1936,3047,1900.0,908,1505957,0.1,0.000423034995053623,7081.3354868888855,True,False,3,17.50000000000001
1938,1938,3049,1860.0,817,1506316,0.1,0.0004138184681307066,7082.778401851654,True,False,3,17.099999999999994
1939,1940,3051,2170.0,828,1508647,0.1,0.00039750085504593977,7091.879294872284,True,False,3,20.200000000000035
1940,1939,3050,3350.0,1046,1508734,0.1,0.00040438864067102024,7092.254255771637,True,False,3,32.0000000000001
1941,1942,3053,1390.0,761,1509360,0.1,0.0003869913840884711,7094.742627859116,True,False,3,12.399999999999983
1942,1941,3052,2980.0,1138,1510509,0.1,0.0003894200333230331,7099.32220864296,True,False,3,28.30000000000009
1943,1944,3055,800.0,694,1511510,0.1,0.00038219868204732876,7103.285414934158,True,False,3,6.499999999999986
1944,1943,3054,1240.0,912,1512295,0.1,0.0003903242700289411,7106.36571598053,True,False,3,10.899999999999979
1945,1945,3056,960.0,787,1512508,0.1,0.00039121866919362996,7107.243613958359,True,False,3,8.09999999999999
1946,1946,3057,2380.0,696,1513293,0.1,0.00038606304661206893,7110.240725040436,True,False,3,22.3
1947,1947,3058,940.0,735,1514450,0.1,0.00037390616311387594,7114.651587724686,True,False,3,7.899999999999986
1948,1949,3060,3610.0,587,1514856,0.1,0.0003551941192611731,7116.258774757385,True,False,3,34.600000000000044
1949,1948,3059,1220.0,795,1515475,0.1,0.0003657040923981014,7118.643137693405,True,False,3,10.699999999999983
1950,1950,3061,840.0,567,1515561,0.1,0.0003654077490046374,7119.026772022247,True,False,3,6.899999999999987
1951,1951,3062,910.0,723,1517342,0.1,0.00037615766589097323,7127.560478925705,True,False,3,7.599999999999991
1952,1952,3063,1010.0,670,1517536,0.1,0.00038040805084165185,7128.359595775604,True,False,3,8.599999999999982
1953,1953,3064,1280.0,721,1518359,0.1,0.0003734547838811852,7131.7199029922485,True,False,3,11.299999999999995
1954,1954,3065,2200.0,795,1518741,0.1,0.0003693585680982936,7133.251736879349,True,False,3,20.500000000000007
1955,1955,3066,3690.0,703,1520154,0.1,0.00036461372728498285,7138.7994339466095,True,False,3,35.40000000000008
1956,1956,3067,1320.0,797,1520724,0.1,0.00036167152821705087,7141.0276029109955,True,False,3,11.699999999999982
1957,1957,3068,1580.0,716,1521223,0.1,0.0003573224615001129,7142.98434472084,True,False,3,14.299999999999992
1958,1958,3069,2350.0,824,1522037,0.1,0.0003549416852957152,7146.15920996666,True,False,3,22.00000000000002
1959,1959,3070,1930.0,769,1523230,0.1,0.0003395967387275011,7150.773918867111,True,False,3,17.800000000000004
1960,1960,3071,1520.0,765,1523784,0.1,0.000336081662728509,7152.940822839737,True,False,3,13.69999999999998
1961,1961,3072,1750.0,928,1524935,0.1,0.00033152263715457026,7157.446529626846,True,False,3,15.99999999999999
1962,1962,3073,2690.0,876,1525541,0.1,0.0003267293326577547,7160.009561777115,True,False,3,25.400000000000095
1963,1963,3074,840.0,655,1525850,0.1,0.000328961813492249,7161.26109290123,True,False,3,6.899999999999986
1964,1964,3075,2910.0,1029,1527900,0.1,0.0003329527027905779,7169.25309586525,True,False,3,27.600000000000097
1965,1965,3076,1300.0,875,1528435,0.1,0.00033858450225255054,7171.408856868744,True,False,3,11.499999999999984
1966,1966,3077,2870.0,740,1528501,0.1,0.0003417326357668719,7171.708548784256,True,False,3,27.19999999999999
1967,1967,3078,1300.0,946,1529634,0.1,0.0003497164484898458,7176.075194835663,True,False,3,11.49999999999998
1968,1968,3079,2620.0,816,1531164,0.1,0.00034571333180436197,7182.050441026688,True,False,3,24.700000000000088
1969,1971,3082,1110.0,470,1531514,0.1,0.0003365530171883639,7183.475439786911,True,False,3,9.599999999999993
1970,1969,3080,2580.0,847,1531823,0.1,0.0003502670094865504,7184.6672539711,True,False,3,24.300000000000086
1971,1970,3081,2290.0,882,1532029,0.1,0.00035416538267614965,7185.498731613159,True,False,3,21.400000000000006
1972,1972,3083,1430.0,765,1534224,0.1,0.0004100455195940514,7194.040850877762,True,False,3,12.799999999999981
1973,1974,3085,2490.0,721,1534707,0.1,0.0004160116345329558,7196.074209690094,True,False,3,23.400000000000077
1974,1973,3084,1660.0,893,1535086,0.1,0.00041382196558304894,7197.625813961029,True,False,3,15.09999999999998
1975,1975,3086,2000.0,813,1535281,0.1,0.0004162532835497165,7198.421118974686,True,False,3,18.50000000000001
